audio_id,chunk_id,method,tx_ms,rx_protection_ms,rx_synthesis_ms,rx_total_ms,tx_plus_rx_ms,valid_samples,snr_db_for_offline_metrics
0,0,uncoded,54.68018,0.032926,53.072139,53.105186,107.78536600000001,24000,4.0
0,0,conv-coded,71.737267,168.67522,50.895518,219.57092,291.308187,24000,4.0
0,0,proposed,131.506857,12.357309,53.969874,66.327844,197.834701,24000,4.0
0,1,uncoded,51.825799,0.03218,50.438905,50.471228,102.29702700000001,24000,4.0
0,1,conv-coded,52.821143,169.067453,53.059467,222.12711,274.94825299999997,24000,4.0
0,1,proposed,52.768861,37.907942,56.165411,94.074031,146.842892,24000,4.0
0,2,uncoded,56.474926,0.033128,54.691444,54.724706,111.19963200000001,24000,4.0
0,2,conv-coded,57.27599,172.090798,53.123731,225.214778,282.490768,24000,4.0
0,2,proposed,57.583894,16.731483,54.15604,70.887813,128.47170699999998,24000,4.0
0,3,uncoded,53.660931,0.033506,52.587312,52.620984,106.281915,24000,4.0
0,3,conv-coded,53.202785,170.503426,51.784385,222.287998,275.49078299999996,24000,4.0
0,3,proposed,55.14874,13.693781,51.076926,64.770911,119.91965099999999,24000,4.0
0,4,uncoded,51.732089,0.038151,49.55837,49.596685,101.32877400000001,24000,4.0
0,4,conv-coded,52.165982,167.33187,50.718718,218.050876,270.216858,24000,4.0
0,4,proposed,53.170606,15.462723,50.863685,66.327163,119.497769,24000,4.0
0,5,uncoded,50.998136,0.032735,50.864362,50.897231,101.895367,24000,4.0
0,5,conv-coded,51.594014,167.576768,51.294132,218.871123,270.465137,24000,4.0
0,5,proposed,51.876012,13.644515,49.934553,63.579411,115.455423,24000,4.0
0,6,uncoded,52.130789,0.031739,50.253443,50.285334,102.416123,24000,4.0
0,6,conv-coded,52.50955,167.703354,51.832996,219.536536,272.046086,24000,4.0
0,6,proposed,53.07765,14.940908,50.922772,65.863994,118.941644,24000,4.0
0,7,uncoded,50.173285,0.033278,49.868561,49.902001,100.075286,24000,4.0
0,7,conv-coded,51.097036,168.353468,51.324027,219.677679,270.774715,24000,4.0
0,7,proposed,50.962985,16.201832,51.408492,67.61077,118.573755,24000,4.0
0,8,uncoded,51.845167,0.031324,49.999238,50.030691,101.875858,24000,4.0
0,8,conv-coded,52.87174,168.67715,50.509696,219.187119,272.058859,24000,4.0
0,8,proposed,52.559375,13.199446,50.753293,63.953078,116.512453,24000,4.0
0,9,uncoded,51.512563,0.031898,49.845408,49.877475,101.390038,24000,4.0
0,9,conv-coded,53.915325,168.476889,51.648702,220.125785,274.04111,24000,4.0
0,9,proposed,52.869157,15.301258,51.571996,66.87345,119.742607,24000,4.0
0,10,uncoded,51.073714,0.034848,50.348761,50.383766,101.45748,24000,4.0
0,10,conv-coded,53.780527,169.605995,51.08939,220.695576,274.47610299999997,24000,4.0
0,10,proposed,52.605615,14.65803,50.46679,65.125188,117.730803,24000,4.0
0,11,uncoded,51.29426,0.032298,50.393475,50.425938,101.72019800000001,24000,4.0
0,11,conv-coded,52.897511,170.053409,55.571241,225.624892,278.522403,24000,4.0
0,11,proposed,51.330653,17.317606,51.578008,68.896001,120.226654,24000,4.0
0,12,uncoded,51.408044,0.03476,50.334534,50.369486,101.77753,19920,4.0
0,12,conv-coded,52.132464,170.190382,52.56193,222.752524,274.884988,19920,4.0
0,12,proposed,51.084788,14.133127,50.973049,65.106591,116.191379,19920,4.0
1,0,uncoded,55.049975,0.031923,48.817355,48.849455,103.89943,24000,4.0
1,0,conv-coded,54.645794,167.363852,50.429112,217.793154,272.438948,24000,4.0
1,0,proposed,53.158904,13.959876,49.946274,63.906614,117.065518,24000,4.0
1,1,uncoded,51.464225,0.03198,50.04735,50.079494,101.543719,24000,4.0
1,1,conv-coded,55.339968,167.87249,50.46728,218.340009,273.679977,24000,4.0
1,1,proposed,54.457527,15.536089,49.62808,65.164754,119.622281,24000,4.0
1,2,uncoded,53.339248,0.032866,49.952464,49.985496,103.324744,24000,4.0
1,2,conv-coded,53.536187,168.092656,50.495528,218.588396,272.124583,24000,4.0
1,2,proposed,51.938313,12.412153,49.979406,62.391921,114.330234,24000,4.0
1,3,uncoded,51.213223,0.032484,50.179447,50.212112,101.42533499999999,24000,4.0
1,3,conv-coded,51.998066,167.501466,52.517156,220.018827,272.016893,24000,4.0
1,3,proposed,51.942783,14.927806,51.615395,66.543601,118.48638399999999,24000,4.0
1,4,uncoded,52.35335,0.032179,48.643572,48.675922,101.02927199999999,24000,4.0
1,4,conv-coded,53.696869,168.752836,51.015781,219.768846,273.465715,24000,4.0
1,4,proposed,52.023179,14.271483,50.23527,64.507099,116.530278,24000,4.0
1,5,uncoded,51.706393,0.03316,49.714099,49.747437,101.45383,24000,4.0
1,5,conv-coded,52.905252,168.682757,50.373543,219.056513,271.961765,24000,4.0
1,5,proposed,52.875013,14.26858,50.120066,64.388997,117.26401000000001,24000,4.0
1,6,uncoded,52.131923,0.033852,49.145207,49.179248,101.311171,24000,4.0
1,6,conv-coded,54.646227,169.116774,50.997585,220.114599,274.760826,24000,4.0
1,6,proposed,53.722686,15.042292,50.326619,65.369219,119.091905,24000,4.0
1,7,uncoded,51.648919,0.032812,49.810215,49.843224,101.492143,24000,4.0
1,7,conv-coded,54.203467,168.172672,49.906573,218.079429,272.282896,24000,4.0
1,7,proposed,52.319522,14.08753,50.706323,64.794324,117.113846,24000,4.0
1,8,uncoded,51.277062,0.031847,49.879924,49.911941,101.189003,24000,4.0
1,8,conv-coded,52.168499,167.787638,52.674917,220.462811,272.63131,24000,4.0
1,8,proposed,51.706705,15.350367,52.064301,67.415049,119.121754,24000,4.0
1,9,uncoded,51.592688,0.031722,49.93556,49.967468,101.560156,24000,4.0
1,9,conv-coded,52.966764,167.596401,51.556967,219.153565,272.12032899999997,24000,4.0
1,9,proposed,52.210666,15.007419,50.835996,65.843681,118.054347,24000,4.0
1,10,uncoded,51.380861,0.032485,49.327807,49.360486,100.741347,24000,4.0
1,10,conv-coded,53.101679,168.506991,50.90184,219.409058,272.510737,24000,4.0
1,10,proposed,52.214268,16.02371,50.09059,66.115021,118.32928899999999,24000,4.0
1,11,uncoded,51.251748,0.032274,50.463265,50.49574,101.747488,24000,4.0
1,11,conv-coded,54.448169,167.501825,49.882649,217.384688,271.832857,24000,4.0
1,11,proposed,53.078441,14.689318,49.754863,64.444537,117.522978,24000,4.0
1,12,uncoded,49.268499,0.032044,49.97924,50.011459,99.279958,8400,4.0
1,12,conv-coded,52.238879,167.799778,50.549742,218.34972,270.588599,8400,4.0
1,12,proposed,49.332119,13.199748,50.591237,63.791406,113.123525,8400,4.0
2,0,uncoded,53.797578,0.034161,50.543868,50.578228,104.37580600000001,24000,4.0
2,0,conv-coded,52.876791,167.867033,52.749096,220.616453,273.493244,24000,4.0
2,0,proposed,53.455667,12.772434,51.631765,64.404969,117.860636,24000,4.0
2,1,uncoded,52.817006,0.036992,48.837985,48.875148,101.692154,24000,4.0
2,1,conv-coded,53.45152,167.291752,51.387863,218.679819,272.131339,24000,4.0
2,1,proposed,52.686698,14.753742,51.078571,65.833404,118.52010200000001,24000,4.0
2,2,uncoded,53.444828,0.033565,49.903114,49.936839,103.381667,24000,4.0
2,2,conv-coded,53.443506,169.340422,49.822516,219.163167,272.606673,24000,4.0
2,2,proposed,52.740108,12.135525,49.981996,62.117985,114.858093,24000,4.0
2,3,uncoded,51.926149,0.031838,49.255134,49.287118,101.213267,24000,4.0
2,3,conv-coded,54.520555,166.386588,50.045342,216.432154,270.952709,24000,4.0
2,3,proposed,53.647174,13.656311,50.000129,63.656678,117.303852,24000,4.0
2,4,uncoded,51.200849,0.033086,49.533811,49.567073,100.767922,24000,4.0
2,4,conv-coded,55.219,166.623896,50.171043,216.795139,272.014139,24000,4.0
2,4,proposed,52.39174,13.823987,50.339179,64.163518,116.555258,24000,4.0
2,5,uncoded,51.776986,0.033124,49.302528,49.335848,101.11283399999999,24000,4.0
2,5,conv-coded,52.984446,167.658559,52.728534,220.387293,273.371739,24000,4.0
2,5,proposed,52.102845,13.321054,51.300471,64.621961,116.724806,24000,4.0
2,6,uncoded,50.764351,0.031942,49.787106,49.819184,100.583535,24000,4.0
2,6,conv-coded,52.008841,168.223582,51.944608,220.168554,272.177395,24000,4.0
2,6,proposed,51.488237,14.315285,50.898629,65.21422,116.702457,24000,4.0
2,7,uncoded,51.708474,0.032457,49.384557,49.417217,101.125691,24000,4.0
2,7,conv-coded,53.28238,170.046968,49.580041,219.627273,272.909653,24000,4.0
2,7,proposed,52.457174,14.389077,49.589699,63.979112,116.436286,24000,4.0
2,8,uncoded,50.436797,0.032846,49.717673,49.750713,100.18751,24000,4.0
2,8,conv-coded,53.649172,167.731344,50.71243,218.443998,272.09317,24000,4.0
2,8,proposed,53.170141,13.41439,50.844066,64.258985,117.429126,24000,4.0
2,9,uncoded,50.834752,0.032628,49.791064,49.823851,100.658603,24000,4.0
2,9,conv-coded,54.538761,167.786958,50.546906,218.334081,272.872842,24000,4.0
2,9,proposed,54.532069,14.583097,50.018398,64.601907,119.13397599999999,24000,4.0
2,10,uncoded,51.337246,0.033005,49.88537,49.918534,101.25578,19920,4.0
2,10,conv-coded,51.722346,167.320376,52.646499,219.967074,271.68942,19920,4.0
2,10,proposed,51.979768,15.641874,51.240964,66.883149,118.86291700000001,19920,4.0
3,0,uncoded,54.510825,0.033366,49.504653,49.538209,104.049034,24000,4.0
3,0,conv-coded,54.110744,167.423407,51.075152,218.498776,272.60952,24000,4.0
3,0,proposed,53.674555,14.275786,49.871109,64.147341,117.821896,24000,4.0
3,1,uncoded,51.317338,0.034482,49.444964,49.479642,100.79697999999999,24000,4.0
3,1,conv-coded,52.828458,168.001574,51.11224,219.11403,271.942488,24000,4.0
3,1,proposed,53.291264,12.974117,49.831966,62.806748,116.098012,24000,4.0
3,2,uncoded,53.693486,0.036565,50.055476,50.092261,103.785747,24000,4.0
3,2,conv-coded,54.910814,166.265499,50.004643,216.27031,271.181124,24000,4.0
3,2,proposed,54.102357,13.723598,49.61351,63.337388,117.43974499999999,24000,4.0
3,3,uncoded,51.2357,0.033373,49.758176,49.791747,101.027447,24000,4.0
3,3,conv-coded,54.370226,168.87226,50.012566,218.885083,273.255309,24000,4.0
3,3,proposed,52.283571,15.353076,50.450787,65.804119,118.08769000000001,24000,4.0
3,4,uncoded,52.168413,0.031879,49.484947,49.517009,101.685422,24000,4.0
3,4,conv-coded,54.086347,167.214966,51.463423,218.678577,272.764924,24000,4.0
3,4,proposed,52.742456,13.769831,51.406404,65.176673,117.919129,24000,4.0
3,5,uncoded,51.156697,0.033575,48.713176,48.746971,99.90366800000001,24000,4.0
3,5,conv-coded,52.694539,171.063834,53.002352,224.066425,276.760964,24000,4.0
3,5,proposed,51.780287,16.083413,51.439038,67.522883,119.30317,24000,4.0
3,6,uncoded,52.469783,0.031819,51.514958,51.546967,104.01675,24000,4.0
3,6,conv-coded,54.184379,174.361278,52.091099,226.452642,280.637021,24000,4.0
3,6,proposed,52.879399,14.889391,51.241354,66.131195,119.010594,24000,4.0
3,7,uncoded,52.853936,0.032501,52.381674,52.414354,105.26829000000001,24000,4.0
3,7,conv-coded,55.109513,172.069655,52.274688,224.344526,279.454039,24000,4.0
3,7,proposed,55.301796,14.217482,52.45254,66.670502,121.972298,24000,4.0
3,8,uncoded,51.92169,0.032187,50.149769,50.182149,102.103839,24000,4.0
3,8,conv-coded,54.075481,168.697366,49.201698,217.899377,271.974858,24000,4.0
3,8,proposed,51.445994,14.270117,51.050759,65.321221,116.767215,24000,4.0
4,0,uncoded,54.002264,0.032637,49.934537,49.967368,103.96963199999999,24000,4.0
4,0,conv-coded,54.884779,169.806244,52.609637,222.416149,277.300928,24000,4.0
4,0,proposed,54.028674,14.299397,52.321788,66.621597,120.650271,24000,4.0
4,1,uncoded,53.775147,0.032004,52.717952,52.750089,106.525236,24000,4.0
4,1,conv-coded,54.743218,173.433513,53.101892,226.535714,281.278932,24000,4.0
4,1,proposed,54.121031,14.418677,52.541804,66.960816,121.081847,24000,4.0
4,2,uncoded,53.153311,0.032113,51.370082,51.402369,104.55568,24000,4.0
4,2,conv-coded,53.851579,169.602839,52.119951,221.723015,275.574594,24000,4.0
4,2,proposed,54.533038,13.913689,53.320886,67.235022,121.76805999999999,24000,4.0
4,3,uncoded,55.047725,0.031252,51.003946,51.035404,106.083129,24000,4.0
4,3,conv-coded,56.998937,166.863173,52.775357,219.638797,276.637734,24000,4.0
4,3,proposed,54.827652,14.441216,53.480643,67.92234,122.749992,24000,4.0
4,4,uncoded,55.353358,0.036304,52.455019,52.491469,107.84482700000001,24000,4.0
4,4,conv-coded,63.888556,174.892917,52.880607,227.773744,291.6623,24000,4.0
4,4,proposed,55.31044,14.642386,51.338724,65.981557,121.291997,24000,4.0
4,5,uncoded,53.379898,0.031928,51.652633,51.68475,105.064648,24000,4.0
4,5,conv-coded,56.143105,170.901075,50.570532,221.47189,277.614995,24000,4.0
4,5,proposed,54.486235,15.153821,51.352782,66.507106,120.99334099999999,24000,4.0
4,6,uncoded,52.296152,0.033474,50.4969,50.530568,102.82672,24000,4.0
4,6,conv-coded,54.798805,171.369455,51.002915,222.372572,277.171377,24000,4.0
4,6,proposed,52.959528,15.607374,50.11805,65.725718,118.685246,24000,4.0
4,7,uncoded,53.148635,0.032215,49.512433,49.544842,102.693477,24000,4.0
4,7,conv-coded,53.902005,169.111628,51.711589,220.823753,274.72575800000004,24000,4.0
4,7,proposed,53.781596,14.336415,50.460885,64.797666,118.579262,24000,4.0
4,8,uncoded,51.881154,0.033425,49.395444,49.429054,101.310208,24000,4.0
4,8,conv-coded,53.02395,166.452067,52.138208,218.590545,271.614495,24000,4.0
4,8,proposed,52.15256,15.856137,49.894084,65.750703,117.90326300000001,24000,4.0
4,9,uncoded,51.024748,0.032639,49.639525,49.672351,100.69709900000001,22080,4.0
4,9,conv-coded,52.028231,167.501594,50.27737,217.779193,269.80742399999997,22080,4.0
4,9,proposed,51.435681,13.732381,49.668563,63.401236,114.836917,22080,4.0
5,0,uncoded,53.788691,0.03288,50.628798,50.661855,104.450546,24000,4.0
5,0,conv-coded,57.389039,168.774841,52.431028,221.206188,278.595227,24000,4.0
5,0,proposed,56.425357,15.006681,52.111829,67.119019,123.544376,24000,4.0
5,1,uncoded,53.940692,0.032026,52.26764,52.299837,106.240529,24000,4.0
5,1,conv-coded,56.300272,171.247499,50.446973,221.694678,277.99495,24000,4.0
5,1,proposed,54.38009,14.525149,50.95462,65.480164,119.860254,24000,4.0
5,2,uncoded,53.797913,0.032605,50.898231,50.931006,104.72891899999999,24000,4.0
5,2,conv-coded,53.902928,171.334271,53.445033,224.779496,278.68242399999997,24000,4.0
5,2,proposed,53.594187,14.227081,54.162597,68.390452,121.98463899999999,24000,4.0
5,3,uncoded,56.099579,0.0345,52.370062,52.40472,108.504299,24000,4.0
5,3,conv-coded,54.700594,171.673027,54.775192,226.448429,281.149023,24000,4.0
5,3,proposed,54.103958,14.561161,52.843511,67.405025,121.508983,24000,4.0
5,4,uncoded,54.652155,0.031347,49.928061,49.959574,104.611729,24000,4.0
5,4,conv-coded,54.331267,171.995664,52.719059,224.714984,279.046251,24000,4.0
5,4,proposed,52.620128,14.852403,50.454866,65.307612,117.92774,24000,4.0
5,5,uncoded,52.66348,0.033299,49.607943,49.641411,102.304891,24000,4.0
5,5,conv-coded,56.573847,167.071406,49.571956,216.643555,273.217402,24000,4.0
5,5,proposed,55.466254,14.460101,50.608734,65.069049,120.535303,24000,4.0
5,6,uncoded,52.460676,0.033958,52.554083,52.58824,105.04891599999999,24000,4.0
5,6,conv-coded,52.765427,170.199921,52.207745,222.407896,275.173323,24000,4.0
5,6,proposed,50.184219,13.033986,50.823732,63.858393,114.04261199999999,24000,4.0
5,7,uncoded,53.650709,0.033574,51.948567,51.982288,105.63299699999999,24000,4.0
5,7,conv-coded,55.150477,170.461636,52.183329,222.645216,277.795693,24000,4.0
5,7,proposed,53.5618,13.63729,49.824583,63.46215,117.02395,24000,4.0
5,8,uncoded,54.486661,0.03485,53.711773,53.746796,108.233457,24000,4.0
5,8,conv-coded,55.645845,172.077708,51.725752,223.803657,279.449502,24000,4.0
5,8,proposed,54.943016,15.003517,51.615303,66.619193,121.562209,24000,4.0
5,9,uncoded,54.854966,0.036283,51.841643,51.87809,106.733056,24000,4.0
5,9,conv-coded,54.596552,167.179879,49.797031,216.977079,271.573631,24000,4.0
5,9,proposed,52.259035,14.271118,50.598787,64.870163,117.129198,24000,4.0
5,10,uncoded,56.165873,0.031152,51.726175,51.757481,107.92335399999999,24000,4.0
5,10,conv-coded,54.905096,172.191037,51.087235,223.278494,278.18359,24000,4.0
5,10,proposed,52.547987,15.926699,50.184431,66.111442,118.65942899999999,24000,4.0
5,11,uncoded,54.423332,0.033805,51.7177,51.751691,106.17502300000001,24000,4.0
5,11,conv-coded,53.875092,167.382752,50.697336,218.080236,271.955328,24000,4.0
5,11,proposed,53.222748,14.21669,50.903485,65.120519,118.343267,24000,4.0
5,12,uncoded,52.94439,0.033343,51.735598,51.769137,104.713527,22080,4.0
5,12,conv-coded,52.973485,171.270214,51.821184,223.091618,276.065103,22080,4.0
5,12,proposed,51.079647,17.002326,51.193359,68.196039,119.27568600000001,22080,4.0
6,0,uncoded,57.197083,0.032395,51.752725,51.785321,108.982404,24000,4.0
6,0,conv-coded,57.93324,169.965096,50.661114,220.626378,278.559618,24000,4.0
6,0,proposed,54.595616,14.614025,51.811319,66.425668,121.02128400000001,24000,4.0
6,1,uncoded,57.0237,0.031722,52.948955,52.980843,110.004543,24000,4.0
6,1,conv-coded,54.876771,171.364677,52.401932,223.766829,278.6436,24000,4.0
6,1,proposed,52.809522,13.813478,53.170753,66.98473,119.794252,24000,4.0
6,2,uncoded,57.912593,0.03251,53.881377,53.914087,111.82668000000001,24000,4.0
6,2,conv-coded,56.181155,170.485718,51.220541,221.706469,277.887624,24000,4.0
6,2,proposed,54.219023,13.959153,51.927873,65.887273,120.10629599999999,24000,4.0
6,3,uncoded,54.558671,0.033115,51.013344,51.046646,105.605317,24000,4.0
6,3,conv-coded,53.998985,169.905773,51.908848,221.814818,275.813803,24000,4.0
6,3,proposed,50.876905,14.623176,51.703478,66.327038,117.20394300000001,24000,4.0
6,4,uncoded,56.500192,0.031125,51.677278,51.708567,108.208759,24000,4.0
6,4,conv-coded,54.939818,169.755755,50.40129,220.157243,275.097061,24000,4.0
6,4,proposed,52.213053,14.04569,51.911276,65.957314,118.170367,24000,4.0
6,5,uncoded,54.725494,0.033324,52.466431,52.499944,107.225438,24000,4.0
6,5,conv-coded,55.086227,171.523201,50.82363,222.347035,277.433262,24000,4.0
6,5,proposed,53.444854,14.575608,50.465021,65.040854,118.48570799999999,24000,4.0
6,6,uncoded,55.478312,0.034132,51.111374,51.145699,106.624011,24000,4.0
6,6,conv-coded,55.75237,170.247792,50.806038,221.054021,276.806391,24000,4.0
6,6,proposed,52.550639,16.246527,49.802294,66.049291,118.59993,24000,4.0
6,7,uncoded,53.477168,0.033149,52.884716,52.918046,106.395214,24000,4.0
6,7,conv-coded,54.186572,169.845015,50.686061,220.531311,274.717883,24000,4.0
6,7,proposed,52.044318,14.823424,50.913413,65.737183,117.78150099999999,24000,4.0
6,8,uncoded,54.263472,0.032267,49.28053,49.312986,103.576458,24000,4.0
6,8,conv-coded,54.667883,169.411365,51.568702,220.980329,275.648212,24000,4.0
6,8,proposed,52.371796,12.409821,51.573155,63.983317,116.355113,24000,4.0
6,9,uncoded,51.403802,0.032266,50.950541,50.983004,102.386806,24000,4.0
6,9,conv-coded,53.254596,171.369105,50.942674,222.311955,275.566551,24000,4.0
6,9,proposed,51.795908,13.762919,50.763904,64.527183,116.32309099999999,24000,4.0
6,10,uncoded,53.645239,0.03223,51.159135,51.191541,104.83678,24000,4.0
6,10,conv-coded,54.194681,173.718543,51.290266,225.009105,279.20378600000004,24000,4.0
6,10,proposed,54.121859,16.182885,50.642584,66.825821,120.94768,24000,4.0
6,11,uncoded,53.544738,0.032188,50.300507,50.332892,103.87763000000001,24000,4.0
6,11,conv-coded,55.218556,167.90365,63.8169,231.720743,286.939299,24000,4.0
6,11,proposed,53.935413,15.208144,53.234406,68.442946,122.378359,24000,4.0
6,12,uncoded,55.692885,0.031987,50.67865,50.710805,106.40369,24000,4.0
6,12,conv-coded,55.114296,168.602885,51.016309,219.619439,274.733735,24000,4.0
6,12,proposed,53.316909,12.835928,50.514357,63.35058,116.667489,24000,4.0
6,13,uncoded,52.737543,0.038871,50.128032,50.167072,102.904615,24000,4.0
6,13,conv-coded,52.683852,168.409546,51.215124,219.624822,272.308674,24000,4.0
6,13,proposed,52.011997,15.513556,50.284151,65.798159,117.810156,24000,4.0
6,14,uncoded,50.944057,0.031343,49.365287,49.396801,100.340858,15360,4.0
6,14,conv-coded,51.950643,167.051073,49.872019,216.923288,268.873931,15360,4.0
6,14,proposed,51.013546,12.804351,50.14076,62.945504,113.95904999999999,15360,4.0
7,0,uncoded,53.133828,0.032465,50.156378,50.189024,103.32285200000001,24000,4.0
7,0,conv-coded,53.539349,166.763962,50.326783,217.090897,270.630246,24000,4.0
7,0,proposed,52.859036,14.661546,50.22414,64.886107,117.745143,24000,4.0
7,1,uncoded,52.222455,0.032321,50.259504,50.29199,102.514445,24000,4.0
7,1,conv-coded,53.469133,167.14927,49.593649,216.743081,270.212214,24000,4.0
7,1,proposed,52.67486,15.273822,50.429555,65.703779,118.37863899999999,24000,4.0
7,2,uncoded,53.694224,0.031943,50.164071,50.19619,103.89041399999999,24000,4.0
7,2,conv-coded,53.174013,167.8705,50.150992,218.021666,271.19567900000004,24000,4.0
7,2,proposed,52.617567,14.368468,50.20615,64.574998,117.192565,24000,4.0
7,3,uncoded,52.016352,0.03219,49.692018,49.724367,101.740719,24000,4.0
7,3,conv-coded,53.075954,166.676321,49.929363,216.605878,269.681832,24000,4.0
7,3,proposed,53.092794,12.612753,49.726541,62.339581,115.43237500000001,24000,4.0
7,4,uncoded,50.257262,0.032521,50.592094,50.624786,100.882048,24000,4.0
7,4,conv-coded,52.642936,166.850547,50.415787,217.266522,269.90945800000003,24000,4.0
7,4,proposed,51.133158,13.218955,50.466766,63.686533,114.819691,24000,4.0
7,5,uncoded,52.170704,0.031373,50.635052,50.666571,102.837275,24000,4.0
7,5,conv-coded,53.033157,167.356027,49.487596,216.843791,269.876948,24000,4.0
7,5,proposed,52.824917,14.645488,49.031183,63.676967,116.50188399999999,24000,4.0
7,6,uncoded,51.868443,0.033816,49.524477,49.558421,101.426864,24000,4.0
7,6,conv-coded,53.414762,167.691786,50.035664,217.727618,271.14238,24000,4.0
7,6,proposed,52.525426,15.889223,50.270377,66.15989,118.685316,24000,4.0
7,7,uncoded,52.491182,0.034889,53.34961,53.384661,105.875843,24000,4.0
7,7,conv-coded,53.473595,171.368029,51.773938,223.142152,276.615747,24000,4.0
7,7,proposed,55.56361,13.417467,53.367939,66.785732,122.349342,24000,4.0
7,8,uncoded,56.465456,0.031315,51.56514,51.596627,108.062083,24000,4.0
7,8,conv-coded,55.797213,170.493374,52.792256,223.285916,279.083129,24000,4.0
7,8,proposed,53.828949,16.813931,51.739318,68.553589,122.38253800000001,24000,4.0
7,9,uncoded,54.493093,0.034198,54.950545,54.984909,109.478002,9600,4.0
7,9,conv-coded,53.247966,171.239864,53.196049,224.436092,277.684058,9600,4.0
7,9,proposed,54.774222,14.960722,50.835813,65.797354,120.571576,9600,4.0
8,0,uncoded,55.193278,0.040205,52.517137,52.557521,107.750799,24000,4.0
8,0,conv-coded,55.339768,171.694396,52.861255,224.555948,279.895716,24000,4.0
8,0,proposed,58.941427,14.169904,53.940225,68.110598,127.05202499999999,24000,4.0
8,1,uncoded,56.399831,0.031045,51.81408,51.8453,108.245131,24000,4.0
8,1,conv-coded,59.089702,170.382341,50.708935,221.091477,280.181179,24000,4.0
8,1,proposed,55.776482,16.189211,51.700769,67.890573,123.667055,24000,4.0
8,2,uncoded,55.225146,0.031273,50.687517,50.718946,105.94409200000001,24000,4.0
8,2,conv-coded,57.509265,172.305779,53.665912,225.971981,283.481246,24000,4.0
8,2,proposed,54.161857,14.13763,54.28385,68.421753,122.58361,24000,4.0
8,3,uncoded,53.98605,0.032255,50.65859,50.691002,104.677052,24000,4.0
8,3,conv-coded,54.055692,173.662682,52.423888,226.086754,280.142446,24000,4.0
8,3,proposed,52.811744,15.338763,51.716658,67.05584,119.867584,24000,4.0
8,4,uncoded,61.175714,0.032173,51.639851,51.672196,112.84791,24000,4.0
8,4,conv-coded,58.919303,174.668187,54.111167,228.779774,287.699077,24000,4.0
8,4,proposed,55.100114,16.020427,52.973795,68.994514,124.094628,24000,4.0
8,5,uncoded,53.462192,0.032268,51.687612,51.720042,105.182234,24000,4.0
8,5,conv-coded,56.454318,169.354799,50.160539,219.515491,275.969809,24000,4.0
8,5,proposed,54.526554,15.155062,50.299669,65.455101,119.98165499999999,24000,4.0
8,6,uncoded,51.474393,0.032676,50.38928,50.422108,101.896501,24000,4.0
8,6,conv-coded,53.112543,168.646946,53.027156,221.674262,274.786805,24000,4.0
8,6,proposed,52.507741,14.996122,50.003888,65.000235,117.50797600000001,24000,4.0
8,7,uncoded,52.864298,0.032138,52.445332,52.477628,105.341926,24000,4.0
8,7,conv-coded,52.867444,171.186673,55.060792,226.247619,279.11506299999996,24000,4.0
8,7,proposed,51.979652,13.281683,54.058243,67.340288,119.31994,24000,4.0
8,8,uncoded,56.139112,0.040862,53.546424,53.587425,109.72653700000001,24000,4.0
8,8,conv-coded,55.515452,170.403535,52.97631,223.379984,278.895436,24000,4.0
8,8,proposed,53.762182,14.750097,52.414778,67.165348,120.92752999999999,24000,4.0
8,9,uncoded,59.144896,0.03675,54.892102,54.92903,114.073926,19440,4.0
8,9,conv-coded,54.637501,169.764181,52.833904,222.598358,277.235859,19440,4.0
8,9,proposed,54.829242,14.462361,51.132229,65.594865,120.42410699999999,19440,4.0
9,0,uncoded,57.520319,0.032061,53.594081,53.626302,111.14662100000001,24000,4.0
9,0,conv-coded,55.911557,172.830019,51.045751,223.875936,279.787493,24000,4.0
9,0,proposed,55.656188,12.982681,50.210864,63.193774,118.849962,24000,4.0
9,1,uncoded,55.513711,0.032526,52.407564,52.440239,107.95394999999999,24000,4.0
9,1,conv-coded,53.33108,169.253707,54.07508,223.328979,276.660059,24000,4.0
9,1,proposed,52.836559,14.239095,53.026459,67.265905,120.102464,24000,4.0
9,2,uncoded,56.745671,0.037218,53.429369,53.466722,110.21239299999999,24000,4.0
9,2,conv-coded,55.164112,168.33967,52.353736,220.693558,275.85767,24000,4.0
9,2,proposed,54.921767,16.911313,49.268343,66.179931,121.101698,24000,4.0
9,3,uncoded,53.679702,0.032159,51.096613,51.12897,104.808672,24000,4.0
9,3,conv-coded,52.461703,168.083259,51.053319,219.136789,271.59849199999996,24000,4.0
9,3,proposed,51.902148,15.009419,50.802068,65.811809,117.713957,24000,4.0
9,4,uncoded,54.260927,0.032404,51.548167,51.580732,105.84165899999999,24000,4.0
9,4,conv-coded,52.522883,168.693749,51.489323,220.183239,272.706122,24000,4.0
9,4,proposed,51.772236,14.621411,49.982349,64.604108,116.37634399999999,24000,4.0
9,5,uncoded,52.980489,0.031828,52.096881,52.12888,105.109369,24000,4.0
9,5,conv-coded,52.230983,168.586423,52.478457,221.0651,273.296083,24000,4.0
9,5,proposed,51.872226,14.922931,50.435003,65.35823,117.230456,24000,4.0
9,6,uncoded,53.977994,0.031856,50.905216,50.937233,104.915227,24000,4.0
9,6,conv-coded,52.881549,167.125809,50.37632,217.50233,270.383879,24000,4.0
9,6,proposed,51.595474,15.076507,49.235056,64.312012,115.907486,24000,4.0
9,7,uncoded,53.051507,0.032002,51.384995,51.417165,104.468672,24000,4.0
9,7,conv-coded,52.132049,166.703215,52.168814,218.872174,271.004223,24000,4.0
9,7,proposed,51.544371,16.642691,50.408683,67.051872,118.596243,24000,4.0
9,8,uncoded,52.346854,0.033787,51.246169,51.280124,103.62697800000001,24000,4.0
9,8,conv-coded,51.25004,168.479323,51.559702,220.039189,271.289229,24000,4.0
9,8,proposed,51.038092,14.733,49.07882,63.812227,114.850319,24000,4.0
9,9,uncoded,53.172446,0.032969,52.970473,53.003579,106.17602500000001,24000,4.0
9,9,conv-coded,53.267241,167.216149,51.265071,218.481374,271.748615,24000,4.0
9,9,proposed,52.084825,16.139662,61.297858,77.437886,129.52271100000002,24000,4.0
9,10,uncoded,53.057518,0.033822,52.773255,52.807268,105.86478600000001,24000,4.0
9,10,conv-coded,51.842343,168.847959,52.391685,221.239815,273.082158,24000,4.0
9,10,proposed,52.549418,16.265627,50.198398,66.464352,119.01377000000001,24000,4.0
9,11,uncoded,51.731284,0.031944,52.509912,52.542015,104.27329900000001,24000,4.0
9,11,conv-coded,50.999798,169.267899,51.072199,220.340379,271.34017700000004,24000,4.0
9,11,proposed,50.465002,13.353529,50.862552,64.216366,114.68136799999999,24000,4.0
9,12,uncoded,51.386924,0.03196,53.019377,53.051491,104.43841499999999,12720,4.0
9,12,conv-coded,50.866102,167.407691,51.209445,218.617282,269.483384,12720,4.0
9,12,proposed,51.301449,15.328197,50.834262,66.162832,117.464281,12720,4.0
10,0,uncoded,54.908358,0.033018,50.560936,50.594115,105.50247300000001,24000,4.0
10,0,conv-coded,53.571631,169.147716,49.877287,219.025241,272.59687199999996,24000,4.0
10,0,proposed,55.482962,15.215815,49.60816,64.82485,120.307812,24000,4.0
10,1,uncoded,51.425766,0.031818,50.387363,50.419347,101.845113,24000,4.0
10,1,conv-coded,52.122127,172.12937,50.514943,222.644504,274.766631,24000,4.0
10,1,proposed,52.617873,15.341685,50.419604,65.761668,118.379541,24000,4.0
10,2,uncoded,54.273947,0.032859,51.067323,51.100335,105.374282,24000,4.0
10,2,conv-coded,53.810068,169.344658,53.726676,223.071589,276.881657,24000,4.0
10,2,proposed,54.019372,16.012473,53.984054,69.99698,124.01635199999998,24000,4.0
10,3,uncoded,55.899044,0.032862,51.403726,51.436715,107.335759,24000,4.0
10,3,conv-coded,61.779014,171.433476,51.791177,223.224894,285.003908,24000,4.0
10,3,proposed,53.470051,14.064859,51.107894,65.173264,118.643315,24000,4.0
10,4,uncoded,53.718243,0.039454,53.856549,53.896167,107.61440999999999,24000,4.0
10,4,conv-coded,56.122946,172.262195,54.144541,226.407009,282.529955,24000,4.0
10,4,proposed,56.769039,14.78228,54.203685,68.986421,125.75546,24000,4.0
10,5,uncoded,54.136861,0.068544,52.10215,52.170845,106.307706,24000,4.0
10,5,conv-coded,56.037153,171.701959,57.642631,229.344856,285.382009,24000,4.0
10,5,proposed,54.074171,14.364584,52.176169,66.541109,120.61528000000001,24000,4.0
10,6,uncoded,54.273595,0.032412,103.339466,103.37199,157.64558499999998,24000,4.0
10,6,conv-coded,55.230797,199.920615,101.177622,301.098884,356.329681,24000,4.0
10,6,proposed,55.874841,88.079606,158.954669,247.036068,302.910909,24000,4.0
10,7,uncoded,52.806704,0.031445,138.759802,138.791367,191.598071,24000,4.0
10,7,conv-coded,53.981,200.671253,52.906136,253.577988,307.558988,24000,4.0
10,7,proposed,52.023818,17.227137,51.532984,68.760677,120.78449499999999,24000,4.0
10,8,uncoded,50.272804,0.031408,50.49429,50.525835,100.79863900000001,8400,4.0
10,8,conv-coded,51.509266,172.557195,52.516263,225.073733,276.582999,8400,4.0
10,8,proposed,51.094408,13.211447,52.015514,65.227481,116.321889,8400,4.0
11,0,uncoded,54.861472,0.032958,51.559661,51.592836,106.454308,24000,4.0
11,0,conv-coded,58.38945,174.607321,53.505256,228.112746,286.50219599999997,24000,4.0
11,0,proposed,57.629006,14.450932,52.766558,67.217915,124.84692100000001,24000,4.0
11,1,uncoded,55.854588,0.032612,51.508334,51.541103,107.395691,24000,4.0
11,1,conv-coded,59.156222,176.078103,53.098294,229.176562,288.332784,24000,4.0
11,1,proposed,55.773791,14.94723,55.933094,70.880649,126.65444000000001,24000,4.0
11,2,uncoded,55.410174,0.031705,52.663552,52.695403,108.105577,24000,4.0
11,2,conv-coded,55.296548,174.363431,55.02479,229.388384,284.684932,24000,4.0
11,2,proposed,55.066504,16.117151,54.188236,70.305873,125.372377,24000,4.0
11,3,uncoded,54.596034,0.030604,50.610374,50.641132,105.237166,24000,4.0
11,3,conv-coded,54.620767,169.776681,51.714561,221.49149,276.112257,24000,4.0
11,3,proposed,53.615315,14.384117,54.072403,68.457055,122.07237,24000,4.0
11,4,uncoded,53.180923,0.032304,51.49771,51.53014,104.711063,24000,4.0
11,4,conv-coded,52.630837,172.070611,57.397799,229.468566,282.099403,24000,4.0
11,4,proposed,54.099383,13.633135,52.872663,66.505991,120.605374,24000,4.0
11,5,uncoded,57.463558,0.033727,51.774799,51.808709,109.272267,24000,4.0
11,5,conv-coded,57.69288,174.914353,53.771859,228.686498,286.379378,24000,4.0
11,5,proposed,55.45095,16.450438,66.023881,82.475003,137.925953,24000,4.0
11,6,uncoded,90.825425,0.033002,52.077089,52.110219,142.935644,24000,4.0
11,6,conv-coded,54.199178,170.971143,54.22731,225.198655,279.397833,24000,4.0
11,6,proposed,53.681454,13.371716,49.514902,62.886985,116.56843900000001,24000,4.0
11,7,uncoded,52.009707,0.035225,50.896915,50.932282,102.941989,24000,4.0
11,7,conv-coded,52.757914,172.607648,51.41244,224.020775,276.778689,24000,4.0
11,7,proposed,54.560869,14.450624,51.132895,65.583763,120.144632,24000,4.0
11,8,uncoded,52.119459,0.032166,52.141487,52.17379,104.293249,24000,4.0
11,8,conv-coded,51.202428,170.683918,53.731275,224.415351,275.617779,24000,4.0
11,8,proposed,51.332978,12.740228,51.650395,64.390942,115.72391999999999,24000,4.0
11,9,uncoded,54.245357,0.032375,52.120211,52.152706,106.39806300000001,24000,4.0
11,9,conv-coded,54.42739,169.378266,51.505504,220.883919,275.311309,24000,4.0
11,9,proposed,54.534517,14.86345,51.776158,66.639974,121.17449099999999,24000,4.0
11,10,uncoded,51.6064,0.031879,50.41015,50.442171,102.04857100000001,24000,4.0
11,10,conv-coded,52.641694,169.549819,53.627886,223.177898,275.819592,24000,4.0
11,10,proposed,52.684263,13.781393,52.731105,66.512943,119.19720600000001,24000,4.0
11,11,uncoded,51.570131,0.032738,50.943018,50.975901,102.546032,1440,4.0
11,11,conv-coded,50.916927,169.609829,52.243442,221.853452,272.770379,1440,4.0
11,11,proposed,50.592759,13.545969,52.387804,65.934085,116.526844,1440,4.0
12,0,uncoded,56.669215,0.032101,50.681267,50.713529,107.382744,24000,4.0
12,0,conv-coded,54.406144,172.008523,53.438212,225.447129,279.853273,24000,4.0
12,0,proposed,55.121376,14.395878,51.034902,65.431194,120.55257,24000,4.0
12,1,uncoded,54.967477,0.033096,51.418286,51.4515,106.41897700000001,24000,4.0
12,1,conv-coded,54.969728,171.385859,53.980115,225.366129,280.33585700000003,24000,4.0
12,1,proposed,54.485279,16.343302,53.477705,69.82135,124.30662899999999,24000,4.0
12,2,uncoded,55.291579,0.031425,51.822251,51.853834,107.14541299999999,24000,4.0
12,2,conv-coded,54.540341,171.04289,52.588855,223.631895,278.172236,24000,4.0
12,2,proposed,53.376844,14.247975,53.32056,67.568768,120.94561200000001,24000,4.0
12,3,uncoded,52.528296,0.031855,51.364388,51.396401,103.924697,24000,4.0
12,3,conv-coded,52.670832,170.762313,53.89527,224.658231,277.329063,24000,4.0
12,3,proposed,53.311453,15.439196,50.842424,66.28232,119.593773,24000,4.0
12,4,uncoded,54.52684,0.033992,51.559147,51.593299,106.120139,24000,4.0
12,4,conv-coded,54.045561,170.704169,52.959972,223.664389,277.70995,24000,4.0
12,4,proposed,53.249462,13.575367,52.26498,65.84072,119.090182,24000,4.0
12,5,uncoded,54.254556,0.032735,54.543239,54.576117,108.830673,24000,4.0
12,5,conv-coded,54.465006,171.47684,53.143146,224.620262,279.085268,24000,4.0
12,5,proposed,56.116723,15.093127,52.457293,67.550872,123.667595,24000,4.0
12,6,uncoded,52.188737,0.031305,50.099202,50.130663,102.3194,24000,4.0
12,6,conv-coded,52.393683,171.365241,54.242567,225.608123,278.001806,24000,4.0
12,6,proposed,53.12415,15.279241,53.04747,68.327034,121.451184,24000,4.0
12,7,uncoded,54.233702,0.03237,52.500594,52.533097,106.76679899999999,24000,4.0
12,7,conv-coded,55.076597,173.006929,54.258978,227.266228,282.342825,24000,4.0
12,7,proposed,55.636986,13.596008,53.03911,66.635477,122.27246299999999,24000,4.0
12,8,uncoded,56.667367,0.033041,52.988524,53.021736,109.68910299999999,24000,4.0
12,8,conv-coded,55.366537,173.298267,53.949733,227.248162,282.61469900000003,24000,4.0
12,8,proposed,55.105477,14.744243,53.92635,68.670945,123.776422,24000,4.0
12,9,uncoded,53.857145,0.03226,52.547503,52.579891,106.437036,24000,4.0
12,9,conv-coded,56.135939,169.993332,52.102883,222.096482,278.232421,24000,4.0
12,9,proposed,54.038856,13.602968,51.749589,65.352811,119.39166700000001,24000,4.0
12,10,uncoded,58.756462,0.035745,51.654469,51.690367,110.44682900000001,18480,4.0
12,10,conv-coded,55.384987,170.836121,52.2631,223.099422,278.484409,18480,4.0
12,10,proposed,51.844429,14.713671,52.711607,67.425758,119.27018699999999,18480,4.0
13,0,uncoded,55.564461,0.032258,53.69292,53.725317,109.289778,24000,4.0
13,0,conv-coded,53.260843,173.499206,54.036622,227.535982,280.796825,24000,4.0
13,0,proposed,53.119639,16.566174,54.591159,71.15792,124.277559,24000,4.0
13,1,uncoded,54.505153,0.058771,52.42965,52.488564,106.993717,24000,4.0
13,1,conv-coded,54.892217,171.186432,53.415912,224.602495,279.494712,24000,4.0
13,1,proposed,54.637184,15.917315,53.350463,69.268205,123.90538899999999,24000,4.0
13,2,uncoded,55.549052,0.031177,52.888082,52.919444,108.468496,24000,4.0
13,2,conv-coded,55.708453,172.820215,53.818869,226.639266,282.347719,24000,4.0
13,2,proposed,54.845387,15.011731,52.366139,67.378138,122.22352500000001,24000,4.0
13,3,uncoded,52.266946,0.032128,56.736535,56.7688,109.03574599999999,24000,4.0
13,3,conv-coded,52.665758,178.050589,52.662866,230.713731,283.379489,24000,4.0
13,3,proposed,53.877998,14.426583,52.783808,67.210743,121.088741,24000,4.0
13,4,uncoded,54.439594,0.030879,52.394771,52.425795,106.865389,24000,4.0
13,4,conv-coded,54.267726,171.423362,52.374614,223.798195,278.065921,24000,4.0
13,4,proposed,53.995624,13.631183,49.51014,63.141606,117.13723,24000,4.0
13,5,uncoded,52.444784,0.034438,52.899942,52.934541,105.379325,24000,4.0
13,5,conv-coded,55.800566,173.088403,52.491631,225.580205,281.380771,24000,4.0
13,5,proposed,55.415395,15.483005,50.603396,66.086693,121.50208799999999,24000,4.0
13,6,uncoded,52.218311,0.031055,50.098855,50.130067,102.348378,24000,4.0
13,6,conv-coded,54.551967,170.726014,51.207184,221.933537,276.485504,24000,4.0
13,6,proposed,53.081511,13.584928,50.317518,63.902809,116.98432,24000,4.0
13,7,uncoded,51.887628,0.031808,50.044747,50.076731,101.964359,24000,4.0
13,7,conv-coded,52.535704,168.212137,52.524963,220.7373,273.273004,24000,4.0
13,7,proposed,52.175608,14.091252,50.150211,64.24172,116.417328,24000,4.0
13,8,uncoded,49.99926,0.033028,49.372117,49.405308,99.404568,9121,4.0
13,8,conv-coded,50.815627,170.058178,55.596773,225.655158,276.470785,9121,4.0
13,8,proposed,50.137722,14.063825,49.667279,63.731438,113.86916,9121,4.0
14,0,uncoded,52.888775,0.032685,50.884424,50.917261,103.806036,24000,4.0
14,0,conv-coded,55.064821,170.760072,52.717073,223.477303,278.542124,24000,4.0
14,0,proposed,55.615696,13.29215,50.874547,64.166898,119.782594,24000,4.0
14,1,uncoded,52.022353,0.032672,52.315889,52.348721,104.371074,24000,4.0
14,1,conv-coded,55.718408,172.706304,51.541148,224.247601,279.966009,24000,4.0
14,1,proposed,53.960155,14.241074,49.633126,63.874383,117.83453800000001,24000,4.0
14,2,uncoded,53.883619,0.031107,51.07314,51.104375,104.987994,24000,4.0
14,2,conv-coded,54.819388,170.46122,49.820437,220.281912,275.1013,24000,4.0
14,2,proposed,52.212877,14.523862,53.287605,67.812363,120.02524,24000,4.0
14,3,uncoded,55.549042,0.031757,51.912609,51.944493,107.49353500000001,24000,4.0
14,3,conv-coded,55.740353,173.579673,51.179597,224.759456,280.499809,24000,4.0
14,3,proposed,53.248698,14.268349,49.707354,63.976091,117.22478899999999,24000,4.0
14,4,uncoded,53.153154,0.033887,52.161201,52.195253,105.34840700000001,24000,4.0
14,4,conv-coded,54.104559,173.502798,52.868872,226.371955,280.476514,24000,4.0
14,4,proposed,51.712329,13.894672,52.142093,66.037102,117.749431,24000,4.0
14,5,uncoded,55.550146,0.05753,52.042015,52.099702,107.64984799999999,24000,4.0
14,5,conv-coded,55.305685,170.890025,51.795616,222.685802,277.991487,24000,4.0
14,5,proposed,54.012494,15.229027,50.263488,65.492807,119.505301,24000,4.0
14,6,uncoded,52.417517,0.032905,50.760629,50.793678,103.211195,24000,4.0
14,6,conv-coded,52.925168,169.145928,52.237086,221.38317,274.308338,24000,4.0
14,6,proposed,51.796998,15.073834,50.731644,65.806241,117.603239,24000,4.0
14,7,uncoded,50.815207,0.032655,50.221118,50.253906,101.069113,24000,4.0
14,7,conv-coded,51.296472,170.34267,50.205268,220.548073,271.844545,24000,4.0
14,7,proposed,51.624408,13.345127,49.378144,62.723495,114.347903,24000,4.0
14,8,uncoded,51.639724,0.032194,49.784671,49.816997,101.456721,24000,4.0
14,8,conv-coded,52.868085,166.393113,49.842617,216.235853,269.10393799999997,24000,4.0
14,8,proposed,52.957029,13.557713,49.826137,63.384095,116.34112400000001,24000,4.0
14,9,uncoded,51.553646,0.032872,50.198028,50.231026,101.784672,24000,4.0
14,9,conv-coded,52.259526,170.350081,50.542262,220.892524,273.15205000000003,24000,4.0
14,9,proposed,52.713741,12.239326,50.405588,62.645362,115.359103,24000,4.0
14,10,uncoded,52.575339,0.032408,50.805222,50.837772,103.413111,24000,4.0
14,10,conv-coded,53.127332,173.688178,51.959615,225.647966,278.775298,24000,4.0
14,10,proposed,53.287019,15.155016,50.017987,65.173201,118.46022,24000,4.0
14,11,uncoded,51.122885,0.034111,49.822333,49.856551,100.97943599999999,24000,4.0
14,11,conv-coded,51.638459,172.887582,73.408548,246.296538,297.934997,24000,4.0
14,11,proposed,52.039109,14.863939,52.167358,67.031726,119.07083500000002,24000,4.0
14,12,uncoded,54.722107,0.03671,57.720347,57.757187,112.47929400000001,24000,4.0
14,12,conv-coded,55.435205,171.129677,51.329206,222.45911,277.894315,24000,4.0
14,12,proposed,61.882024,15.111533,50.372255,65.484135,127.366159,24000,4.0
14,13,uncoded,52.541394,0.031812,49.305293,49.337227,101.878621,24000,4.0
14,13,conv-coded,52.163212,166.849564,50.059778,216.909454,269.072666,24000,4.0
14,13,proposed,51.769294,16.17817,49.543155,65.721526,117.49082,24000,4.0
14,14,uncoded,50.719923,0.032563,50.334324,50.367034,101.086957,18719,4.0
14,14,conv-coded,51.022277,166.424424,50.957783,217.382348,268.404625,18719,4.0
14,14,proposed,51.031357,14.772847,49.72173,64.49476,115.526117,18719,4.0
15,0,uncoded,53.528464,0.03268,49.933956,49.966784,103.495248,24000,4.0
15,0,conv-coded,52.602135,166.260429,51.117673,217.378224,269.98035899999996,24000,4.0
15,0,proposed,52.579178,13.631785,49.923849,63.556038,116.135216,24000,4.0
15,1,uncoded,51.051111,0.031515,49.658709,49.690352,100.741463,24000,4.0
15,1,conv-coded,51.709344,168.806877,53.004939,221.811994,273.521338,24000,4.0
15,1,proposed,52.027213,12.425141,51.592647,64.018166,116.045379,24000,4.0
15,2,uncoded,55.090413,0.032959,51.020592,51.053726,106.144139,24000,4.0
15,2,conv-coded,55.442242,170.748011,51.853123,222.60145,278.043692,24000,4.0
15,2,proposed,54.557957,14.779446,51.185154,65.964905,120.522862,24000,4.0
15,3,uncoded,52.844006,0.032482,51.553774,51.5864,104.430406,24000,4.0
15,3,conv-coded,58.544566,173.19595,51.019121,224.215253,282.759819,24000,4.0
15,3,proposed,54.86843,14.487711,50.745962,65.234186,120.10261599999998,24000,4.0
15,4,uncoded,52.211146,0.038591,50.226055,50.264828,102.47597400000001,24000,4.0
15,4,conv-coded,51.985961,169.264869,50.727294,219.992337,271.978298,24000,4.0
15,4,proposed,52.011216,16.519842,50.32382,66.8441,118.85531599999999,24000,4.0
15,5,uncoded,51.947361,0.033002,49.699402,49.732542,101.679903,24000,4.0
15,5,conv-coded,52.405189,168.885454,49.992907,218.878538,271.283727,24000,4.0
15,5,proposed,52.03831,14.982741,50.060585,65.04382,117.08213,24000,4.0
15,6,uncoded,52.374317,0.033074,50.240522,50.273756,102.648073,24000,4.0
15,6,conv-coded,52.962328,170.156736,51.042807,221.199725,274.162053,24000,4.0
15,6,proposed,53.771515,14.431495,50.037133,64.469105,118.24062,24000,4.0
15,7,uncoded,51.731621,0.032953,49.960942,49.994036,101.725657,24000,4.0
15,7,conv-coded,52.601644,170.917843,50.484568,221.402555,274.004199,24000,4.0
15,7,proposed,52.559866,13.395432,50.249111,63.644932,116.204798,24000,4.0
15,8,uncoded,52.492125,0.031723,49.27978,49.311619,101.803744,24000,4.0
15,8,conv-coded,52.813453,167.686665,49.782806,217.469623,270.283076,24000,4.0
15,8,proposed,52.160201,13.753945,49.131968,62.886255,115.046456,24000,4.0
15,9,uncoded,51.425586,0.031879,49.400769,49.432786,100.858372,24000,4.0
15,9,conv-coded,51.73523,167.839239,50.089532,217.928939,269.664169,24000,4.0
15,9,proposed,51.956383,15.061637,49.737959,64.799951,116.756334,24000,4.0
15,10,uncoded,51.558187,0.031425,48.698742,48.730285,100.288472,24000,4.0
15,10,conv-coded,52.194788,167.068292,49.775707,216.84418,269.038968,24000,4.0
15,10,proposed,51.817343,14.159026,50.109575,64.269045,116.086388,24000,4.0
15,11,uncoded,51.285079,0.031605,49.759528,49.791275,101.07635400000001,24000,4.0
15,11,conv-coded,51.936608,168.549178,50.32685,218.876265,270.81287299999997,24000,4.0
15,11,proposed,51.574005,14.466241,49.916954,64.383499,115.957504,24000,4.0
15,12,uncoded,51.568694,0.032649,53.010634,53.043425,104.612119,23760,4.0
15,12,conv-coded,51.636919,170.158318,53.190725,223.349189,274.986108,23760,4.0
15,12,proposed,52.123303,15.148733,50.667519,65.81674,117.940043,23760,4.0
16,0,uncoded,53.487624,0.032622,49.379287,49.412064,102.899688,24000,4.0
16,0,conv-coded,52.870988,166.87747,51.338635,218.21625,271.087238,24000,4.0
16,0,proposed,53.096425,14.360958,52.115295,66.47665,119.57307500000002,24000,4.0
16,1,uncoded,54.619725,0.032889,51.266524,51.299559,105.919284,24000,4.0
16,1,conv-coded,54.197039,169.432934,51.152266,220.585427,274.782466,24000,4.0
16,1,proposed,53.52388,13.340289,51.269073,64.609701,118.13358099999999,24000,4.0
16,2,uncoded,54.423428,0.03222,50.006259,50.038624,104.462052,24000,4.0
16,2,conv-coded,52.399544,170.817239,52.305641,223.123056,275.5226,24000,4.0
16,2,proposed,52.765494,15.288019,50.526989,65.815334,118.580828,24000,4.0
16,3,uncoded,51.945885,0.032654,50.147159,50.179958,102.125843,24000,4.0
16,3,conv-coded,51.923347,167.890268,49.341354,217.231801,269.155148,24000,4.0
16,3,proposed,51.917967,12.930425,49.819013,62.749879,114.667846,24000,4.0
16,4,uncoded,51.693214,0.033748,52.020171,52.054057,103.747271,24000,4.0
16,4,conv-coded,52.561432,172.198061,50.764554,222.962925,275.524357,24000,4.0
16,4,proposed,52.297719,14.177847,49.856573,64.034686,116.332405,24000,4.0
16,5,uncoded,52.314853,0.049761,75.630674,75.680574,127.99542699999999,24000,4.0
16,5,conv-coded,53.21196,173.803016,52.867894,226.671074,279.883034,24000,4.0
16,5,proposed,53.759502,16.159186,52.645556,68.805128,122.56463,24000,4.0
16,6,uncoded,55.523869,0.031901,50.970744,51.002766,106.526635,24000,4.0
16,6,conv-coded,54.934486,173.135639,51.01529,224.151267,279.085753,24000,4.0
16,6,proposed,55.306363,12.944109,51.011239,63.955837,119.2622,24000,4.0
16,7,uncoded,53.62785,0.035819,50.962521,50.998469,104.626319,24000,4.0
16,7,conv-coded,54.485423,167.649714,50.667747,218.317662,272.803085,24000,4.0
16,7,proposed,53.555736,13.464479,51.33151,64.796262,118.35199800000001,24000,4.0
16,8,uncoded,53.836889,0.032828,52.367214,52.400177,106.237066,24000,4.0
16,8,conv-coded,54.295719,171.973912,51.158625,223.132721,277.42844,24000,4.0
16,8,proposed,54.643868,15.100526,51.473468,66.574407,121.21827499999999,24000,4.0
16,9,uncoded,51.176569,0.031566,50.545444,50.57716,101.75372899999999,22800,4.0
16,9,conv-coded,52.899029,170.099204,50.628703,220.728204,273.627233,22800,4.0
16,9,proposed,53.289622,15.276266,49.517824,64.794461,118.08408299999999,22800,4.0
17,0,uncoded,53.822381,0.031667,51.844044,51.875853,105.698234,24000,4.0
17,0,conv-coded,53.043994,167.138483,50.184963,217.323645,270.367639,24000,4.0
17,0,proposed,52.154275,13.677228,50.544029,64.221682,116.375957,24000,4.0
17,1,uncoded,52.646144,0.033767,51.324871,51.358793,104.004937,24000,4.0
17,1,conv-coded,54.047114,170.182955,51.114607,221.297879,275.344993,24000,4.0
17,1,proposed,55.207557,13.842869,50.753525,64.596751,119.80430799999999,24000,4.0
17,2,uncoded,53.960472,0.033341,49.756674,49.790173,103.750645,24000,4.0
17,2,conv-coded,55.310373,169.725621,49.930022,219.655841,274.96621400000004,24000,4.0
17,2,proposed,53.139126,14.207087,50.282387,64.489758,117.628884,24000,4.0
17,3,uncoded,51.020054,0.032317,49.287562,49.320058,100.340112,24000,4.0
17,3,conv-coded,51.755743,167.885598,52.168474,220.05427,271.810013,24000,4.0
17,3,proposed,51.572279,14.724249,50.15056,64.875038,116.447317,24000,4.0
17,4,uncoded,50.484899,0.03163,48.82232,48.854099,99.338998,24000,4.0
17,4,conv-coded,52.739171,166.595053,51.288313,217.883551,270.622722,24000,4.0
17,4,proposed,51.319168,12.765299,50.098034,62.863598,114.182766,24000,4.0
17,5,uncoded,50.310582,0.031906,51.543431,51.575455,101.88603699999999,24000,4.0
17,5,conv-coded,51.064905,167.337561,50.735377,218.073247,269.138152,24000,4.0
17,5,proposed,50.631672,16.260357,49.58187,65.842373,116.47404499999999,24000,4.0
17,6,uncoded,52.174701,0.032124,51.756751,51.789034,103.963735,24000,4.0
17,6,conv-coded,52.467007,167.887844,51.031954,218.919986,271.386993,24000,4.0
17,6,proposed,50.907252,16.067753,49.462787,65.530733,116.437985,24000,4.0
17,7,uncoded,53.500193,0.032102,51.572325,51.604584,105.10477700000001,24000,4.0
17,7,conv-coded,52.113011,168.012996,50.98385,218.997118,271.11012900000003,24000,4.0
17,7,proposed,51.938587,15.234006,49.641615,64.875949,116.814536,24000,4.0
17,8,uncoded,52.369723,0.032033,51.251046,51.28322,103.652943,24000,4.0
17,8,conv-coded,51.805002,167.616897,51.615296,219.232399,271.037401,24000,4.0
17,8,proposed,51.303694,14.033352,49.722958,63.756544,115.060238,24000,4.0
17,9,uncoded,53.08925,0.032172,51.069458,51.1018,104.19104999999999,24000,4.0
17,9,conv-coded,52.570494,166.37034,51.245894,217.616401,270.186895,24000,4.0
17,9,proposed,51.790421,16.263004,49.514928,65.778291,117.568712,24000,4.0
17,10,uncoded,51.309575,0.031573,51.032375,51.064072,102.373647,10560,4.0
17,10,conv-coded,50.925653,168.032943,50.938179,218.971256,269.896909,10560,4.0
17,10,proposed,49.920961,14.889276,49.459051,64.348616,114.269577,10560,4.0
18,0,uncoded,55.539383,0.033321,51.270674,51.304188,106.843571,24000,4.0
18,0,conv-coded,53.777338,166.165525,50.403921,216.56962,270.346958,24000,4.0
18,0,proposed,53.378659,13.818158,49.43819,63.256602,116.635261,24000,4.0
18,1,uncoded,53.966544,0.034997,52.863723,52.898845,106.865389,24000,4.0
18,1,conv-coded,52.945361,170.202237,52.562016,222.764407,275.709768,24000,4.0
18,1,proposed,52.327403,14.664074,50.914023,65.578327,117.90573,24000,4.0
18,2,uncoded,55.193123,0.032164,52.228792,52.2611,107.454223,24000,4.0
18,2,conv-coded,52.118621,170.01786,50.762715,220.78076,272.899381,24000,4.0
18,2,proposed,51.987075,13.817112,49.729267,63.546713,115.53378799999999,24000,4.0
18,3,uncoded,52.880732,0.037476,51.426019,51.463618,104.34434999999999,24000,4.0
18,3,conv-coded,52.105519,168.278319,51.117271,219.395797,271.501316,24000,4.0
18,3,proposed,51.714662,14.946554,49.520198,64.466965,116.18162699999999,24000,4.0
18,4,uncoded,54.031764,0.032002,51.074554,51.106697,105.138461,24000,4.0
18,4,conv-coded,53.259408,168.361061,50.457926,218.819157,272.07856499999997,24000,4.0
18,4,proposed,52.220283,13.694466,50.690965,64.385702,116.605985,24000,4.0
18,5,uncoded,55.100605,0.031754,52.695426,52.727337,107.82794200000001,24000,4.0
18,5,conv-coded,55.322542,168.373444,51.737782,220.11139,275.433932,24000,4.0
18,5,proposed,55.500487,13.997847,49.48389,63.482222,118.982709,24000,4.0
18,6,uncoded,52.64146,0.037925,51.28437,51.322441,103.96390099999999,24000,4.0
18,6,conv-coded,52.016952,167.497935,51.140251,218.638342,270.655294,24000,4.0
18,6,proposed,51.247852,13.625252,49.795504,63.421064,114.668916,24000,4.0
18,7,uncoded,53.10951,0.031297,51.243599,51.275053,104.384563,24000,4.0
18,7,conv-coded,52.097493,168.312069,51.19876,219.511006,271.608499,24000,4.0
18,7,proposed,51.764865,13.966611,49.952144,63.919016,115.683881,24000,4.0
18,8,uncoded,52.882953,0.033373,52.389397,52.42293,105.305883,24000,4.0
18,8,conv-coded,52.292963,166.268011,51.022686,217.290853,269.583816,24000,4.0
18,8,proposed,51.646169,16.565726,50.184174,66.750211,118.39638,24000,4.0
18,9,uncoded,52.056387,0.031498,51.231195,51.262838,103.319225,24000,4.0
18,9,conv-coded,51.510673,166.681503,51.823786,218.505484,270.016157,24000,4.0
18,9,proposed,51.017489,13.702566,49.418365,63.121145,114.138634,24000,4.0
18,10,uncoded,52.678154,0.031547,51.607599,51.639307,104.31746100000001,24000,4.0
18,10,conv-coded,52.143178,167.241078,50.901294,218.142518,270.285696,24000,4.0
18,10,proposed,51.597652,14.512947,49.289773,63.803071,115.400723,24000,4.0
18,11,uncoded,52.553515,0.032657,51.139325,51.172106,103.72562099999999,24000,4.0
18,11,conv-coded,51.643741,167.058861,51.427923,218.486945,270.13068599999997,24000,4.0
18,11,proposed,51.258537,13.235292,49.117564,62.353126,113.611663,24000,4.0
18,12,uncoded,51.231826,0.031798,51.653676,51.685592,102.917418,13681,4.0
18,12,conv-coded,50.485798,167.165885,51.102173,218.268215,268.754013,13681,4.0
18,12,proposed,50.35799,14.012514,49.187789,63.200685,113.558675,13681,4.0
19,0,uncoded,54.973475,0.031654,51.646976,51.678794,106.652269,24000,4.0
19,0,conv-coded,54.169698,166.6609,50.450856,217.111916,271.281614,24000,4.0
19,0,proposed,52.613056,16.473608,49.496794,65.970816,118.583872,24000,4.0
19,1,uncoded,54.22938,0.032647,52.770501,52.803311,107.032691,24000,4.0
19,1,conv-coded,53.203067,169.960028,52.490066,222.450357,275.653424,24000,4.0
19,1,proposed,52.49697,16.319453,51.212333,67.532107,120.029077,24000,4.0
19,2,uncoded,55.266259,0.031115,52.916108,52.947352,108.213611,24000,4.0
19,2,conv-coded,53.607022,170.606267,51.109842,221.71626,275.323282,24000,4.0
19,2,proposed,51.939247,17.043687,49.479609,66.523498,118.46274500000001,24000,4.0
19,3,uncoded,53.668981,0.031633,50.684131,50.715906,104.38488699999999,24000,4.0
19,3,conv-coded,52.840041,166.479009,51.426031,217.905222,270.745263,24000,4.0
19,3,proposed,52.32581,14.287867,49.00245,63.291068,115.616878,24000,4.0
19,4,uncoded,53.504686,0.032487,51.132221,51.164868,104.669554,24000,4.0
19,4,conv-coded,52.469272,166.295272,50.632192,216.927641,269.396913,24000,4.0
19,4,proposed,52.053282,13.363677,49.648922,63.012911,115.066193,24000,4.0
19,5,uncoded,52.573955,0.031989,51.492608,51.524746,104.098701,24000,4.0
19,5,conv-coded,52.105477,166.526065,51.122482,217.648731,269.754208,24000,4.0
19,5,proposed,51.937809,16.242312,49.073719,65.316374,117.254183,24000,4.0
19,6,uncoded,52.461002,0.032806,52.30347,52.3364,104.797402,24000,4.0
19,6,conv-coded,51.609712,166.424841,50.443842,216.868836,268.478548,24000,4.0
19,6,proposed,52.246441,15.441283,49.460418,64.901968,117.14840899999999,24000,4.0
19,7,uncoded,52.544581,0.032297,51.924793,51.95724,104.501821,24000,4.0
19,7,conv-coded,51.483516,167.28351,50.88609,218.169794,269.65331,24000,4.0
19,7,proposed,50.680068,14.579097,48.831946,63.4116,114.091668,24000,4.0
19,8,uncoded,50.412717,0.032442,52.628677,52.661266,103.073983,4560,4.0
19,8,conv-coded,50.313533,167.685365,51.337805,219.023424,269.336957,4560,4.0
19,8,proposed,49.2964,13.381927,50.469278,63.851579,113.14797899999999,4560,4.0
20,0,uncoded,55.474826,0.031923,50.791611,50.823685,106.29851099999999,24000,4.0
20,0,conv-coded,53.973134,167.190574,50.886266,218.077045,272.050179,24000,4.0
20,0,proposed,53.188,12.973923,49.646619,62.620881,115.808881,24000,4.0
20,1,uncoded,53.562811,0.033379,52.53249,52.56602,106.128831,24000,4.0
20,1,conv-coded,53.287663,171.70104,51.589291,223.290531,276.578194,24000,4.0
20,1,proposed,52.795756,13.623066,51.727879,65.351314,118.14707,24000,4.0
20,2,uncoded,53.898287,0.0321,53.124078,53.156305,107.05459200000001,24000,4.0
20,2,conv-coded,53.266222,170.103803,51.152088,221.256183,274.522405,24000,4.0
20,2,proposed,52.410985,14.973007,49.8028,64.776039,117.187024,24000,4.0
20,3,uncoded,52.460535,0.032634,52.740666,52.773461,105.23399599999999,24000,4.0
20,3,conv-coded,53.845464,168.235162,51.056791,219.292129,273.137593,24000,4.0
20,3,proposed,51.849804,14.509695,49.454866,63.964863,115.814667,24000,4.0
20,4,uncoded,52.375788,0.030871,50.802762,50.833793,103.209581,24000,4.0
20,4,conv-coded,51.489245,166.060368,50.605873,216.666418,268.155663,24000,4.0
20,4,proposed,51.558995,13.435271,49.397335,62.832814,114.391809,24000,4.0
20,5,uncoded,52.378904,0.032916,52.976416,53.009515,105.388419,24000,4.0
20,5,conv-coded,51.747868,165.902229,50.967516,216.869942,268.61781,24000,4.0
20,5,proposed,52.885141,13.252295,49.619619,62.872142,115.757283,24000,4.0
20,6,uncoded,52.634736,0.031617,52.218784,52.250532,104.885268,24000,4.0
20,6,conv-coded,51.798535,168.544045,51.747773,220.291976,272.090511,24000,4.0
20,6,proposed,51.471271,14.113765,49.627992,63.742086,115.213357,24000,4.0
20,7,uncoded,52.799531,0.032642,52.572363,52.605153,105.404684,24000,4.0
20,7,conv-coded,52.181712,167.317876,51.21367,218.531818,270.71353,24000,4.0
20,7,proposed,51.957499,13.842492,49.316089,63.15887,115.11636899999999,24000,4.0
20,8,uncoded,52.13152,0.032606,51.451068,51.483807,103.61532700000001,24000,4.0
20,8,conv-coded,52.700307,167.152944,51.157514,218.310718,271.011025,24000,4.0
20,8,proposed,51.176998,14.572899,49.128294,63.701596,114.87859399999999,24000,4.0
20,9,uncoded,52.529213,0.031415,50.965271,50.996825,103.526038,24000,4.0
20,9,conv-coded,52.046677,166.302321,50.843039,217.145527,269.192204,24000,4.0
20,9,proposed,51.442248,13.627085,49.362432,62.989714,114.431962,24000,4.0
20,10,uncoded,51.69655,0.031674,51.603804,51.635591,103.33214100000001,22079,4.0
20,10,conv-coded,51.476849,168.128477,50.485102,218.613743,270.090592,22079,4.0
20,10,proposed,50.839344,13.13442,49.18407,62.318746,113.15808999999999,22079,4.0
21,0,uncoded,54.901578,0.031738,52.393528,52.425427,107.327005,24000,4.0
21,0,conv-coded,54.008723,168.079859,50.986183,219.066211,273.074934,24000,4.0
21,0,proposed,53.065225,12.3805,49.345691,61.72647,114.791695,24000,4.0
21,1,uncoded,53.742387,0.032974,53.026526,53.059618,106.80200500000001,24000,4.0
21,1,conv-coded,52.745736,170.973895,52.001314,222.97539,275.721126,24000,4.0
21,1,proposed,52.678219,13.993552,51.02961,65.023597,117.701816,24000,4.0
21,2,uncoded,53.46769,0.032967,54.751571,54.784669,108.252359,24000,4.0
21,2,conv-coded,52.886464,170.036247,51.139648,221.176085,274.062549,24000,4.0
21,2,proposed,52.607765,15.161025,49.518129,64.679378,117.287143,24000,4.0
21,3,uncoded,52.261146,0.031703,51.514891,51.546757,103.807903,24000,4.0
21,3,conv-coded,51.702978,167.530584,51.301874,218.832622,270.5356,24000,4.0
21,3,proposed,51.120412,13.119377,50.163172,63.282827,114.403239,24000,4.0
21,4,uncoded,52.456863,0.032052,52.910087,52.942291,105.399154,24000,4.0
21,4,conv-coded,51.47888,168.149815,51.824363,219.974382,271.453262,24000,4.0
21,4,proposed,51.094901,15.481541,49.896559,65.378353,116.473254,24000,4.0
21,5,uncoded,52.271709,0.034334,50.83214,50.866628,103.138337,24000,4.0
21,5,conv-coded,51.516321,166.672965,51.109121,217.782252,269.298573,24000,4.0
21,5,proposed,51.139927,14.412897,49.716039,64.129207,115.269134,24000,4.0
21,6,uncoded,53.102944,0.032699,51.523398,51.556249,104.659193,24000,4.0
21,6,conv-coded,52.488042,167.016879,50.889663,217.906792,270.394834,24000,4.0
21,6,proposed,51.857261,14.688173,49.220967,63.909474,115.76673500000001,24000,4.0
21,7,uncoded,52.258391,0.033095,51.407143,51.440391,103.698782,24000,4.0
21,7,conv-coded,51.376336,167.875399,51.538297,219.413868,270.790204,24000,4.0
21,7,proposed,51.706982,15.756114,49.544276,65.300983,117.00796500000001,24000,4.0
21,8,uncoded,52.902618,0.033063,51.766743,51.799948,104.70256599999999,24000,4.0
21,8,conv-coded,51.730693,166.666831,51.259725,217.926737,269.65743,24000,4.0
21,8,proposed,51.533241,17.168949,84.917792,102.087271,153.620512,24000,4.0
21,9,uncoded,81.819353,0.031469,53.766975,53.798587,135.61794,24000,4.0
21,9,conv-coded,55.556703,171.323345,51.82731,223.150923,278.707626,24000,4.0
21,9,proposed,51.253102,13.258343,49.388791,62.647382,113.900484,24000,4.0
21,10,uncoded,50.197546,0.031128,185.193594,185.224865,235.422411,1199,4.0
21,10,conv-coded,49.040015,227.480586,51.476296,278.957547,327.99756199999996,1199,4.0
21,10,proposed,48.732734,14.421358,50.759548,65.181067,113.913801,1199,4.0
22,0,uncoded,56.839494,0.03075,51.400585,51.431461,108.270955,24000,4.0
22,0,conv-coded,55.316039,167.68537,50.985058,218.670596,273.986635,24000,4.0
22,0,proposed,55.351213,13.561184,49.65778,63.219668,118.570881,24000,4.0
22,1,uncoded,54.59774,0.032028,53.053393,53.085587,107.68332699999999,24000,4.0
22,1,conv-coded,54.799788,169.490668,52.66152,222.152371,276.952159,24000,4.0
22,1,proposed,52.836264,13.930267,51.143861,65.074467,117.910731,24000,4.0
22,2,uncoded,56.426731,0.032757,53.180313,53.21321,109.639941,24000,4.0
22,2,conv-coded,53.570988,170.288498,50.805129,221.093786,274.66477399999997,24000,4.0
22,2,proposed,53.055592,14.519405,50.122028,64.641693,117.697285,24000,4.0
22,3,uncoded,54.016223,0.030657,51.135599,51.166387,105.18261,24000,4.0
22,3,conv-coded,54.81918,168.655016,51.03248,219.687653,274.50683300000003,24000,4.0
22,3,proposed,52.868816,16.410276,49.640356,66.050865,118.919681,24000,4.0
22,4,uncoded,54.717545,0.032746,51.641348,51.674253,106.391798,24000,4.0
22,4,conv-coded,53.453431,166.203944,50.841603,217.045763,270.499194,24000,4.0
22,4,proposed,52.358687,15.35139,49.272871,64.624525,116.98321200000001,24000,4.0
22,5,uncoded,52.285707,0.032589,52.654587,52.687305,104.97301200000001,24000,4.0
22,5,conv-coded,52.311727,167.292474,50.566261,217.858917,270.170644,24000,4.0
22,5,proposed,51.271153,14.712421,49.204652,63.917369,115.188522,24000,4.0
22,6,uncoded,52.208462,0.031601,51.790664,51.822412,104.030874,24000,4.0
22,6,conv-coded,51.359684,166.676288,51.394028,218.070448,269.430132,24000,4.0
22,6,proposed,51.355116,13.353485,49.408301,62.762028,114.117144,24000,4.0
22,7,uncoded,53.211509,0.031228,51.586321,51.617681,104.82919,24000,4.0
22,7,conv-coded,53.083851,166.217817,50.658206,216.876189,269.96004,24000,4.0
22,7,proposed,52.683264,13.365113,49.856938,63.222302,115.905566,24000,4.0
22,8,uncoded,52.600764,0.031497,51.527006,51.558645,104.159409,24000,4.0
22,8,conv-coded,52.347578,166.675354,51.780963,218.456506,270.804084,24000,4.0
22,8,proposed,51.321341,13.992834,49.489071,63.482267,114.803608,24000,4.0
22,9,uncoded,52.796924,0.036649,52.016481,52.05328,104.85020399999999,24000,4.0
22,9,conv-coded,52.198504,167.631006,51.071725,218.702899,270.901403,24000,4.0
22,9,proposed,53.549412,16.923704,49.654002,66.578062,120.127474,24000,4.0
22,10,uncoded,52.468729,0.031224,51.682894,51.714226,104.18295499999999,17520,4.0
22,10,conv-coded,51.298631,166.053979,51.794712,217.848943,269.14757399999996,17520,4.0
22,10,proposed,50.949593,15.487572,49.667624,65.155562,116.105155,17520,4.0
23,0,uncoded,55.827238,0.03164,51.160749,51.19253,107.019768,24000,4.0
23,0,conv-coded,55.277362,166.919399,50.825534,217.745083,273.022445,24000,4.0
23,0,proposed,53.751896,11.939932,49.048237,60.988547,114.740443,24000,4.0
23,1,uncoded,54.362653,0.033754,52.013739,52.04767,106.410323,24000,4.0
23,1,conv-coded,53.036742,171.112757,52.382759,223.495663,276.532405,24000,4.0
23,1,proposed,52.598912,15.606283,51.437923,67.04457,119.64348199999999,24000,4.0
23,2,uncoded,56.462859,0.036865,53.537652,53.574674,110.037533,24000,4.0
23,2,conv-coded,53.095197,169.445064,51.261793,220.707129,273.802326,24000,4.0
23,2,proposed,52.544522,15.748372,50.340813,66.089455,118.633977,24000,4.0
23,3,uncoded,53.312406,0.031845,52.629867,52.661838,105.974244,24000,4.0
23,3,conv-coded,52.466664,167.217432,52.419248,219.63685,272.103514,24000,4.0
23,3,proposed,52.483878,16.430517,50.24374,66.674542,119.15842,24000,4.0
23,4,uncoded,53.400836,0.031122,49.263323,49.294604,102.69543999999999,24000,4.0
23,4,conv-coded,54.343579,167.358419,49.507929,216.866498,271.210077,24000,4.0
23,4,proposed,52.143099,13.22856,49.338101,62.567156,114.71025499999999,24000,4.0
23,5,uncoded,51.850804,0.032019,50.215712,50.247869,102.09867299999999,24000,4.0
23,5,conv-coded,54.541002,166.190986,50.343262,216.534435,271.075437,24000,4.0
23,5,proposed,54.153016,13.537582,50.069611,63.607515,117.760531,24000,4.0
23,6,uncoded,51.241159,0.031265,49.463623,49.495039,100.736198,24000,4.0
23,6,conv-coded,54.042513,167.408693,50.07097,217.479827,271.52234,24000,4.0
23,6,proposed,51.942444,13.001375,49.322102,62.323753,114.266197,24000,4.0
23,7,uncoded,51.822832,0.033528,48.506086,48.539767,100.36259899999999,24000,4.0
23,7,conv-coded,52.690698,166.813227,52.303517,219.11691,271.80760799999996,24000,4.0
23,7,proposed,52.306817,14.143914,50.239886,64.384105,116.690922,24000,4.0
23,8,uncoded,50.948776,0.030753,49.6527,49.683591,100.632367,24000,4.0
23,8,conv-coded,52.190503,166.93201,51.455561,218.387732,270.578235,24000,4.0
23,8,proposed,51.747286,15.433034,49.878557,65.311951,117.059237,24000,4.0
23,9,uncoded,50.432065,0.031384,48.769302,48.800814,99.232879,24000,4.0
23,9,conv-coded,52.072778,167.649472,49.979428,217.629095,269.701873,24000,4.0
23,9,proposed,51.766612,14.531898,49.063298,63.596113,115.36272500000001,24000,4.0
23,10,uncoded,49.750623,0.040025,49.822696,49.862857,99.61348,13440,4.0
23,10,conv-coded,52.465548,169.939232,51.174811,221.114213,273.579761,13440,4.0
23,10,proposed,51.80261,13.451671,50.488853,63.940935,115.74354500000001,13440,4.0
24,0,uncoded,52.910612,0.031334,48.811004,48.842488,101.7531,24000,4.0
24,0,conv-coded,55.662337,166.622113,48.675182,215.297496,270.959833,24000,4.0
24,0,proposed,53.211168,15.384036,51.078563,66.463027,119.674195,24000,4.0
24,1,uncoded,53.345108,0.0317,50.317856,50.349686,103.694794,24000,4.0
24,1,conv-coded,53.969113,170.636452,54.441964,225.07857,279.047683,24000,4.0
24,1,proposed,54.567728,13.031438,51.211701,64.243529,118.811257,24000,4.0
24,2,uncoded,55.606947,0.032336,51.735407,51.767874,107.374821,24000,4.0
24,2,conv-coded,54.979115,170.160377,51.408328,221.568872,276.547987,24000,4.0
24,2,proposed,54.722749,14.574183,50.061804,64.636195,119.35894400000001,24000,4.0
24,3,uncoded,51.141039,0.035009,49.712277,49.747429,100.88846799999999,24000,4.0
24,3,conv-coded,52.405627,167.342428,49.792723,217.135361,269.54098799999997,24000,4.0
24,3,proposed,52.129157,15.719597,49.404049,65.123929,117.253086,24000,4.0
24,4,uncoded,51.933358,0.032106,50.802046,50.834274,102.76763199999999,24000,4.0
24,4,conv-coded,54.140554,168.224535,49.709829,217.934529,272.075083,24000,4.0
24,4,proposed,51.749138,13.978042,49.934302,63.91259,115.66172800000001,24000,4.0
24,5,uncoded,54.219658,0.034154,51.400999,51.435275,105.654933,24000,4.0
24,5,conv-coded,53.928584,173.215803,50.259692,223.475825,277.404409,24000,4.0
24,5,proposed,52.395276,14.68123,49.131993,63.813593,116.20886899999999,24000,4.0
24,6,uncoded,51.96892,0.032753,50.568539,50.601437,102.570357,24000,4.0
24,6,conv-coded,52.28321,166.760393,49.960073,216.720634,269.00384399999996,24000,4.0
24,6,proposed,50.101232,14.973172,49.585091,64.558568,114.65979999999999,24000,4.0
24,7,uncoded,53.549553,0.032164,50.976156,51.008477,104.55803,24000,4.0
24,7,conv-coded,54.186635,167.682653,49.466112,217.148916,271.335551,24000,4.0
24,7,proposed,52.219725,13.594311,49.603366,63.198321,115.418046,24000,4.0
24,8,uncoded,53.73606,0.031925,50.510577,50.542638,104.27869799999999,24000,4.0
24,8,conv-coded,53.979613,167.104671,49.074945,216.179805,270.15941799999996,24000,4.0
24,8,proposed,52.092584,14.378867,49.772399,64.151546,116.24413,24000,4.0
24,9,uncoded,53.098355,0.033186,49.355992,49.389361,102.487716,24000,4.0
24,9,conv-coded,52.005594,167.016551,50.97801,217.994739,270.000333,24000,4.0
24,9,proposed,51.170046,14.314182,50.0888,64.403268,115.573314,24000,4.0
24,10,uncoded,51.862701,0.031862,49.348989,49.381016,101.243717,24000,4.0
24,10,conv-coded,52.792116,166.356189,49.973375,216.3297,269.121816,24000,4.0
24,10,proposed,52.585492,14.044787,49.468151,63.513121,116.098613,24000,4.0
24,11,uncoded,50.240426,0.035523,48.966511,49.002175,99.24260100000001,24000,4.0
24,11,conv-coded,52.468796,167.487958,49.109737,216.597891,269.066687,24000,4.0
24,11,proposed,51.229987,13.822111,48.915859,62.738165,113.968152,24000,4.0
24,12,uncoded,48.82254,0.031511,49.528041,49.559683,98.382223,3600,4.0
24,12,conv-coded,49.399946,167.30027,52.355271,219.655704,269.05565,3600,4.0
24,12,proposed,49.175648,12.54632,51.088091,63.63461,112.810258,3600,4.0
25,0,uncoded,52.832574,0.031329,49.903731,49.935207,102.767781,24000,4.0
25,0,conv-coded,53.9238,167.430503,49.576337,217.00703,270.93083,24000,4.0
25,0,proposed,52.989505,12.552583,51.533997,64.086969,117.07647399999999,24000,4.0
25,1,uncoded,52.450752,0.030626,50.376181,50.406935,102.857687,24000,4.0
25,1,conv-coded,52.671629,169.883094,52.090835,221.974153,274.645782,24000,4.0
25,1,proposed,55.260409,14.979387,49.632741,64.612395,119.872804,24000,4.0
25,2,uncoded,54.513042,0.036785,49.748305,49.785248,104.29829000000001,24000,4.0
25,2,conv-coded,54.942468,171.224525,49.754798,220.979555,275.922023,24000,4.0
25,2,proposed,54.789633,15.105818,49.342509,64.448649,119.238282,24000,4.0
25,3,uncoded,50.845905,0.031857,48.654363,48.686387,99.53229200000001,24000,4.0
25,3,conv-coded,52.323563,166.782676,49.540569,216.323415,268.646978,24000,4.0
25,3,proposed,51.199708,14.846758,50.248718,65.095844,116.295552,24000,4.0
25,4,uncoded,54.524051,0.031552,48.968355,49.000041,103.524092,24000,4.0
25,4,conv-coded,54.157123,166.804593,49.830572,216.635345,270.792468,24000,4.0
25,4,proposed,52.772232,15.151244,49.412064,64.563664,117.335896,24000,4.0
25,5,uncoded,50.759937,0.034883,49.034442,49.069487,99.829424,24000,4.0
25,5,conv-coded,51.917689,167.411601,51.415499,218.827339,270.745028,24000,4.0
25,5,proposed,51.41955,13.344327,50.018654,63.363243,114.782793,24000,4.0
25,6,uncoded,51.726666,0.032165,50.323276,50.355584,102.08225,24000,4.0
25,6,conv-coded,52.880677,167.401627,49.944669,217.346421,270.227098,24000,4.0
25,6,proposed,52.928161,16.017953,49.076061,65.094205,118.022366,24000,4.0
25,7,uncoded,51.479847,0.032838,49.608148,49.641127,101.12097399999999,24000,4.0
25,7,conv-coded,54.840725,165.975401,49.346056,215.321609,270.162334,24000,4.0
25,7,proposed,53.60334,15.88252,49.266354,65.149174,118.752514,24000,4.0
25,8,uncoded,50.689942,0.032949,49.263816,49.296898,99.98684,24000,4.0
25,8,conv-coded,53.265737,167.397416,49.573066,216.970645,270.236382,24000,4.0
25,8,proposed,50.820685,14.958223,49.843598,64.802107,115.622792,24000,4.0
25,9,uncoded,52.582575,0.032284,48.954869,48.987278,101.569853,24000,4.0
25,9,conv-coded,53.321478,167.674288,51.90168,219.576127,272.897605,24000,4.0
25,9,proposed,53.235612,15.848408,49.983852,65.832533,119.068145,24000,4.0
25,10,uncoded,51.199289,0.032508,48.967455,49.00013,100.199419,24000,4.0
25,10,conv-coded,52.437782,167.198693,51.163266,218.36212,270.799902,24000,4.0
25,10,proposed,52.070298,15.205771,49.784279,64.990357,117.060655,24000,4.0
25,11,uncoded,51.435552,0.031977,49.468554,49.500641,100.936193,24000,4.0
25,11,conv-coded,52.577953,166.305975,49.762879,216.069016,268.646969,24000,4.0
25,11,proposed,52.323524,14.009659,48.811809,62.821671,115.145195,24000,4.0
25,12,uncoded,51.467112,0.032717,49.067155,49.100019,100.567131,24000,4.0
25,12,conv-coded,54.320978,166.83487,49.996721,216.831759,271.152737,24000,4.0
25,12,proposed,53.198378,16.186926,49.786789,65.97399,119.172368,24000,4.0
25,13,uncoded,49.650079,0.032999,49.244332,49.277481,98.92756,4320,4.0
25,13,conv-coded,51.374881,167.25864,50.371825,217.630624,269.005505,4320,4.0
25,13,proposed,49.182098,13.825976,49.697289,63.523702,112.70580000000001,4320,4.0
26,0,uncoded,54.910576,0.031521,49.781019,49.812676,104.723252,24000,4.0
26,0,conv-coded,54.796272,167.045239,52.172292,219.217692,274.013964,24000,4.0
26,0,proposed,53.302234,14.047046,50.611822,64.659197,117.961431,24000,4.0
26,1,uncoded,54.232547,0.030943,50.117522,50.148617,104.381164,24000,4.0
26,1,conv-coded,54.820801,169.551697,53.279603,222.831463,277.652264,24000,4.0
26,1,proposed,54.26635,16.090486,50.702888,66.793666,121.060016,24000,4.0
26,2,uncoded,54.234106,0.032423,50.230441,50.263018,104.497124,24000,4.0
26,2,conv-coded,53.357435,169.805942,49.798033,219.604134,272.961569,24000,4.0
26,2,proposed,52.535188,13.54628,48.731422,62.277939,114.81312700000001,24000,4.0
26,3,uncoded,51.569128,0.032212,49.673846,49.706212,101.27534,24000,4.0
26,3,conv-coded,55.267431,167.150375,49.562602,216.713159,271.98059,24000,4.0
26,3,proposed,53.875505,14.418333,50.802607,65.221294,119.096799,24000,4.0
26,4,uncoded,53.231559,0.039987,49.175303,49.215434,102.44699299999999,24000,4.0
26,4,conv-coded,54.397774,167.660002,50.404727,218.064932,272.462706,24000,4.0
26,4,proposed,52.530521,14.255125,49.938961,64.194382,116.72490300000001,24000,4.0
26,5,uncoded,51.028378,0.032531,49.523153,49.555843,100.584221,24000,4.0
26,5,conv-coded,51.758251,166.171247,52.973652,219.145073,270.903324,24000,4.0
26,5,proposed,51.290843,13.834735,51.067724,64.90273,116.19357300000001,24000,4.0
26,6,uncoded,51.943345,0.0316,49.429782,49.461542,101.404887,24000,4.0
26,6,conv-coded,53.245505,166.595878,50.874665,217.470729,270.716234,24000,4.0
26,6,proposed,52.859988,12.643093,49.590376,62.233875,115.093863,24000,4.0
26,7,uncoded,51.311394,0.031797,48.643862,48.67584,99.987234,24000,4.0
26,7,conv-coded,52.393671,168.078418,49.954074,218.032672,270.426343,24000,4.0
26,7,proposed,52.206414,15.56322,49.695201,65.258719,117.46513300000001,24000,4.0
26,8,uncoded,51.141809,0.031215,49.466534,49.497892,100.639701,24000,4.0
26,8,conv-coded,54.355768,168.530538,49.336044,217.866765,272.222533,24000,4.0
26,8,proposed,53.289188,16.677264,50.54722,67.224778,120.51396600000001,24000,4.0
26,9,uncoded,51.876412,0.031783,48.897954,48.929912,100.806324,24000,4.0
26,9,conv-coded,54.540219,167.255406,49.567676,216.823247,271.363466,24000,4.0
26,9,proposed,52.439407,13.838361,50.588559,64.4272,116.866607,24000,4.0
26,10,uncoded,51.191007,0.032564,49.569992,49.602698,100.79370499999999,24000,4.0
26,10,conv-coded,51.193673,166.72136,51.708068,218.429603,269.623276,24000,4.0
26,10,proposed,51.589104,15.313214,50.981312,66.294726,117.88382999999999,24000,4.0
26,11,uncoded,51.533125,0.032818,48.744692,48.77766,100.310785,24000,4.0
26,11,conv-coded,52.650131,167.819221,50.807941,218.627328,271.277459,24000,4.0
26,11,proposed,51.889518,14.726688,49.154675,63.881671,115.77118899999999,24000,4.0
26,12,uncoded,49.109339,0.031134,49.630812,49.662108,98.771447,8880,4.0
26,12,conv-coded,50.018104,167.81329,50.066149,217.879606,267.89771,8880,4.0
26,12,proposed,49.960608,14.059957,49.616133,63.67634,113.636948,8880,4.0
27,0,uncoded,54.059317,0.031938,48.908684,48.940794,103.000111,24000,4.0
27,0,conv-coded,56.778584,167.708054,49.033248,216.741475,273.520059,24000,4.0
27,0,proposed,55.007639,15.9232,49.749358,65.672938,120.680577,24000,4.0
27,1,uncoded,52.596699,0.032252,51.129883,51.162265,103.75896399999999,24000,4.0
27,1,conv-coded,56.009853,171.181394,50.516649,221.69819,277.70804300000003,24000,4.0
27,1,proposed,53.949928,14.079115,51.04559,65.125092,119.07502,24000,4.0
27,2,uncoded,56.288834,0.032336,50.534551,50.56705,106.855884,24000,4.0
27,2,conv-coded,54.407648,169.57898,53.212066,222.791277,277.19892500000003,24000,4.0
27,2,proposed,53.805786,15.436639,49.244266,64.681126,118.486912,24000,4.0
27,3,uncoded,51.574946,0.031458,49.521289,49.552887,101.127833,24000,4.0
27,3,conv-coded,52.42912,167.081756,50.325415,217.407457,269.836577,24000,4.0
27,3,proposed,54.175458,13.830895,51.562312,65.393454,119.56891200000001,24000,4.0
27,4,uncoded,53.035218,0.034332,49.650427,49.684912,102.72013,24000,4.0
27,4,conv-coded,53.564224,167.459935,49.4181,216.87821,270.442434,24000,4.0
27,4,proposed,52.658048,15.116957,49.539793,64.65714,117.315188,24000,4.0
27,5,uncoded,51.198951,0.031572,49.809652,49.841353,101.04030399999999,24000,4.0
27,5,conv-coded,51.824575,166.33325,50.159175,216.492631,268.317206,24000,4.0
27,5,proposed,51.563547,12.653883,49.864398,62.518547,114.082094,24000,4.0
27,6,uncoded,52.459394,0.031861,50.17598,50.207977,102.667371,24000,4.0
27,6,conv-coded,52.8291,167.800384,50.184634,217.985223,270.814323,24000,4.0
27,6,proposed,53.040887,16.641654,51.770654,68.412651,121.453538,24000,4.0
27,7,uncoded,51.830569,0.037941,52.287329,52.325391,104.15596,24000,4.0
27,7,conv-coded,52.332496,170.412762,51.788946,222.202126,274.534622,24000,4.0
27,7,proposed,52.145147,14.589102,49.672407,64.261791,116.406938,24000,4.0
27,8,uncoded,52.039808,0.032611,49.935489,49.968257,102.008065,24000,4.0
27,8,conv-coded,52.856397,167.028584,50.068624,217.097371,269.953768,24000,4.0
27,8,proposed,52.391087,14.385251,49.737635,64.123104,116.514191,24000,4.0
27,9,uncoded,49.09986,0.031653,50.170007,50.201795,99.301655,1200,4.0
27,9,conv-coded,49.482865,166.615149,50.122171,216.737487,266.220352,1200,4.0
27,9,proposed,49.452695,13.648966,50.450143,64.099315,113.55201,1200,4.0
28,0,uncoded,54.619061,0.031935,49.416476,49.448581,104.067642,24000,4.0
28,0,conv-coded,54.529766,167.081891,50.29793,217.380003,271.909769,24000,4.0
28,0,proposed,54.318379,14.661723,49.904512,64.566639,118.885018,24000,4.0
28,1,uncoded,54.384341,0.033285,50.850705,50.884133,105.268474,24000,4.0
28,1,conv-coded,54.180259,169.159214,50.807996,219.967367,274.147626,24000,4.0
28,1,proposed,53.717621,14.925001,50.93121,65.856521,119.574142,24000,4.0
28,2,uncoded,53.33926,0.033344,51.973958,52.00746,105.34672,24000,4.0
28,2,conv-coded,55.266274,170.907459,50.039844,220.947463,276.213737,24000,4.0
28,2,proposed,55.612498,14.207275,49.4746,63.682141,119.294639,24000,4.0
28,3,uncoded,51.494515,0.032773,49.438283,49.471201,100.965716,24000,4.0
28,3,conv-coded,52.204852,168.397738,49.358017,217.755913,269.960765,24000,4.0
28,3,proposed,51.874181,12.616353,50.107452,62.723984,114.598165,24000,4.0
28,4,uncoded,51.813706,0.03176,50.550705,50.582588,102.39629400000001,24000,4.0
28,4,conv-coded,53.499611,167.341532,49.641647,216.983311,270.482922,24000,4.0
28,4,proposed,54.395881,13.929468,49.999645,63.929364,118.325245,24000,4.0
28,5,uncoded,51.49878,0.031682,48.578843,48.610677,100.10945699999999,24000,4.0
28,5,conv-coded,52.507684,168.246795,49.606037,217.852959,270.360643,24000,4.0
28,5,proposed,52.344194,13.661411,49.799962,63.461615,115.80580900000001,24000,4.0
28,6,uncoded,51.473749,0.032626,50.119246,50.151997,101.62574599999999,24000,4.0
28,6,conv-coded,54.357647,165.983162,50.300165,216.283507,270.641154,24000,4.0
28,6,proposed,53.907586,15.263898,49.770837,65.034947,118.942533,24000,4.0
28,7,uncoded,49.120982,0.032283,49.256868,49.289268,98.41024999999999,24000,4.0
28,7,conv-coded,52.002511,166.567628,50.21441,216.782243,268.784754,24000,4.0
28,7,proposed,49.959081,13.464882,49.779859,63.245035,113.204116,24000,4.0
28,8,uncoded,52.581265,0.031799,48.824996,48.856942,101.438207,24000,4.0
28,8,conv-coded,53.372174,166.222031,51.893046,218.115236,271.48741,24000,4.0
28,8,proposed,53.22231,15.432255,49.621354,65.053869,118.27617900000001,24000,4.0
28,9,uncoded,51.051196,0.031956,48.921183,48.953259,100.00445500000001,24000,4.0
28,9,conv-coded,52.449843,167.648219,50.901924,218.550318,271.000161,24000,4.0
28,9,proposed,51.944063,14.045862,49.906056,63.952265,115.896328,24000,4.0
28,10,uncoded,50.898073,0.031068,49.607756,49.63897,100.537043,16320,4.0
28,10,conv-coded,52.004108,170.04261,49.186516,219.229279,271.233387,16320,4.0
28,10,proposed,51.797112,14.090436,49.255318,63.346051,115.143163,16320,4.0
29,0,uncoded,53.839459,0.032002,49.856953,49.889127,103.728586,24000,4.0
29,0,conv-coded,56.291884,168.181584,49.090281,217.272036,273.56392,24000,4.0
29,0,proposed,55.812303,13.381206,49.385709,62.767299,118.579602,24000,4.0
29,1,uncoded,53.399372,0.030934,50.46299,50.494077,103.893449,24000,4.0
29,1,conv-coded,55.552045,170.219438,50.179193,220.398921,275.950966,24000,4.0
29,1,proposed,53.339405,12.860523,51.840598,64.701553,118.040958,24000,4.0
29,2,uncoded,55.005543,0.032113,50.695502,50.727782,105.73332500000001,24000,4.0
29,2,conv-coded,53.599478,171.099498,52.681772,223.781456,277.38093399999997,24000,4.0
29,2,proposed,52.80111,12.951941,50.858707,63.81096,116.61207,24000,4.0
29,3,uncoded,49.996717,0.031136,49.41314,49.44442,99.441137,24000,4.0
29,3,conv-coded,51.286165,168.773545,52.041906,220.815603,272.101768,24000,4.0
29,3,proposed,50.99019,13.681079,49.710745,63.392054,114.382244,24000,4.0
29,4,uncoded,52.416188,0.032791,50.002754,50.035677,102.451865,24000,4.0
29,4,conv-coded,53.168926,166.463119,49.875697,216.338938,269.50786400000004,24000,4.0
29,4,proposed,52.626351,13.941243,49.621019,63.562718,116.18906899999999,24000,4.0
29,5,uncoded,51.466342,0.031997,49.449418,49.481547,100.947889,24000,4.0
29,5,conv-coded,52.889731,167.482251,49.780764,217.263226,270.152957,24000,4.0
29,5,proposed,53.0825,13.361759,49.580287,62.942293,116.024793,24000,4.0
29,6,uncoded,51.479284,0.03147,49.653821,49.68546,101.164744,24000,4.0
29,6,conv-coded,52.794332,167.58821,51.914822,219.503183,272.297515,24000,4.0
29,6,proposed,51.685922,13.80806,50.284798,64.093217,115.77913899999999,24000,4.0
29,7,uncoded,51.738495,0.031542,49.059852,49.091562,100.83005700000001,24000,4.0
29,7,conv-coded,52.507441,169.003976,51.896191,220.900386,273.407827,24000,4.0
29,7,proposed,51.98215,14.311053,50.212155,64.52354,116.50568999999999,24000,4.0
29,8,uncoded,50.502926,0.032063,49.936893,49.969089,100.472015,24000,4.0
29,8,conv-coded,51.676936,167.706296,49.970064,217.676519,269.353455,24000,4.0
29,8,proposed,51.929926,12.196076,50.681626,62.877893,114.807819,24000,4.0
29,9,uncoded,51.831737,0.032572,48.831037,48.863761,100.69549799999999,24000,4.0
29,9,conv-coded,52.943223,166.953154,49.642564,216.595896,269.539119,24000,4.0
29,9,proposed,52.126999,14.477581,49.739644,64.217634,116.344633,24000,4.0
29,10,uncoded,50.806076,0.032805,49.324032,49.357,100.16307599999999,24000,4.0
29,10,conv-coded,51.749086,166.75807,49.385533,216.143789,267.892875,24000,4.0
29,10,proposed,51.56337,14.166621,49.225762,63.392678,114.956048,24000,4.0
29,11,uncoded,52.287396,0.032137,49.566925,49.599201,101.886597,24000,4.0
29,11,conv-coded,52.882403,166.629538,50.103599,216.733338,269.615741,24000,4.0
29,11,proposed,52.53688,14.692677,49.112735,63.805601,116.34248099999999,24000,4.0
29,12,uncoded,51.083766,0.032552,49.154859,49.187588,100.271354,24000,4.0
29,12,conv-coded,52.204277,167.193416,49.585277,216.778883,268.98316,24000,4.0
29,12,proposed,51.698367,13.168394,49.03335,62.202056,113.90042299999999,24000,4.0
29,13,uncoded,51.540496,0.032921,48.691943,48.725021,100.26551699999999,24000,4.0
29,13,conv-coded,52.196333,166.871263,49.645496,216.51698,268.71331299999997,24000,4.0
29,13,proposed,52.020924,13.771582,49.028887,62.800702,114.82162600000001,24000,4.0
29,14,uncoded,49.220904,0.03126,49.267063,49.298455,98.519359,6000,4.0
29,14,conv-coded,49.987289,166.269426,49.579276,215.848865,265.83615399999996,6000,4.0
29,14,proposed,50.076434,11.660303,50.218891,61.879507,111.955941,6000,4.0
30,0,uncoded,54.543312,0.032387,49.911984,49.944504,104.48781600000001,24000,4.0
30,0,conv-coded,54.448436,168.241457,50.136589,218.378256,272.826692,24000,4.0
30,0,proposed,53.062938,14.424105,49.426983,63.851449,116.914387,24000,4.0
30,1,uncoded,53.793786,0.031448,49.596704,49.628297,103.422083,24000,4.0
30,1,conv-coded,54.916356,170.039685,50.340853,220.380794,275.29715,24000,4.0
30,1,proposed,54.44619,12.745961,50.470986,63.21726,117.66345000000001,24000,4.0
30,2,uncoded,56.6463,0.031082,50.293775,50.324989,106.971289,24000,4.0
30,2,conv-coded,53.727975,171.120523,49.771509,220.892283,274.620258,24000,4.0
30,2,proposed,52.475699,15.24188,52.144282,67.386434,119.862133,24000,4.0
30,3,uncoded,50.450577,0.032415,49.381091,49.413689,99.864266,24000,4.0
30,3,conv-coded,51.403711,166.499544,52.142428,218.64213,270.045841,24000,4.0
30,3,proposed,50.791052,14.164027,50.393743,64.558058,115.34911,24000,4.0
30,4,uncoded,52.92184,0.032468,48.883097,48.915713,101.837553,24000,4.0
30,4,conv-coded,54.862298,167.17639,50.130425,217.307009,272.169307,24000,4.0
30,4,proposed,53.244577,12.233612,50.105662,62.339486,115.584063,24000,4.0
30,5,uncoded,51.292755,0.03112,49.001106,49.032378,100.325133,24000,4.0
30,5,conv-coded,52.193569,168.769193,50.184991,218.954384,271.14795300000003,24000,4.0
30,5,proposed,51.531532,14.371477,49.862148,64.233838,115.76537,24000,4.0
30,6,uncoded,51.606755,0.03757,48.507047,48.544779,100.151534,24000,4.0
30,6,conv-coded,52.282707,167.446496,52.292326,219.739083,272.02179,24000,4.0
30,6,proposed,52.269642,14.889956,50.714769,65.604981,117.87462299999999,24000,4.0
30,7,uncoded,50.260504,0.031721,48.515631,48.547472,98.807976,24000,4.0
30,7,conv-coded,51.735259,166.081892,51.523779,217.605835,269.341094,24000,4.0
30,7,proposed,51.162596,13.458388,50.107411,63.566171,114.728767,24000,4.0
30,8,uncoded,51.995282,0.031812,48.995892,49.02786,101.023142,24000,4.0
30,8,conv-coded,53.553806,166.918422,49.982017,216.900568,270.454374,24000,4.0
30,8,proposed,53.069122,14.459382,49.21313,63.672754,116.74187599999999,24000,4.0
30,9,uncoded,50.680511,0.032998,49.95484,49.987996,100.668507,24000,4.0
30,9,conv-coded,53.711109,166.699781,49.710683,216.410646,270.121755,24000,4.0
30,9,proposed,53.132539,13.870206,51.056774,64.927204,118.059743,24000,4.0
30,10,uncoded,51.525019,0.032052,49.331489,49.36368,100.888699,24000,4.0
30,10,conv-coded,54.086714,165.901022,49.629295,215.530491,269.617205,24000,4.0
30,10,proposed,52.288789,15.083026,49.558319,64.641582,116.93037100000001,24000,4.0
30,11,uncoded,50.45272,0.031854,49.854409,49.886405,100.339125,16080,4.0
30,11,conv-coded,51.325285,165.970647,52.301084,218.271879,269.597164,16080,4.0
30,11,proposed,51.082146,14.429671,50.768529,65.198487,116.280633,16080,4.0
31,0,uncoded,53.784913,0.032466,49.050852,49.083472,102.868385,24000,4.0
31,0,conv-coded,54.59673,166.604506,51.869403,218.474079,273.070809,24000,4.0
31,0,proposed,52.66994,13.163266,49.770396,62.93423,115.60417,24000,4.0
31,1,uncoded,52.143537,0.031635,50.983851,51.015641,103.159178,24000,4.0
31,1,conv-coded,54.303082,170.262548,51.217676,221.480378,275.78346,24000,4.0
31,1,proposed,53.843232,14.104379,51.702976,65.807747,119.650979,24000,4.0
31,2,uncoded,53.573004,0.030524,50.440097,50.470771,104.043775,24000,4.0
31,2,conv-coded,55.779686,170.177451,49.583827,219.761416,275.541102,24000,4.0
31,2,proposed,55.006292,14.515149,49.397721,63.913046,118.91933800000001,24000,4.0
31,3,uncoded,52.883968,0.031549,49.087184,49.118877,102.00284500000001,24000,4.0
31,3,conv-coded,52.827478,167.44066,49.923345,217.364197,270.191675,24000,4.0
31,3,proposed,52.603616,14.075476,51.254336,65.33013,117.933746,24000,4.0
31,4,uncoded,53.311266,0.031642,48.744135,48.775917,102.08718300000001,24000,4.0
31,4,conv-coded,53.987082,167.584423,49.846005,217.430597,271.417679,24000,4.0
31,4,proposed,52.958429,14.281997,49.623857,63.906163,116.864592,24000,4.0
31,5,uncoded,52.130459,0.031214,51.956747,51.988104,104.118563,24000,4.0
31,5,conv-coded,52.872571,167.301909,50.819947,218.122034,270.99460500000004,24000,4.0
31,5,proposed,52.787143,13.113959,49.468029,62.582369,115.369512,24000,4.0
31,6,uncoded,51.449124,0.033996,50.358581,50.392725,101.841849,24000,4.0
31,6,conv-coded,51.859586,166.733019,49.606716,216.339923,268.199509,24000,4.0
31,6,proposed,52.555902,12.647435,49.923255,62.570864,115.126766,24000,4.0
31,7,uncoded,52.292913,0.031631,49.169725,49.201492,101.494405,24000,4.0
31,7,conv-coded,53.536429,167.547187,49.154048,216.70143,270.23785899999996,24000,4.0
31,7,proposed,52.992142,16.150464,50.198208,66.348955,119.341097,24000,4.0
31,8,uncoded,53.230085,0.036386,51.826795,51.86333,105.093415,24000,4.0
31,8,conv-coded,53.37506,166.473631,49.890798,216.364579,269.739639,24000,4.0
31,8,proposed,51.00243,15.182367,49.966051,65.148708,116.151138,24000,4.0
31,9,uncoded,53.445881,0.032524,54.053958,54.086606,107.532487,24000,4.0
31,9,conv-coded,53.864617,167.941502,49.866606,217.808358,271.672975,24000,4.0
31,9,proposed,51.943336,14.685158,49.183159,63.868694,115.81203,24000,4.0
31,10,uncoded,51.206469,0.030968,51.036329,51.067447,102.273916,9840,4.0
31,10,conv-coded,51.783212,167.529485,50.847929,218.377597,270.16080900000003,9840,4.0
31,10,proposed,50.425498,13.737004,49.504781,63.242055,113.667553,9840,4.0
32,0,uncoded,56.782734,0.032386,50.666676,50.699198,107.481932,24000,4.0
32,0,conv-coded,56.914108,167.254316,49.89319,217.147696,274.061804,24000,4.0
32,0,proposed,53.377406,12.691006,48.861167,61.55296,114.93036599999999,24000,4.0
32,1,uncoded,54.960496,0.032264,52.350197,52.382619,107.343115,24000,4.0
32,1,conv-coded,55.607807,169.035852,50.945172,219.9813,275.589107,24000,4.0
32,1,proposed,53.843465,14.731952,50.615165,65.347336,119.190801,24000,4.0
32,2,uncoded,58.052017,0.032395,51.937252,51.969792,110.02180899999999,24000,4.0
32,2,conv-coded,55.884599,168.957198,49.934426,218.891788,274.776387,24000,4.0
32,2,proposed,54.223582,14.13461,49.775963,63.910877,118.13445899999999,24000,4.0
32,3,uncoded,53.932922,0.031464,51.844934,51.876537,105.809459,24000,4.0
32,3,conv-coded,54.14816,167.479541,49.367735,216.847499,270.995659,24000,4.0
32,3,proposed,52.317947,13.882635,49.691761,63.574638,115.892585,24000,4.0
32,4,uncoded,55.294543,0.031671,50.78923,50.821075,106.115618,24000,4.0
32,4,conv-coded,54.33288,167.502793,49.893598,217.396639,271.729519,24000,4.0
32,4,proposed,51.924687,14.309835,49.676745,63.986916,115.911603,24000,4.0
32,5,uncoded,54.157216,0.031699,51.32314,51.354974,105.51219,24000,4.0
32,5,conv-coded,54.334096,167.543727,49.810649,217.3546,271.688696,24000,4.0
32,5,proposed,52.184192,14.788071,49.815863,64.604152,116.788344,24000,4.0
32,6,uncoded,52.835855,0.032731,50.458466,50.491343,103.32719800000001,24000,4.0
32,6,conv-coded,53.889574,168.105094,49.785318,217.890562,271.78013599999997,24000,4.0
32,6,proposed,51.676579,13.536833,49.449745,62.986882,114.663461,24000,4.0
32,7,uncoded,52.659048,0.030978,50.587822,50.618963,103.27801099999999,24000,4.0
32,7,conv-coded,53.150441,167.277973,50.126879,217.405018,270.55545900000004,24000,4.0
32,7,proposed,51.18042,15.4501,51.003848,66.4542,117.63462,24000,4.0
32,8,uncoded,53.781545,0.032117,49.542729,49.574985,103.35652999999999,24000,4.0
32,8,conv-coded,54.202975,166.577837,50.137303,216.715309,270.91828399999997,24000,4.0
32,8,proposed,52.317373,14.967592,49.760071,64.728005,117.045378,24000,4.0
32,9,uncoded,51.686861,0.03104,49.839042,49.870226,101.557087,24000,4.0
32,9,conv-coded,52.645664,168.042992,49.268448,217.31166,269.95732399999997,24000,4.0
32,9,proposed,51.543594,14.54396,49.883254,64.427491,115.971085,24000,4.0
32,10,uncoded,52.915786,0.032136,50.959854,50.992165,103.907951,24000,4.0
32,10,conv-coded,53.078019,167.686158,49.788736,217.475076,270.553095,24000,4.0
32,10,proposed,51.430049,15.771109,49.137141,64.908493,116.338542,24000,4.0
32,11,uncoded,50.88781,0.031903,50.287475,50.31954,101.20735,2160,4.0
32,11,conv-coded,51.301044,167.587423,50.947498,218.535108,269.836152,2160,4.0
32,11,proposed,49.115256,12.486208,50.254487,62.740984,111.85624,2160,4.0
33,0,uncoded,54.3196,0.031612,48.712921,48.744658,103.064258,24000,4.0
33,0,conv-coded,54.943545,168.23892,49.262287,217.501394,272.444939,24000,4.0
33,0,proposed,53.627007,15.47198,49.602307,65.074607,118.701614,24000,4.0
33,1,uncoded,53.10509,0.032018,50.255516,50.287686,103.392776,24000,4.0
33,1,conv-coded,54.118509,171.525937,53.946463,225.472602,279.591111,24000,4.0
33,1,proposed,54.061475,14.953863,51.83369,66.787785,120.84926,24000,4.0
33,2,uncoded,54.451018,0.032821,51.172671,51.205608,105.65662599999999,24000,4.0
33,2,conv-coded,54.429502,169.5001,51.171645,220.672006,275.101508,24000,4.0
33,2,proposed,53.185612,15.029788,49.496309,64.526347,117.71195900000001,24000,4.0
33,3,uncoded,52.195371,0.031983,49.601377,49.633497,101.828868,24000,4.0
33,3,conv-coded,55.631173,166.611821,49.283114,215.895059,271.526232,24000,4.0
33,3,proposed,54.248643,13.242003,49.623326,62.865571,117.114214,24000,4.0
33,4,uncoded,52.667785,0.032427,49.619658,49.652204,102.31998899999999,24000,4.0
33,4,conv-coded,53.849983,167.422478,50.061971,217.484579,271.334562,24000,4.0
33,4,proposed,51.847121,15.72399,49.385507,65.109838,116.956959,24000,4.0
33,5,uncoded,52.625606,0.032509,48.726749,48.759396,101.385002,24000,4.0
33,5,conv-coded,53.684604,166.232212,51.156294,217.388669,271.073273,24000,4.0
33,5,proposed,53.292354,12.08883,50.039201,62.128226,115.42058,24000,4.0
33,6,uncoded,51.391429,0.030947,48.481854,48.512932,99.904361,24000,4.0
33,6,conv-coded,52.218909,168.249582,50.894351,219.14411,271.363019,24000,4.0
33,6,proposed,51.802854,13.288563,49.448925,62.737677,114.540531,24000,4.0
33,7,uncoded,51.405392,0.033439,48.216345,48.249937,99.655329,24000,4.0
33,7,conv-coded,52.668042,167.159145,49.698423,216.857761,269.525803,24000,4.0
33,7,proposed,52.248995,12.293124,48.701865,60.995246,113.244241,24000,4.0
33,8,uncoded,48.832315,0.032835,50.105143,50.138144,98.970459,2160,4.0
33,8,conv-coded,52.086305,166.694258,50.24731,216.941709,269.028014,2160,4.0
33,8,proposed,51.027719,14.309691,50.068913,64.378845,115.406564,2160,4.0
34,0,uncoded,55.021046,0.032004,49.480503,49.512664,104.53371,24000,4.0
34,0,conv-coded,54.976762,166.69406,49.533216,216.22749,271.204252,24000,4.0
34,0,proposed,54.86721,13.890784,49.627881,63.518982,118.386192,24000,4.0
34,1,uncoded,56.839214,0.031449,50.565012,50.596597,107.435811,24000,4.0
34,1,conv-coded,56.633418,171.679966,50.73501,222.41517,279.048588,24000,4.0
34,1,proposed,53.745833,13.677048,50.477399,64.15478,117.90061299999999,24000,4.0
34,2,uncoded,53.79919,0.032152,49.605981,49.638286,103.437476,24000,4.0
34,2,conv-coded,54.632252,168.894768,49.886181,218.781241,273.413493,24000,4.0
34,2,proposed,53.931241,14.707308,49.468914,64.176438,118.107679,24000,4.0
34,3,uncoded,51.282989,0.032039,50.211948,50.244122,101.52711099999999,24000,4.0
34,3,conv-coded,54.286705,167.125237,50.41851,217.543929,271.830634,24000,4.0
34,3,proposed,52.5255,12.708545,50.095504,62.804331,115.329831,24000,4.0
34,4,uncoded,52.30175,0.031843,49.780501,49.812494,102.114244,24000,4.0
34,4,conv-coded,53.130908,167.014049,49.511528,216.525824,269.656732,24000,4.0
34,4,proposed,52.857363,14.909176,50.669751,65.5793,118.43666300000001,24000,4.0
34,5,uncoded,51.075197,0.032848,49.620111,49.653094,100.72829100000001,24000,4.0
34,5,conv-coded,52.778759,167.686187,49.220808,216.90715,269.685909,24000,4.0
34,5,proposed,53.435817,13.70933,49.36421,63.073823,116.50963999999999,24000,4.0
34,6,uncoded,51.528724,0.033931,49.618658,49.652729,101.181453,24000,4.0
34,6,conv-coded,52.647582,166.580247,51.805122,218.385532,271.033114,24000,4.0
34,6,proposed,52.276792,14.991148,50.375916,65.367245,117.644037,24000,4.0
34,7,uncoded,51.725697,0.033245,49.089734,49.123149,100.848846,24000,4.0
34,7,conv-coded,52.722261,168.275944,51.871521,220.147678,272.86993900000004,24000,4.0
34,7,proposed,52.038721,16.114182,49.854706,65.969185,118.00790599999999,24000,4.0
34,8,uncoded,51.134307,0.032057,48.577451,48.60964,99.74394699999999,24000,4.0
34,8,conv-coded,52.38686,166.310853,50.181848,216.492873,268.879733,24000,4.0
34,8,proposed,52.207623,14.155986,49.207031,63.363264,115.570887,24000,4.0
34,9,uncoded,50.685086,0.031083,49.191447,49.22266,99.907746,24000,4.0
34,9,conv-coded,54.01454,166.448266,49.323822,215.772231,269.786771,24000,4.0
34,9,proposed,53.124424,12.705707,50.038639,62.74462,115.869044,24000,4.0
34,10,uncoded,50.551697,0.032273,48.983215,49.01565,99.567347,19440,4.0
34,10,conv-coded,53.148473,166.196579,49.627093,215.823848,268.972321,19440,4.0
34,10,proposed,50.96454,14.736956,49.649177,64.386343,115.350883,19440,4.0
35,0,uncoded,53.570744,0.031518,49.845465,49.877138,103.44788199999999,24000,4.0
35,0,conv-coded,55.256726,166.474256,50.839446,217.313942,272.570668,24000,4.0
35,0,proposed,54.394902,14.125052,49.871197,63.996642,118.39154400000001,24000,4.0
35,1,uncoded,52.774747,0.032252,49.879296,49.911693,102.68644,24000,4.0
35,1,conv-coded,53.308144,170.782975,50.914555,221.697805,275.005949,24000,4.0
35,1,proposed,53.378028,14.16609,50.379182,64.54563,117.923658,24000,4.0
35,2,uncoded,56.221907,0.031917,51.268042,51.300098,107.52200500000001,24000,4.0
35,2,conv-coded,55.111154,170.452965,50.072635,220.525771,275.636925,24000,4.0
35,2,proposed,53.121295,15.067928,49.07827,64.146568,117.267863,24000,4.0
35,3,uncoded,51.833217,0.031779,49.829349,49.861287,101.694504,24000,4.0
35,3,conv-coded,52.867693,166.734272,49.306306,216.040774,268.908467,24000,4.0
35,3,proposed,52.157807,16.693537,50.146951,66.840966,118.998773,24000,4.0
35,4,uncoded,52.367058,0.038041,49.583607,49.621801,101.98885899999999,24000,4.0
35,4,conv-coded,53.21244,167.462838,50.00023,217.463251,270.67569100000003,24000,4.0
35,4,proposed,52.274307,14.724164,49.66035,64.384847,116.659154,24000,4.0
35,5,uncoded,50.912012,0.031605,49.012666,49.044421,99.956433,24000,4.0
35,5,conv-coded,52.070485,166.443454,49.5771,216.020735,268.09122,24000,4.0
35,5,proposed,51.435667,15.659743,49.974444,65.634696,117.07036300000001,24000,4.0
35,6,uncoded,51.647961,0.03112,49.219361,49.25062,100.89858100000001,24000,4.0
35,6,conv-coded,53.05283,167.329442,49.414642,216.744316,269.797146,24000,4.0
35,6,proposed,52.784446,13.168655,48.892556,62.061511,114.845957,24000,4.0
35,7,uncoded,50.656987,0.032039,48.864446,48.896633,99.55362,24000,4.0
35,7,conv-coded,53.977875,166.645564,49.250663,215.89638,269.874255,24000,4.0
35,7,proposed,53.236355,15.57116,49.601419,65.172841,118.40919600000001,24000,4.0
35,8,uncoded,48.692079,0.032479,49.895236,49.927884,98.619963,240,4.0
35,8,conv-coded,51.032464,167.903116,50.390693,218.293984,269.32644799999997,240,4.0
35,8,proposed,49.858554,13.902248,49.473356,63.37634,113.234894,240,4.0
36,0,uncoded,52.488306,0.03172,48.927228,48.959079,101.447385,24000,4.0
36,0,conv-coded,52.860192,166.365294,49.198205,215.563689,268.423881,24000,4.0
36,0,proposed,52.177567,14.738004,49.119693,63.858062,116.035629,24000,4.0
36,1,uncoded,53.342854,0.032569,50.212037,50.244742,103.587596,24000,4.0
36,1,conv-coded,54.758058,170.644216,53.710402,224.354792,279.11285,24000,4.0
36,1,proposed,54.221686,14.728388,51.720922,66.449533,120.67121900000001,24000,4.0
36,2,uncoded,53.169268,0.030994,50.676536,50.707665,103.87693300000001,24000,4.0
36,2,conv-coded,53.404481,169.52262,51.637964,221.16078,274.56526099999996,24000,4.0
36,2,proposed,52.772484,13.553324,50.252809,63.80637,116.578854,24000,4.0
36,3,uncoded,51.112521,0.031634,49.01064,49.042416,100.154937,24000,4.0
36,3,conv-coded,52.072188,168.951133,50.066924,219.018221,271.090409,24000,4.0
36,3,proposed,52.085235,14.430374,48.946815,63.37749,115.462725,24000,4.0
36,4,uncoded,52.441183,0.031263,48.782165,48.813539,101.254722,24000,4.0
36,4,conv-coded,55.67682,166.435917,50.372639,216.808716,272.485536,24000,4.0
36,4,proposed,54.275742,13.980248,49.794142,63.774614,118.050356,24000,4.0
36,5,uncoded,51.208497,0.032017,49.166166,49.198345,100.40684200000001,24000,4.0
36,5,conv-coded,51.651107,168.352062,50.241554,218.593769,270.24487600000003,24000,4.0
36,5,proposed,51.648936,15.856633,49.721337,65.578387,117.22732300000001,24000,4.0
36,6,uncoded,53.097835,0.032472,48.792598,48.82521,101.923045,24000,4.0
36,6,conv-coded,52.633013,166.385852,49.068341,215.454374,268.087387,24000,4.0
36,6,proposed,52.452707,15.673517,49.039948,64.713724,117.16643099999999,24000,4.0
36,7,uncoded,51.185467,0.031161,49.413335,49.444601,100.630068,24000,4.0
36,7,conv-coded,52.524487,166.35361,49.773218,216.126968,268.651455,24000,4.0
36,7,proposed,52.115508,15.244883,49.859253,65.104375,117.21988300000001,24000,4.0
36,8,uncoded,52.023454,0.0322,48.872126,48.904467,100.927921,24000,4.0
36,8,conv-coded,52.495856,167.207442,49.489989,216.697574,269.19343000000003,24000,4.0
36,8,proposed,52.581159,14.624807,49.181824,63.806864,116.388023,24000,4.0
36,9,uncoded,52.092549,0.031739,49.344467,49.376351,101.46889999999999,24000,4.0
36,9,conv-coded,52.930292,167.458352,49.545883,217.004426,269.934718,24000,4.0
36,9,proposed,52.581268,13.958217,49.026891,62.98537,115.56663800000001,24000,4.0
36,10,uncoded,52.082431,0.032594,49.270444,49.303168,101.385599,24000,4.0
36,10,conv-coded,52.678427,166.13012,49.406868,215.537136,268.215563,24000,4.0
36,10,proposed,52.623823,13.630871,48.771025,62.402067,115.02589,24000,4.0
36,11,uncoded,49.62461,0.031251,50.497769,50.529154,100.153764,9599,4.0
36,11,conv-coded,50.248054,167.763278,50.344113,218.107554,268.355608,9599,4.0
36,11,proposed,50.111881,14.175179,49.428679,63.604172,113.71605299999999,9599,4.0
37,0,uncoded,55.929392,0.031354,49.226737,49.25825,105.187642,24000,4.0
37,0,conv-coded,53.818907,166.174773,49.472227,215.647165,269.466072,24000,4.0
37,0,proposed,52.195845,14.481634,50.228879,64.710783,116.90662800000001,24000,4.0
37,1,uncoded,52.395751,0.032309,50.686092,50.718563,103.11431400000001,24000,4.0
37,1,conv-coded,53.476737,169.276343,52.597361,221.873869,275.350606,24000,4.0
37,1,proposed,53.895093,17.502491,50.922365,68.425289,122.32038200000001,24000,4.0
37,2,uncoded,54.948053,0.032791,49.285802,49.318728,104.26678100000001,24000,4.0
37,2,conv-coded,53.989345,169.692767,50.071899,219.764825,273.75417,24000,4.0
37,2,proposed,53.360161,15.656474,49.187183,64.843944,118.204105,24000,4.0
37,3,uncoded,51.894063,0.032537,49.988,50.020658,101.914721,24000,4.0
37,3,conv-coded,55.565247,168.006954,49.478836,217.48599,273.051237,24000,4.0
37,3,proposed,54.574189,14.416676,49.566375,63.983456,118.557645,24000,4.0
37,4,uncoded,51.692271,0.030844,49.135991,49.166971,100.859242,24000,4.0
37,4,conv-coded,53.644007,167.800073,49.096471,216.896705,270.540712,24000,4.0
37,4,proposed,51.138211,12.558735,49.306303,61.86537,113.003581,24000,4.0
37,5,uncoded,53.39541,0.031959,49.171245,49.203333,102.598743,24000,4.0
37,5,conv-coded,53.35873,167.523153,52.339946,219.863237,273.221967,24000,4.0
37,5,proposed,52.89978,14.050891,50.559764,64.610928,117.510708,24000,4.0
37,6,uncoded,52.823745,0.03217,49.006396,49.03871,101.86245500000001,24000,4.0
37,6,conv-coded,53.814441,166.551927,50.350546,216.902648,270.717089,24000,4.0
37,6,proposed,53.593879,13.865186,49.374106,63.239679,116.83355800000001,24000,4.0
37,7,uncoded,51.24081,0.031344,49.146599,49.178095,100.418905,24000,4.0
37,7,conv-coded,52.629882,167.491057,49.766575,217.257805,269.88768699999997,24000,4.0
37,7,proposed,52.219252,15.492562,49.209999,64.703068,116.92232,24000,4.0
37,8,uncoded,50.660611,0.032031,49.460296,49.49246,100.15307100000001,24000,4.0
37,8,conv-coded,54.17963,166.635695,49.065585,215.701668,269.881298,24000,4.0
37,8,proposed,53.167788,14.496681,49.573643,64.070702,117.23849,24000,4.0
37,9,uncoded,48.534104,0.031834,48.864942,48.896946,97.43105,480,4.0
37,9,conv-coded,51.65113,167.011424,50.420176,217.431871,269.083001,480,4.0
37,9,proposed,48.721704,15.19085,49.972051,65.163257,113.884961,480,4.0
38,0,uncoded,53.222337,0.031054,49.552765,49.583988,102.806325,24000,4.0
38,0,conv-coded,53.798287,166.094503,52.514772,218.609445,272.407732,24000,4.0
38,0,proposed,53.204123,14.923513,50.68266,65.60656,118.81068300000001,24000,4.0
38,1,uncoded,53.08683,0.032362,49.482982,49.515505,102.602335,24000,4.0
38,1,conv-coded,53.770174,170.976313,53.672502,224.648949,278.419123,24000,4.0
38,1,proposed,53.565303,12.362705,51.409549,63.772611,117.337914,24000,4.0
38,2,uncoded,52.315317,0.031824,50.876443,50.908416,103.22373300000001,24000,4.0
38,2,conv-coded,53.665799,168.607119,50.047698,218.654991,272.32079,24000,4.0
38,2,proposed,55.236034,13.568456,49.679792,63.248522,118.484556,24000,4.0
38,3,uncoded,52.91638,0.03169,49.563185,49.59505,102.51142999999999,24000,4.0
38,3,conv-coded,55.971937,167.040155,49.992473,217.032777,273.00471400000004,24000,4.0
38,3,proposed,55.318798,14.78289,49.962442,64.745638,120.064436,24000,4.0
38,4,uncoded,51.770579,0.032272,50.18037,50.212789,101.983368,24000,4.0
38,4,conv-coded,54.082559,168.32702,48.95319,217.280436,271.362995,24000,4.0
38,4,proposed,53.275887,13.12359,49.53348,62.657367,115.933254,24000,4.0
38,5,uncoded,50.955543,0.037576,49.111331,49.149031,100.104574,24000,4.0
38,5,conv-coded,52.109481,166.893161,50.348204,217.241534,269.351015,24000,4.0
38,5,proposed,51.95309,15.616407,50.104916,65.7217,117.67479,24000,4.0
38,6,uncoded,51.874853,0.032021,49.297038,49.329211,101.204064,24000,4.0
38,6,conv-coded,52.77072,166.82717,50.434223,217.261594,270.032314,24000,4.0
38,6,proposed,52.750913,14.09275,49.122478,63.215456,115.966369,24000,4.0
38,7,uncoded,51.52168,0.033114,49.706191,49.739406,101.261086,24000,4.0
38,7,conv-coded,52.558316,167.799528,50.097157,217.896873,270.455189,24000,4.0
38,7,proposed,52.548815,13.98686,49.328854,63.315909,115.864724,24000,4.0
38,8,uncoded,50.081514,0.03217,49.700525,49.732878,99.814392,19200,4.0
38,8,conv-coded,51.167152,166.857457,51.098356,217.956061,269.123213,19200,4.0
38,8,proposed,51.125058,14.238891,49.670081,63.909222,115.03428,19200,4.0
39,0,uncoded,54.633816,0.03148,50.110613,50.142281,104.776097,24000,4.0
39,0,conv-coded,54.203182,167.745949,49.970808,217.716907,271.92008899999996,24000,4.0
39,0,proposed,53.865356,13.957228,49.913794,63.871258,117.736614,24000,4.0
39,1,uncoded,53.17435,0.036289,51.165667,51.202089,104.376439,24000,4.0
39,1,conv-coded,54.343005,169.890082,51.006544,220.89687,275.239875,24000,4.0
39,1,proposed,54.127008,14.706032,50.8501,65.556593,119.68360100000001,24000,4.0
39,2,uncoded,52.145427,0.031674,51.284666,51.316482,103.46190899999999,24000,4.0
39,2,conv-coded,53.251759,171.259336,50.441191,221.700693,274.952452,24000,4.0
39,2,proposed,53.390723,13.684757,49.652407,63.337447,116.72817,24000,4.0
39,3,uncoded,52.357479,0.032379,50.508615,50.541145,102.898624,24000,4.0
39,3,conv-coded,53.17777,169.54812,49.607411,219.155751,272.333521,24000,4.0
39,3,proposed,53.306791,16.348602,49.453971,65.80289,119.109681,24000,4.0
39,4,uncoded,52.155025,0.031223,48.920815,48.952196,101.10722100000001,24000,4.0
39,4,conv-coded,52.5922,166.938767,49.041922,215.980883,268.573083,24000,4.0
39,4,proposed,52.9972,14.365913,48.898334,63.264579,116.26177899999999,24000,4.0
39,5,uncoded,51.03362,0.0357,49.819371,49.855222,100.888842,24000,4.0
39,5,conv-coded,52.618809,168.287121,49.382678,217.670027,270.288836,24000,4.0
39,5,proposed,52.795636,13.925444,49.545469,63.471201,116.26683700000001,24000,4.0
39,6,uncoded,50.878737,0.032173,49.976059,50.008356,100.887093,24000,4.0
39,6,conv-coded,51.885752,181.775155,50.12104,231.896525,283.782277,24000,4.0
39,6,proposed,51.751494,15.021462,51.439241,66.460882,118.212376,24000,4.0
39,7,uncoded,52.195862,0.031189,51.824366,51.855689,104.05155099999999,24000,4.0
39,7,conv-coded,52.681324,167.836914,51.145858,218.982895,271.664219,24000,4.0
39,7,proposed,52.568995,14.430245,50.410209,64.840713,117.409708,24000,4.0
39,8,uncoded,52.326592,0.033207,49.04417,49.077553,101.404145,24000,4.0
39,8,conv-coded,53.205174,167.646307,52.160458,219.806897,273.012071,24000,4.0
39,8,proposed,52.43031,15.11946,49.814931,64.934722,117.36503199999999,24000,4.0
39,9,uncoded,53.311313,0.03213,51.872473,51.904716,105.21602899999999,24000,4.0
39,9,conv-coded,52.671105,167.870502,50.581941,218.452612,271.123717,24000,4.0
39,9,proposed,52.045819,14.444565,49.800133,64.244955,116.290774,24000,4.0
39,10,uncoded,53.373847,0.03244,51.858584,51.891154,105.265001,24000,4.0
39,10,conv-coded,52.424007,166.184306,50.499119,216.68358,269.107587,24000,4.0
39,10,proposed,51.804356,14.920311,49.550052,64.470618,116.274974,24000,4.0
39,11,uncoded,50.586445,0.031305,52.117149,52.148593,102.735038,4081,4.0
39,11,conv-coded,49.15243,166.804996,57.776401,224.581544,273.733974,4081,4.0
39,11,proposed,48.814704,17.396471,51.167571,68.564396,117.3791,4081,4.0
40,0,uncoded,56.24722,0.032577,52.877905,52.910643,109.15786299999999,24000,4.0
40,0,conv-coded,54.774121,166.713537,51.043481,217.757184,272.531305,24000,4.0
40,0,proposed,52.580833,14.467023,49.953598,64.421558,117.002391,24000,4.0
40,1,uncoded,56.035594,0.032663,52.226572,52.259359,108.294953,24000,4.0
40,1,conv-coded,54.460921,170.939142,52.33172,223.27109,277.732011,24000,4.0
40,1,proposed,53.972482,14.462639,50.81643,65.279385,119.251867,24000,4.0
40,2,uncoded,56.752676,0.036482,52.279992,52.316632,109.069308,24000,4.0
40,2,conv-coded,53.362659,169.888548,51.400261,221.28901,274.65166899999997,24000,4.0
40,2,proposed,52.560204,15.959176,49.207946,65.167334,117.727538,24000,4.0
40,3,uncoded,53.940598,0.032735,51.242493,51.275372,105.21597,24000,4.0
40,3,conv-coded,53.697848,167.462428,50.87359,218.336175,272.034023,24000,4.0
40,3,proposed,53.016281,15.115055,49.772141,64.887481,117.903762,24000,4.0
40,4,uncoded,54.931572,0.03096,51.531697,51.562787,106.494359,24000,4.0
40,4,conv-coded,52.322213,167.274875,51.527443,218.802464,271.12467699999996,24000,4.0
40,4,proposed,51.930352,13.092239,49.488449,62.580977,114.51132899999999,24000,4.0
40,5,uncoded,53.647157,0.032365,51.995543,52.028032,105.675189,24000,4.0
40,5,conv-coded,53.214887,167.014086,50.715144,217.729376,270.944263,24000,4.0
40,5,proposed,52.839095,14.735945,49.180524,63.916652,116.755747,24000,4.0
40,6,uncoded,53.185539,0.031633,50.884327,50.916118,104.10165699999999,24000,4.0
40,6,conv-coded,52.484293,167.074272,51.545413,218.619913,271.104206,24000,4.0
40,6,proposed,52.32127,14.555592,49.054903,63.610781,115.932051,24000,4.0
40,7,uncoded,52.932294,0.036008,51.422486,51.458657,104.390951,24000,4.0
40,7,conv-coded,51.988467,167.485828,51.613368,219.099383,271.08785,24000,4.0
40,7,proposed,52.157381,15.606717,49.85204,65.459206,117.616587,24000,4.0
40,8,uncoded,52.559295,0.031692,50.924744,50.956576,103.515871,24000,4.0
40,8,conv-coded,51.789314,167.831059,50.85278,218.684006,270.47332,24000,4.0
40,8,proposed,51.774185,14.249175,49.95867,64.208085,115.98227,24000,4.0
40,9,uncoded,54.093103,0.033525,51.607516,51.641204,105.734307,24000,4.0
40,9,conv-coded,52.830914,167.740156,51.666882,219.407203,272.238117,24000,4.0
40,9,proposed,52.730312,16.225652,49.152751,65.378647,118.108959,24000,4.0
40,10,uncoded,52.275699,0.031831,50.95644,50.988427,103.264126,24000,4.0
40,10,conv-coded,51.312216,168.039491,51.34894,219.388626,270.70084199999997,24000,4.0
40,10,proposed,50.817579,15.539643,49.170723,64.710913,115.528492,24000,4.0
40,11,uncoded,52.322744,0.031255,51.451807,51.483199,103.805943,24000,4.0
40,11,conv-coded,51.960647,167.073312,51.838345,218.911844,270.872491,24000,4.0
40,11,proposed,51.556152,14.309991,49.211531,63.522138,115.07829,24000,4.0
40,12,uncoded,51.259672,0.031726,51.836237,51.868103,103.127775,24000,4.0
40,12,conv-coded,50.502818,167.053701,51.47985,218.533736,269.036554,24000,4.0
40,12,proposed,50.23682,14.098868,50.106269,64.20538,114.44220000000001,24000,4.0
40,13,uncoded,51.977181,0.033223,50.96733,51.000719,102.9779,19680,4.0
40,13,conv-coded,51.295041,166.107278,51.204414,217.311887,268.60692800000004,19680,4.0
40,13,proposed,50.760116,15.337795,49.313942,64.652141,115.412257,19680,4.0
41,0,uncoded,55.6207,0.031806,51.856483,51.888438,107.50913800000001,24000,4.0
41,0,conv-coded,54.299215,167.823491,51.04081,218.864464,273.163679,24000,4.0
41,0,proposed,52.718912,12.855654,49.910477,62.766594,115.485506,24000,4.0
41,1,uncoded,55.405444,0.03148,53.697685,53.729336,109.13478,24000,4.0
41,1,conv-coded,53.844335,170.79232,52.866247,223.658743,277.50307799999996,24000,4.0
41,1,proposed,53.836044,18.506104,51.138669,69.64513,123.481174,24000,4.0
41,2,uncoded,56.288046,0.0373,52.17716,52.214585,108.50263100000001,24000,4.0
41,2,conv-coded,54.115656,170.200097,50.73851,220.938787,275.054443,24000,4.0
41,2,proposed,52.991533,12.242296,49.075096,61.317807,114.30933999999999,24000,4.0
41,3,uncoded,52.766428,0.032165,52.185167,52.217474,104.983902,24000,4.0
41,3,conv-coded,52.09096,167.466352,51.849608,219.316179,271.40713900000003,24000,4.0
41,3,proposed,51.606078,14.389422,49.306215,63.695808,115.301886,24000,4.0
41,4,uncoded,54.089403,0.032496,51.351252,51.383921,105.47332399999999,24000,4.0
41,4,conv-coded,52.195007,167.493926,51.46721,218.961388,271.156395,24000,4.0
41,4,proposed,51.606488,14.794824,49.921154,64.716347,116.322835,24000,4.0
41,5,uncoded,52.020083,0.031892,51.549392,51.581464,103.601547,24000,4.0
41,5,conv-coded,51.224711,167.870782,50.640532,218.511476,269.736187,24000,4.0
41,5,proposed,50.724751,12.334188,50.041398,62.37587,113.10062099999999,24000,4.0
41,6,uncoded,54.07813,0.032683,51.088459,51.121278,105.199408,24000,4.0
41,6,conv-coded,53.524475,167.887738,50.237419,218.125325,271.6498,24000,4.0
41,6,proposed,52.878612,13.908504,48.775978,62.684683,115.563295,24000,4.0
41,7,uncoded,52.433261,0.032043,51.959578,51.991762,104.42502300000001,24000,4.0
41,7,conv-coded,52.057718,167.050314,51.039147,218.089643,270.147361,24000,4.0
41,7,proposed,51.397434,14.817648,49.201901,64.019825,115.417259,24000,4.0
41,8,uncoded,52.633538,0.031584,50.851449,50.883218,103.516756,24000,4.0
41,8,conv-coded,51.796905,167.012483,50.853995,217.866633,269.663538,24000,4.0
41,8,proposed,51.351807,14.848919,49.651489,64.501023,115.85283000000001,24000,4.0
41,9,uncoded,53.063931,0.031193,51.392774,51.424096,104.48802699999999,24000,4.0
41,9,conv-coded,52.790326,166.746693,51.504215,218.251054,271.04138,24000,4.0
41,9,proposed,51.830318,15.518997,49.960881,65.48019,117.310508,24000,4.0
41,10,uncoded,51.155229,0.03188,48.861087,48.893134,100.048363,24000,4.0
41,10,conv-coded,51.746766,167.992349,49.629318,217.621916,269.368682,24000,4.0
41,10,proposed,51.721012,13.332408,48.867804,62.200512,113.921524,24000,4.0
41,11,uncoded,49.371111,0.031543,49.957087,49.988776,99.359887,6240,4.0
41,11,conv-coded,49.631084,166.754767,49.851151,216.606065,266.237149,6240,4.0
41,11,proposed,49.609628,12.200755,49.379165,61.58014,111.189768,6240,4.0
42,0,uncoded,53.854319,0.030962,48.684363,48.715476,102.569795,24000,4.0
42,0,conv-coded,55.976789,166.876261,49.819108,216.695509,272.67229799999996,24000,4.0
42,0,proposed,52.95229,14.094888,49.028141,63.123396,116.07568599999999,24000,4.0
42,1,uncoded,52.465349,0.031877,50.755717,50.78772,103.25306900000001,24000,4.0
42,1,conv-coded,52.921928,168.748544,53.995705,222.744433,275.666361,24000,4.0
42,1,proposed,53.012488,15.399363,51.734052,67.133759,120.14624699999999,24000,4.0
42,2,uncoded,54.743287,0.032725,50.307577,50.340413,105.0837,24000,4.0
42,2,conv-coded,54.40742,170.097765,51.615421,221.713327,276.120747,24000,4.0
42,2,proposed,54.228885,12.48317,48.932695,61.416197,115.645082,24000,4.0
42,3,uncoded,50.555303,0.030747,49.252075,49.28297,99.838273,24000,4.0
42,3,conv-coded,52.070945,166.838658,49.590185,216.42899,268.499935,24000,4.0
42,3,proposed,51.255816,14.176387,50.272732,64.449482,115.705298,24000,4.0
42,4,uncoded,94.642241,0.031937,48.967388,48.999424,143.641665,24000,4.0
42,4,conv-coded,134.10384,166.978161,49.008271,215.986574,350.090414,24000,4.0
42,4,proposed,53.702386,14.724629,49.625291,64.350239,118.052625,24000,4.0
42,5,uncoded,51.235936,0.032149,48.0965,48.128779,99.364715,24000,4.0
42,5,conv-coded,53.489891,167.185694,48.708627,215.89447,269.384361,24000,4.0
42,5,proposed,51.164021,13.323598,48.753865,62.077736,113.241757,24000,4.0
42,6,uncoded,53.428464,0.031974,50.755445,50.787544,104.21600799999999,24000,4.0
42,6,conv-coded,54.010487,166.335918,49.348232,215.684327,269.694814,24000,4.0
42,6,proposed,51.614008,18.460301,48.849444,67.310006,118.924014,24000,4.0
42,7,uncoded,53.015167,0.032331,49.900033,49.932547,102.94771399999999,24000,4.0
42,7,conv-coded,53.415029,166.680863,49.291134,215.972158,269.387187,24000,4.0
42,7,proposed,51.445443,13.688238,48.402238,62.090761,113.536204,24000,4.0
42,8,uncoded,52.492606,0.033496,49.988214,50.021821,102.51442700000001,24000,4.0
42,8,conv-coded,53.232532,167.362496,49.939196,217.301878,270.53441,24000,4.0
42,8,proposed,51.183386,15.028057,48.616408,63.645186,114.82857200000001,24000,4.0
42,9,uncoded,52.204377,0.031661,50.470017,50.50182,102.706197,24000,4.0
42,9,conv-coded,52.945318,165.994339,49.465107,215.459604,268.404922,24000,4.0
42,9,proposed,50.519182,16.124892,48.323936,64.449101,114.968283,24000,4.0
42,10,uncoded,51.054394,0.031903,51.03264,51.06469,102.119084,7922,4.0
42,10,conv-coded,51.262787,166.945479,49.436477,216.382107,267.644894,7922,4.0
42,10,proposed,49.517563,12.397913,49.032497,61.430698,110.948261,7922,4.0
43,0,uncoded,173.64772,0.03168,50.470822,50.502644,224.150364,24000,4.0
43,0,conv-coded,66.700735,166.118653,51.267049,217.38588,284.086615,24000,4.0
43,0,proposed,51.673352,13.62822,51.760762,65.389328,117.06268,24000,4.0
43,1,uncoded,55.280194,0.031653,51.565358,51.597145,106.877339,24000,4.0
43,1,conv-coded,55.863276,168.357972,52.784544,221.142761,277.006037,24000,4.0
43,1,proposed,53.52253,13.330352,51.610946,64.941606,118.464136,24000,4.0
43,2,uncoded,55.435316,0.032105,51.689073,51.721326,107.156642,24000,4.0
43,2,conv-coded,55.270767,166.080435,49.839159,215.919789,271.190556,24000,4.0
43,2,proposed,52.516094,13.221496,49.198746,62.420489,114.93658300000001,24000,4.0
43,3,uncoded,52.372728,0.032339,51.380238,51.412732,103.78546,24000,4.0
43,3,conv-coded,53.207348,168.008721,50.560901,218.569824,271.777172,24000,4.0
43,3,proposed,51.105807,14.165968,50.696137,64.862302,115.968109,24000,4.0
43,4,uncoded,54.335355,0.03286,50.661806,50.694791,105.030146,24000,4.0
43,4,conv-coded,54.095199,168.181289,49.900511,218.081979,272.17717799999997,24000,4.0
43,4,proposed,52.217604,12.573682,49.931862,62.505817,114.723421,24000,4.0
43,5,uncoded,53.647949,0.032628,50.956138,50.988911,104.63686,24000,4.0
43,5,conv-coded,54.610489,166.462755,49.612247,216.075175,270.685664,24000,4.0
43,5,proposed,52.247293,14.79334,49.272402,64.066052,116.313345,24000,4.0
43,6,uncoded,53.724051,0.032661,50.47955,50.512357,104.23640800000001,24000,4.0
43,6,conv-coded,54.057805,167.418838,49.90417,217.323207,271.381012,24000,4.0
43,6,proposed,51.824617,13.212219,49.685825,62.898305,114.72292200000001,24000,4.0
43,7,uncoded,53.840922,0.03165,49.889757,49.92154,103.762462,24000,4.0
43,7,conv-coded,54.618589,167.019674,49.519033,216.538899,271.157488,24000,4.0
43,7,proposed,52.10673,14.850627,48.583293,63.434166,115.540896,24000,4.0
43,8,uncoded,53.392689,0.031387,50.102198,50.133727,103.526416,24000,4.0
43,8,conv-coded,53.893873,167.264943,50.415965,217.681126,271.574999,24000,4.0
43,8,proposed,51.195051,14.267199,49.106915,63.374575,114.569626,24000,4.0
43,9,uncoded,53.500254,0.032089,49.601706,49.633938,103.134192,24000,4.0
43,9,conv-coded,54.291993,167.951662,49.642855,217.594665,271.886658,24000,4.0
43,9,proposed,51.708773,14.072991,48.414581,62.487901,114.196674,24000,4.0
43,10,uncoded,53.300338,0.033275,50.63335,50.666782,103.96712,24000,4.0
43,10,conv-coded,53.725279,167.969412,49.486089,217.455678,271.18095700000003,24000,4.0
43,10,proposed,51.784687,12.42357,48.918508,61.34229,113.126977,24000,4.0
43,11,uncoded,53.905101,0.031308,50.801907,50.833372,104.738473,24000,4.0
43,11,conv-coded,54.318232,166.333678,49.429275,215.763136,270.081368,24000,4.0
43,11,proposed,51.872207,13.289079,49.409039,62.698476,114.570683,24000,4.0
43,12,uncoded,53.62895,0.032002,50.491829,50.523969,104.152919,24000,4.0
43,12,conv-coded,53.737159,168.237254,50.360299,218.597844,272.33500300000003,24000,4.0
43,12,proposed,51.775547,13.122279,50.765743,63.888233,115.66378,24000,4.0
43,13,uncoded,51.048259,0.036138,50.918589,50.954857,102.003116,3841,4.0
43,13,conv-coded,51.584849,166.227095,50.075927,216.303217,267.888066,3841,4.0
43,13,proposed,49.076812,13.602926,50.440242,64.04344,113.120252,3841,4.0
44,0,uncoded,55.8745,0.03171,51.138989,51.170824,107.045324,24000,4.0
44,0,conv-coded,55.238538,166.701216,49.499598,216.200968,271.439506,24000,4.0
44,0,proposed,52.412733,15.821726,49.511632,65.333662,117.746395,24000,4.0
44,1,uncoded,54.256307,0.031613,49.594704,49.626466,103.882773,24000,4.0
44,1,conv-coded,54.915221,170.255089,51.260054,221.515318,276.430539,24000,4.0
44,1,proposed,52.523664,15.117589,51.200701,66.318635,118.842299,24000,4.0
44,2,uncoded,54.311601,0.03244,52.037679,52.070256,106.381857,24000,4.0
44,2,conv-coded,52.701334,169.508029,50.085222,219.593431,272.294765,24000,4.0
44,2,proposed,53.193718,14.776364,52.113526,66.890216,120.083934,24000,4.0
44,3,uncoded,51.48323,0.034228,48.931978,48.966358,100.449588,24000,4.0
44,3,conv-coded,52.723612,167.793524,50.967966,218.761651,271.48526300000003,24000,4.0
44,3,proposed,51.892155,13.217009,50.032969,63.250336,115.142491,24000,4.0
44,4,uncoded,51.656041,0.031758,49.261002,49.292909,100.94895,24000,4.0
44,4,conv-coded,53.716407,166.978156,50.021003,216.999353,270.71576,24000,4.0
44,4,proposed,52.072933,12.508757,49.245052,61.754116,113.827049,24000,4.0
44,5,uncoded,51.056138,0.032617,49.203049,49.235825,100.291963,24000,4.0
44,5,conv-coded,54.044595,168.028816,49.807742,217.836739,271.881334,24000,4.0
44,5,proposed,53.318361,13.978178,49.77651,63.755261,117.073622,24000,4.0
44,6,uncoded,51.321918,0.032282,48.890283,48.922722,100.24464,24000,4.0
44,6,conv-coded,53.835071,168.640566,49.875428,218.516179,272.35125,24000,4.0
44,6,proposed,52.146742,15.451837,49.723984,65.176146,117.322888,24000,4.0
44,7,uncoded,51.976777,0.03168,49.306681,49.338537,101.315314,24000,4.0
44,7,conv-coded,52.702892,167.671398,52.677236,220.348797,273.051689,24000,4.0
44,7,proposed,52.595738,13.355479,50.715773,64.071647,116.667385,24000,4.0
44,8,uncoded,50.944589,0.031833,48.776878,48.808828,99.753417,24000,4.0
44,8,conv-coded,51.803313,166.174243,51.26017,217.434551,269.237864,24000,4.0
44,8,proposed,51.501978,13.429185,49.410771,62.840441,114.342419,24000,4.0
44,9,uncoded,51.911333,0.032334,49.134391,49.166869,101.078202,24000,4.0
44,9,conv-coded,52.651875,170.488326,49.776926,220.265465,272.91734,24000,4.0
44,9,proposed,54.203244,13.976618,48.9191,62.895894,117.099138,24000,4.0
44,10,uncoded,51.004285,0.031012,49.323837,49.354983,100.359268,24000,4.0
44,10,conv-coded,53.983769,166.595318,49.555842,216.151395,270.13516400000003,24000,4.0
44,10,proposed,53.183432,15.109134,49.814305,64.923841,118.10727299999999,24000,4.0
44,11,uncoded,50.913042,0.031508,49.202159,49.233828,100.14687,24000,4.0
44,11,conv-coded,53.756261,167.398459,49.515618,216.914235,270.670496,24000,4.0
44,11,proposed,51.614686,17.586599,49.48257,67.069592,118.684278,24000,4.0
44,12,uncoded,51.097115,0.03281,48.814248,48.847214,99.94432900000001,24000,4.0
44,12,conv-coded,52.196092,167.591942,51.441921,219.034004,271.230096,24000,4.0
44,12,proposed,52.027914,13.980366,50.363567,64.344249,116.372163,24000,4.0
44,13,uncoded,51.118997,0.032238,48.880341,48.912712,100.031709,24000,4.0
44,13,conv-coded,52.487971,167.469476,51.080967,218.550604,271.038575,24000,4.0
44,13,proposed,52.653343,13.574311,49.668521,63.242989,115.896332,24000,4.0
44,14,uncoded,50.567843,0.032678,49.402319,49.435148,100.00299100000001,20162,4.0
44,14,conv-coded,51.631696,165.861102,49.748365,215.609641,267.241337,20162,4.0
44,14,proposed,51.16528,13.343386,49.249044,62.592664,113.75794400000001,20162,4.0
45,0,uncoded,53.863413,0.033486,49.107413,49.141068,103.004481,24000,4.0
45,0,conv-coded,56.118075,167.621688,49.31887,216.940825,273.0589,24000,4.0
45,0,proposed,55.224081,13.377647,49.935681,63.314174,118.53825499999999,24000,4.0
45,1,uncoded,51.809988,0.031068,50.227019,50.258233,102.068221,24000,4.0
45,1,conv-coded,54.898192,171.433954,50.886369,222.320502,277.218694,24000,4.0
45,1,proposed,53.307201,13.333423,49.901223,63.235078,116.54227900000001,24000,4.0
45,2,uncoded,54.693355,0.031468,50.032293,50.063914,104.757269,24000,4.0
45,2,conv-coded,53.481547,169.80885,51.721094,221.530109,275.011656,24000,4.0
45,2,proposed,53.535663,14.074382,50.374391,64.449119,117.984782,24000,4.0
45,3,uncoded,51.680216,0.031748,49.081971,49.113862,100.794078,24000,4.0
45,3,conv-coded,52.247311,167.581254,51.276718,218.858133,271.10544400000003,24000,4.0
45,3,proposed,51.817728,13.456775,49.444162,62.901324,114.719052,24000,4.0
45,4,uncoded,53.056021,0.031323,49.289774,49.321227,102.37724800000001,24000,4.0
45,4,conv-coded,54.635913,167.936765,49.740691,217.677623,272.313536,24000,4.0
45,4,proposed,53.314965,14.09014,49.399694,63.490003,116.804968,24000,4.0
45,5,uncoded,51.696418,0.032536,49.031808,49.064511,100.760929,24000,4.0
45,5,conv-coded,54.850498,166.620425,49.070126,215.69069,270.541188,24000,4.0
45,5,proposed,53.775632,14.68537,49.928181,64.613803,118.389435,24000,4.0
45,6,uncoded,49.832233,0.031929,50.058514,50.09058,99.922813,24000,4.0
45,6,conv-coded,52.93336,168.326873,49.799197,218.126256,271.059616,24000,4.0
45,6,proposed,51.519575,14.014827,49.936843,63.951958,115.471533,24000,4.0
45,7,uncoded,50.816573,0.031787,49.610629,49.64255,100.459123,24000,4.0
45,7,conv-coded,51.92481,166.40264,51.809271,218.212086,270.136896,24000,4.0
45,7,proposed,51.625819,14.372701,51.70071,66.073707,117.69952599999999,24000,4.0
45,8,uncoded,51.618291,0.031364,49.02831,49.059809,100.6781,24000,4.0
45,8,conv-coded,52.696636,168.630817,50.27708,218.908115,271.604751,24000,4.0
45,8,proposed,52.525499,14.388164,51.513564,65.901954,118.42745300000001,24000,4.0
45,9,uncoded,50.720075,0.032318,51.07272,51.10515,101.825225,24000,4.0
45,9,conv-coded,51.06972,167.764236,51.556533,219.321017,270.390737,24000,4.0
45,9,proposed,53.405225,15.507556,50.183437,65.69118,119.096405,24000,4.0
45,10,uncoded,51.776376,0.031013,49.588783,49.619952,101.396328,24000,4.0
45,10,conv-coded,52.316009,167.308893,50.125724,217.43479,269.750799,24000,4.0
45,10,proposed,52.150233,14.396073,49.768996,64.165294,116.315527,24000,4.0
45,11,uncoded,49.659362,0.032603,50.381458,50.414228,100.07359,7682,4.0
45,11,conv-coded,49.785579,167.13539,50.313225,217.448773,267.234352,7682,4.0
45,11,proposed,50.578097,13.148071,50.069869,63.218276,113.796373,7682,4.0
46,0,uncoded,55.396094,0.032043,50.098062,50.130244,105.526338,24000,4.0
46,0,conv-coded,54.274502,166.802635,50.669673,217.472514,271.747016,24000,4.0
46,0,proposed,54.757421,13.155915,50.291493,63.447744,118.205165,24000,4.0
46,1,uncoded,62.450773,0.034419,51.924472,51.959012,114.409785,24000,4.0
46,1,conv-coded,53.72734,169.696574,51.930231,221.627075,275.354415,24000,4.0
46,1,proposed,54.453462,14.343885,51.171846,65.516059,119.969521,24000,4.0
46,2,uncoded,55.687662,0.032312,51.107643,51.140105,106.827767,24000,4.0
46,2,conv-coded,54.282288,170.134789,52.06762,222.202619,276.484907,24000,4.0
46,2,proposed,54.107369,12.927509,49.595404,62.523233,116.630602,24000,4.0
46,3,uncoded,51.172597,0.03218,49.874456,49.906796,101.07939300000001,24000,4.0
46,3,conv-coded,51.794119,167.624046,49.515276,217.139562,268.93368100000004,24000,4.0
46,3,proposed,51.85876,13.379315,49.926156,63.306203,115.164963,24000,4.0
46,4,uncoded,52.909409,0.031112,49.689986,49.721265,102.630674,24000,4.0
46,4,conv-coded,52.240571,166.311286,50.39886,216.710288,268.950859,24000,4.0
46,4,proposed,52.406163,14.263938,50.355028,64.619329,117.02549199999999,24000,4.0
46,5,uncoded,51.358035,0.031752,49.484852,49.516733,100.874768,24000,4.0
46,5,conv-coded,52.036737,167.668497,49.876496,217.545146,269.581883,24000,4.0
46,5,proposed,52.186023,13.311583,50.330309,63.6422,115.82822300000001,24000,4.0
46,6,uncoded,50.694373,0.031994,50.021868,50.05401,100.74838299999999,24000,4.0
46,6,conv-coded,51.308885,168.546964,51.162457,219.709586,271.018471,24000,4.0
46,6,proposed,51.286042,14.725769,50.044766,64.77087,116.05691200000001,24000,4.0
46,7,uncoded,52.264494,0.032884,49.894481,49.9275,102.191994,24000,4.0
46,7,conv-coded,52.50087,166.527892,50.069401,216.597468,269.098338,24000,4.0
46,7,proposed,52.735942,14.857334,50.123544,64.981175,117.717117,24000,4.0
46,8,uncoded,51.617694,0.030951,49.495331,49.526438,101.144132,24000,4.0
46,8,conv-coded,52.690588,166.581818,49.957961,216.540101,269.230689,24000,4.0
46,8,proposed,52.767269,15.075868,49.636083,64.712272,117.479541,24000,4.0
46,9,uncoded,52.302972,0.032748,49.064417,49.097288,101.40026,24000,4.0
46,9,conv-coded,52.96648,166.070077,50.030131,216.100342,269.066822,24000,4.0
46,9,proposed,52.695835,14.841824,50.061935,64.904107,117.599942,24000,4.0
46,10,uncoded,49.294253,0.032668,50.020018,50.05282,99.347073,5760,4.0
46,10,conv-coded,50.16274,166.054055,50.733807,216.788049,266.950789,5760,4.0
46,10,proposed,49.906797,13.726592,50.645104,64.371936,114.278733,5760,4.0
47,0,uncoded,54.720682,0.03075,49.580227,49.611148,104.33183,24000,4.0
47,0,conv-coded,54.78659,166.183837,49.686251,215.870256,270.65684600000003,24000,4.0
47,0,proposed,53.483874,13.940208,49.934145,63.874746,117.35862,24000,4.0
47,1,uncoded,54.234898,0.030748,50.69379,50.724669,104.95956699999999,24000,4.0
47,1,conv-coded,53.645852,169.096284,52.085709,221.182323,274.828175,24000,4.0
47,1,proposed,53.498105,15.567928,50.940326,66.508676,120.00678099999999,24000,4.0
47,2,uncoded,55.264925,0.036339,50.694736,50.731231,105.996156,24000,4.0
47,2,conv-coded,54.908397,170.399434,50.964349,221.363928,276.27232499999997,24000,4.0
47,2,proposed,54.374882,12.682869,49.683647,62.366852,116.74173400000001,24000,4.0
47,3,uncoded,51.267431,0.030752,49.381311,49.412265,100.679696,24000,4.0
47,3,conv-coded,51.950279,167.18538,50.62289,217.808403,269.758682,24000,4.0
47,3,proposed,51.939062,13.074019,49.868649,62.942834,114.881896,24000,4.0
47,4,uncoded,52.529616,0.032103,49.871412,49.903637,102.43325300000001,24000,4.0
47,4,conv-coded,53.491132,167.385106,50.582577,217.967827,271.458959,24000,4.0
47,4,proposed,52.363717,14.824569,49.64876,64.473601,116.83731800000001,24000,4.0
47,5,uncoded,52.395402,0.032798,49.313454,49.346402,101.741804,24000,4.0
47,5,conv-coded,52.832142,167.372266,50.310543,217.682978,270.51511999999997,24000,4.0
47,5,proposed,53.007569,14.095033,49.990623,64.086036,117.093605,24000,4.0
47,6,uncoded,51.702286,0.030657,50.382649,50.413439,102.115725,24000,4.0
47,6,conv-coded,52.534812,166.230412,50.684227,216.914762,269.449574,24000,4.0
47,6,proposed,52.805141,14.017881,49.980944,63.999027,116.804168,24000,4.0
47,7,uncoded,52.248717,0.033567,48.9709,49.004602,101.253319,24000,4.0
47,7,conv-coded,53.690531,167.511133,50.391178,217.902462,271.59299300000004,24000,4.0
47,7,proposed,52.813149,14.008953,49.868161,63.87744,116.690589,24000,4.0
47,8,uncoded,51.350018,0.031729,49.083699,49.115568,100.465586,24000,4.0
47,8,conv-coded,52.399274,167.086479,50.062539,217.149193,269.548467,24000,4.0
47,8,proposed,52.210809,13.591625,49.179777,62.771592,114.982401,24000,4.0
47,9,uncoded,49.605802,0.031399,49.405631,49.437157,99.042959,10078,4.0
47,9,conv-coded,52.971548,166.577911,50.125791,216.703864,269.675412,10078,4.0
47,9,proposed,51.844994,14.453279,50.136597,64.590131,116.435125,10078,4.0
48,0,uncoded,53.225053,0.031769,49.73937,49.771282,102.996335,24000,4.0
48,0,conv-coded,55.324337,168.94796,49.424305,218.372493,273.69683,24000,4.0
48,0,proposed,52.54614,13.390597,49.36933,62.760318,115.30645799999999,24000,4.0
48,1,uncoded,51.312808,0.032217,50.253526,50.285887,101.59869499999999,24000,4.0
48,1,conv-coded,51.903206,169.568417,53.444591,223.013289,274.916495,24000,4.0
48,1,proposed,52.626701,13.740595,52.012166,65.753207,118.379908,24000,4.0
48,2,uncoded,52.646189,0.032614,51.633116,51.665883,104.312072,24000,4.0
48,2,conv-coded,53.934477,169.184469,51.074653,220.259403,274.19388,24000,4.0
48,2,proposed,54.843911,13.343252,49.876163,63.219809,118.06371999999999,24000,4.0
48,3,uncoded,50.931959,0.032444,48.908195,48.940796,99.872755,24000,4.0
48,3,conv-coded,52.618402,167.00069,49.33733,216.338216,268.956618,24000,4.0
48,3,proposed,52.306465,13.280589,51.32003,64.60103,116.907495,24000,4.0
48,4,uncoded,50.570086,0.033047,51.063202,51.096385,101.666471,24000,4.0
48,4,conv-coded,51.300626,166.969597,50.178694,217.148473,268.449099,24000,4.0
48,4,proposed,50.977697,13.946911,49.08141,63.028607,114.006304,24000,4.0
48,5,uncoded,52.06325,0.031484,50.765629,50.79724,102.86049,24000,4.0
48,5,conv-coded,55.224671,168.520199,49.217613,217.738039,272.96271,24000,4.0
48,5,proposed,51.403732,15.530816,49.497724,65.028898,116.43262999999999,24000,4.0
48,6,uncoded,52.763048,0.032173,50.907997,50.940288,103.70333600000001,24000,4.0
48,6,conv-coded,53.430481,167.628312,50.440952,218.069508,271.499989,24000,4.0
48,6,proposed,51.692107,13.168976,49.242601,62.411784,114.103891,24000,4.0
48,7,uncoded,52.699259,0.03217,50.074391,50.106728,102.80598699999999,24000,4.0
48,7,conv-coded,53.171818,166.485322,49.947968,216.433439,269.605257,24000,4.0
48,7,proposed,51.242428,14.296464,50.287649,64.584406,115.82683399999999,24000,4.0
48,8,uncoded,51.399861,0.032588,51.395481,51.428215,102.82807600000001,3120,4.0
48,8,conv-coded,51.448589,166.299731,50.384478,216.684394,268.13298299999997,3120,4.0
48,8,proposed,49.121399,13.039428,49.966382,63.006148,112.12754699999999,3120,4.0
49,0,uncoded,55.088061,0.031401,50.850807,50.882336,105.970397,24000,4.0
49,0,conv-coded,55.159933,167.972434,49.792072,217.764667,272.9246,24000,4.0
49,0,proposed,52.72933,13.466298,49.69806,63.164628,115.893958,24000,4.0
49,1,uncoded,56.171494,0.033191,52.567638,52.600987,108.772481,24000,4.0
49,1,conv-coded,55.213753,170.562492,51.409475,221.972099,277.18585199999995,24000,4.0
49,1,proposed,52.789557,12.857902,51.229414,64.087941,116.877498,24000,4.0
49,2,uncoded,53.953145,0.031806,52.700426,52.7324,106.68554499999999,24000,4.0
49,2,conv-coded,53.988453,170.038893,50.122982,220.162098,274.150551,24000,4.0
49,2,proposed,51.822891,14.707833,49.13683,63.844908,115.667799,24000,4.0
49,3,uncoded,52.345075,0.031466,51.023995,51.055627,103.400702,24000,4.0
49,3,conv-coded,53.367645,168.151766,49.804976,217.956945,271.32459,24000,4.0
49,3,proposed,50.252965,14.012532,49.37605,63.388813,113.641778,24000,4.0
49,4,uncoded,53.968166,0.033163,51.415385,51.448707,105.416873,24000,4.0
49,4,conv-coded,54.080422,167.158283,49.700571,216.859014,270.939436,24000,4.0
49,4,proposed,52.068635,14.163468,48.967024,63.130648,115.19928300000001,24000,4.0
49,5,uncoded,52.436767,0.032834,51.148669,51.181677,103.61844400000001,24000,4.0
49,5,conv-coded,53.737386,167.681544,50.169121,217.850861,271.588247,24000,4.0
49,5,proposed,54.573911,13.134172,49.230468,62.364893,116.938804,24000,4.0
49,6,uncoded,53.119963,0.032041,50.697178,50.729348,103.849311,24000,4.0
49,6,conv-coded,53.37792,166.252629,50.181459,216.434237,269.812157,24000,4.0
49,6,proposed,51.372373,13.498392,48.788869,62.287453,113.65982600000001,24000,4.0
49,7,uncoded,52.935382,0.031027,52.35417,52.385356,105.320738,24000,4.0
49,7,conv-coded,52.955028,168.184261,50.110111,218.294529,271.249557,24000,4.0
49,7,proposed,51.737206,13.532137,49.440087,62.972506,114.709712,24000,4.0
49,8,uncoded,54.008853,0.031806,50.873346,50.90529,104.914143,24000,4.0
49,8,conv-coded,54.394593,167.914806,48.812946,216.728005,271.122598,24000,4.0
49,8,proposed,53.013622,13.934117,48.431193,62.365748,115.37937,24000,4.0
49,9,uncoded,53.079471,0.032216,50.833914,50.866274,103.94574499999999,24000,4.0
49,9,conv-coded,53.79861,167.568378,49.402988,216.971545,270.770155,24000,4.0
49,9,proposed,52.091803,13.608681,49.091867,62.700864,114.792667,24000,4.0
49,10,uncoded,53.218194,0.035865,50.581705,50.617733,103.835927,24000,4.0
49,10,conv-coded,53.995937,167.986528,49.94391,217.930599,271.926536,24000,4.0
49,10,proposed,52.092092,15.377993,49.219477,64.597689,116.68978100000001,24000,4.0
49,11,uncoded,52.091233,0.033243,50.038784,50.072189,102.163422,18000,4.0
49,11,conv-coded,53.591339,166.219392,50.301557,216.521136,270.112475,18000,4.0
49,11,proposed,50.873118,14.14772,49.527117,63.675166,114.548284,18000,4.0
50,0,uncoded,54.704026,0.031886,50.225846,50.2579,104.961926,24000,4.0
50,0,conv-coded,54.942347,167.611396,60.749821,228.361402,283.303749,24000,4.0
50,0,proposed,52.398775,15.291346,49.251043,64.542812,116.941587,24000,4.0
50,1,uncoded,53.939734,0.031951,57.738293,57.770404,111.710138,24000,4.0
50,1,conv-coded,54.047689,172.407571,52.357361,224.76519,278.812879,24000,4.0
50,1,proposed,52.087334,15.770765,52.499085,68.270156,120.35749,24000,4.0
50,2,uncoded,57.795851,0.032936,52.568101,52.60121,110.39706100000001,24000,4.0
50,2,conv-coded,56.229423,168.146549,49.534328,217.681058,273.910481,24000,4.0
50,2,proposed,53.968993,15.47821,49.522345,65.000883,118.969876,24000,4.0
50,3,uncoded,52.369077,0.031192,51.869025,51.90035,104.26942700000001,24000,4.0
50,3,conv-coded,53.649826,168.048048,49.219203,217.267413,270.917239,24000,4.0
50,3,proposed,50.83634,15.443318,49.153105,64.596616,115.43295599999999,24000,4.0
50,4,uncoded,54.163126,0.030988,50.671784,50.702917,104.86604299999999,24000,4.0
50,4,conv-coded,53.191609,166.252619,49.880614,216.13337,269.324979,24000,4.0
50,4,proposed,50.893431,14.762568,48.883755,63.646533,114.539964,24000,4.0
50,5,uncoded,52.829146,0.03164,51.366204,51.397964,104.22711000000001,24000,4.0
50,5,conv-coded,53.642579,166.176311,49.191582,215.368068,269.010647,24000,4.0
50,5,proposed,51.476226,13.554129,48.728752,62.283115,113.759341,24000,4.0
50,6,uncoded,52.330629,0.036636,50.828612,50.865397,103.196026,24000,4.0
50,6,conv-coded,52.784573,166.306715,49.996124,216.302987,269.08756,24000,4.0
50,6,proposed,50.504209,13.753537,49.657228,63.411042,113.91525100000001,24000,4.0
50,7,uncoded,52.429998,0.031524,50.574562,50.606263,103.036261,24000,4.0
50,7,conv-coded,52.741212,166.003483,48.871658,214.875281,267.616493,24000,4.0
50,7,proposed,51.482518,13.727204,48.547196,62.274723,113.757241,24000,4.0
50,8,uncoded,53.73375,0.031123,48.918464,48.949685,102.683435,24000,4.0
50,8,conv-coded,53.658917,167.749618,49.943602,217.693353,271.35227,24000,4.0
50,8,proposed,51.79182,13.156421,50.099677,63.256432,115.04825199999999,24000,4.0
50,9,uncoded,50.164427,0.031276,50.72238,50.753775,100.91820200000001,18240,4.0
50,9,conv-coded,50.677309,167.388762,49.501806,216.890818,267.568127,18240,4.0
50,9,proposed,50.582049,13.472955,49.932356,63.405577,113.987626,18240,4.0
51,0,uncoded,53.711095,0.032386,49.357265,49.389791,103.100886,24000,4.0
51,0,conv-coded,55.014433,166.454691,50.893736,217.348634,272.363067,24000,4.0
51,0,proposed,52.851215,13.384674,49.055259,62.44052,115.291735,24000,4.0
51,1,uncoded,51.808212,0.032254,52.259541,52.29196,104.100172,24000,4.0
51,1,conv-coded,53.981036,169.878204,52.207622,222.086003,276.067039,24000,4.0
51,1,proposed,52.99696,13.303706,51.177789,64.481865,117.478825,24000,4.0
51,2,uncoded,51.730617,0.032206,51.297099,51.329475,103.060092,24000,4.0
51,2,conv-coded,56.579449,169.726261,49.99733,219.723793,276.303242,24000,4.0
51,2,proposed,53.751863,14.159954,49.654247,63.814547,117.56640999999999,24000,4.0
51,3,uncoded,51.147414,0.035644,48.946992,48.982795,100.13020900000001,24000,4.0
51,3,conv-coded,53.860599,167.957805,49.106106,217.064095,270.924694,24000,4.0
51,3,proposed,51.472834,15.28846,49.419476,64.708259,116.181093,24000,4.0
51,4,uncoded,51.254655,0.032157,49.511489,49.543795,100.79845,24000,4.0
51,4,conv-coded,52.610389,168.195836,52.05357,220.249565,272.859954,24000,4.0
51,4,proposed,54.033329,14.510397,50.869935,65.380684,119.41401300000001,24000,4.0
51,5,uncoded,51.060633,0.03113,49.85714,49.888441,100.949074,24000,4.0
51,5,conv-coded,52.189239,166.123925,51.275037,217.39916,269.588399,24000,4.0
51,5,proposed,51.732309,15.140436,49.419696,64.560319,116.29262800000001,24000,4.0
51,6,uncoded,50.933723,0.032093,49.246393,49.278621,100.212344,24000,4.0
51,6,conv-coded,52.048038,167.072426,49.602345,216.675033,268.723071,24000,4.0
51,6,proposed,52.024099,12.631389,50.104005,62.735725,114.75982400000001,24000,4.0
51,7,uncoded,51.587107,0.030795,49.458621,49.489572,101.07667900000001,24000,4.0
51,7,conv-coded,54.71962,166.221017,49.684896,215.906106,270.625726,24000,4.0
51,7,proposed,53.591011,16.708145,50.009631,66.718186,120.30919700000001,24000,4.0
51,8,uncoded,50.482167,0.032138,49.187324,49.2196,99.70176699999999,24000,4.0
51,8,conv-coded,52.730883,167.520119,50.009483,217.529788,270.260671,24000,4.0
51,8,proposed,51.289762,14.95399,49.947682,64.901868,116.19163,24000,4.0
51,9,uncoded,51.304599,0.036667,49.278114,49.314939,100.619538,24000,4.0
51,9,conv-coded,51.912423,166.080502,52.454412,218.535082,270.447505,24000,4.0
51,9,proposed,51.868013,14.96602,49.737227,64.703456,116.57146900000001,24000,4.0
51,10,uncoded,50.535744,0.031407,48.936493,48.968056,99.5038,24000,4.0
51,10,conv-coded,51.432523,168.136556,50.949021,219.085752,270.518275,24000,4.0
51,10,proposed,51.195367,13.847053,50.42184,64.269133,115.46449999999999,24000,4.0
51,11,uncoded,50.867565,0.031444,48.842134,48.873734,99.741299,24000,4.0
51,11,conv-coded,51.302041,165.979724,52.897432,218.877331,270.179372,24000,4.0
51,11,proposed,50.951367,13.445523,50.563402,64.00937,114.960737,24000,4.0
51,12,uncoded,51.225284,0.031358,49.364699,49.396215,100.621499,24000,4.0
51,12,conv-coded,52.203943,166.635966,51.572983,218.209179,270.413122,24000,4.0
51,12,proposed,51.750452,15.515319,49.349934,64.8655,116.615952,24000,4.0
51,13,uncoded,48.647159,0.032367,49.663802,49.696316,98.34347500000001,3601,4.0
51,13,conv-coded,49.822466,166.066068,50.391168,216.4574,266.279866,3601,4.0
51,13,proposed,49.724956,14.24182,50.176298,64.418574,114.14353,3601,4.0
52,0,uncoded,53.167786,0.031759,48.81053,48.84243,102.010216,24000,4.0
52,0,conv-coded,55.960023,167.491732,50.101609,217.593512,273.553535,24000,4.0
52,0,proposed,55.008132,14.131883,49.341301,63.473592,118.481724,24000,4.0
52,1,uncoded,53.34633,0.032864,50.236445,50.269469,103.61579900000001,24000,4.0
52,1,conv-coded,54.46624,169.918,50.567943,220.48616,274.9524,24000,4.0
52,1,proposed,54.34596,14.561039,50.104452,64.665952,119.011912,24000,4.0
52,2,uncoded,54.553838,0.032369,50.460114,50.492603,105.046441,24000,4.0
52,2,conv-coded,54.458399,169.870509,50.338217,220.208979,274.667378,24000,4.0
52,2,proposed,53.967274,13.525848,49.077729,62.604024,116.57129800000001,24000,4.0
52,3,uncoded,50.964372,0.031238,49.587224,49.618648,100.58302,24000,4.0
52,3,conv-coded,51.933327,167.7743,50.221048,217.995494,269.928821,24000,4.0
52,3,proposed,51.815462,13.082403,49.119323,62.201944,114.017406,24000,4.0
52,4,uncoded,53.035211,0.033479,48.859865,48.893562,101.928773,24000,4.0
52,4,conv-coded,53.442107,168.551933,49.792589,218.344727,271.786834,24000,4.0
52,4,proposed,50.571217,12.714838,50.587889,63.303003,113.87422,24000,4.0
52,5,uncoded,50.60503,0.031812,49.46989,49.501833,100.106863,24000,4.0
52,5,conv-coded,51.934138,166.61763,51.310095,217.927996,269.862134,24000,4.0
52,5,proposed,51.221561,13.675685,50.400028,64.075925,115.29748599999999,24000,4.0
52,6,uncoded,51.347416,0.032183,49.371588,49.403932,100.75134800000001,24000,4.0
52,6,conv-coded,52.657725,167.428917,50.35523,217.784334,270.442059,24000,4.0
52,6,proposed,52.248003,14.759778,49.321243,64.0812,116.32920299999999,24000,4.0
52,7,uncoded,51.709712,0.031722,48.847955,48.879809,100.589521,24000,4.0
52,7,conv-coded,54.417187,167.043776,49.814505,216.858478,271.275665,24000,4.0
52,7,proposed,53.759996,14.358071,49.911845,64.270253,118.030249,24000,4.0
52,8,uncoded,50.375844,0.032326,49.078475,49.110952,99.486796,24000,4.0
52,8,conv-coded,52.821385,166.650226,50.617628,217.268038,270.089423,24000,4.0
52,8,proposed,51.248761,15.724654,49.422519,65.147632,116.396393,24000,4.0
52,9,uncoded,51.428626,0.032005,48.921974,48.95413,100.382756,24000,4.0
52,9,conv-coded,52.213534,166.886405,52.118363,219.004896,271.21843,24000,4.0
52,9,proposed,52.005212,14.519906,50.792377,65.312611,117.317823,24000,4.0
52,10,uncoded,50.664773,0.031017,49.235096,49.26627,99.93104299999999,18959,4.0
52,10,conv-coded,51.601189,167.792303,51.805874,219.598436,271.19962499999997,18959,4.0
52,10,proposed,51.149183,15.595003,49.407322,65.002587,116.15177,18959,4.0
53,0,uncoded,52.920341,0.031657,49.321673,49.353492,102.273833,24000,4.0
53,0,conv-coded,53.978367,167.229911,50.026735,217.256814,271.235181,24000,4.0
53,0,proposed,53.956085,15.334944,49.18582,64.521236,118.477321,24000,4.0
53,1,uncoded,52.374167,0.032629,50.375509,50.408302,102.78246899999999,24000,4.0
53,1,conv-coded,55.935326,172.234658,50.717929,222.9529,278.88822600000003,24000,4.0
53,1,proposed,54.74201,14.045759,51.308091,65.354382,120.09639200000001,24000,4.0
53,2,uncoded,54.732672,0.031716,50.006074,50.037952,104.770624,24000,4.0
53,2,conv-coded,55.674413,170.876778,49.704263,220.581229,276.255642,24000,4.0
53,2,proposed,52.543929,14.077549,49.665704,63.743696,116.28762499999999,24000,4.0
53,3,uncoded,51.041965,0.03206,49.4888,49.520998,100.562963,24000,4.0
53,3,conv-coded,52.049481,167.266534,52.168951,219.435679,271.48516,24000,4.0
53,3,proposed,52.150819,14.719236,51.523415,66.243069,118.393888,24000,4.0
53,4,uncoded,52.280971,0.031639,48.873422,48.905229,101.1862,24000,4.0
53,4,conv-coded,53.471445,166.76728,51.028316,217.795782,271.267227,24000,4.0
53,4,proposed,52.488117,14.998271,50.001378,64.999916,117.488033,24000,4.0
53,5,uncoded,51.146595,0.032208,49.727087,49.759452,100.906047,24000,4.0
53,5,conv-coded,52.614859,167.274646,50.043727,217.318563,269.933422,24000,4.0
53,5,proposed,52.080378,13.76202,48.989218,62.751427,114.831805,24000,4.0
53,6,uncoded,49.421563,0.03054,50.078716,50.109382,99.530945,24000,4.0
53,6,conv-coded,52.347588,166.077005,49.831381,215.908557,268.256145,24000,4.0
53,6,proposed,51.52207,16.733645,50.325096,67.059162,118.581232,24000,4.0
53,7,uncoded,51.614602,0.031784,48.370745,48.40271,100.017312,24000,4.0
53,7,conv-coded,54.522529,168.075747,49.117226,217.193141,271.71567,24000,4.0
53,7,proposed,51.609723,14.307286,48.829284,63.136858,114.74658099999999,24000,4.0
53,8,uncoded,51.300204,0.032099,49.436412,49.468682,100.76888600000001,24000,4.0
53,8,conv-coded,52.151777,167.687777,52.259934,219.947864,272.099641,24000,4.0
53,8,proposed,51.702798,12.684762,50.885594,63.570925,115.273723,24000,4.0
53,9,uncoded,50.802714,0.036708,49.426569,49.463447,100.26616100000001,24000,4.0
53,9,conv-coded,52.066217,168.073567,51.392612,219.466358,271.532575,24000,4.0
53,9,proposed,51.171232,13.900567,49.62944,63.530337,114.701569,24000,4.0
53,10,uncoded,51.721264,0.032038,48.99018,49.022354,100.743618,24000,4.0
53,10,conv-coded,52.630296,166.466623,50.423025,216.88986,269.520156,24000,4.0
53,10,proposed,52.536164,12.509508,49.176782,61.686691,114.22285500000001,24000,4.0
53,11,uncoded,51.392025,0.031515,49.000094,49.031746,100.42377099999999,24000,4.0
53,11,conv-coded,54.343026,166.756601,49.629366,216.386138,270.72916399999997,24000,4.0
53,11,proposed,52.782875,16.340044,48.904255,65.244582,118.027457,24000,4.0
53,12,uncoded,51.037917,0.031855,48.891158,48.923185,99.961102,24000,4.0
53,12,conv-coded,53.391596,167.338091,49.712272,217.050577,270.442173,24000,4.0
53,12,proposed,51.457817,13.191931,49.061532,62.253793,113.71161000000001,24000,4.0
53,13,uncoded,49.320153,0.030981,49.15355,49.184683,98.504836,5281,4.0
53,13,conv-coded,50.300084,165.695216,52.852179,218.547552,268.84763599999997,5281,4.0
53,13,proposed,49.620015,13.488019,50.945879,64.434313,114.054328,5281,4.0
54,0,uncoded,55.231391,0.03232,49.027112,49.059582,104.29097300000001,24000,4.0
54,0,conv-coded,54.427167,167.161326,51.22787,218.389399,272.81656599999997,24000,4.0
54,0,proposed,54.249848,14.856307,49.300656,64.157456,118.407304,24000,4.0
54,1,uncoded,53.033322,0.031626,51.012434,51.044186,104.077508,24000,4.0
54,1,conv-coded,54.317441,169.541784,51.767634,221.309648,275.627089,24000,4.0
54,1,proposed,53.707112,14.23793,51.902638,66.140942,119.84805399999999,24000,4.0
54,2,uncoded,55.594036,0.031409,50.298334,50.329901,105.923937,24000,4.0
54,2,conv-coded,54.254731,171.912187,50.592884,222.505219,276.75995,24000,4.0
54,2,proposed,53.393296,15.474121,48.75139,64.225758,117.619054,24000,4.0
54,3,uncoded,49.587115,0.031361,49.444651,49.476182,99.063297,24000,4.0
54,3,conv-coded,52.893983,167.096332,49.240414,216.336951,269.230934,24000,4.0
54,3,proposed,52.035969,14.125531,49.432617,63.558454,115.594423,24000,4.0
54,4,uncoded,51.730201,0.032414,49.074758,49.107305,100.83750599999999,24000,4.0
54,4,conv-coded,54.973966,167.353239,49.761027,217.114407,272.088373,24000,4.0
54,4,proposed,52.014626,14.668461,49.681684,64.350467,116.365093,24000,4.0
54,5,uncoded,52.060817,0.031855,49.483948,49.515934,101.576751,24000,4.0
54,5,conv-coded,52.484931,168.839077,52.296418,221.13574,273.620671,24000,4.0
54,5,proposed,52.943616,13.704568,50.069401,63.774239,116.717855,24000,4.0
54,6,uncoded,50.875202,0.031748,48.496945,48.528835,99.404037,24000,4.0
54,6,conv-coded,51.693596,167.197377,51.75736,218.954904,270.6485,24000,4.0
54,6,proposed,51.085081,16.432403,49.800437,66.233176,117.318257,24000,4.0
54,7,uncoded,51.222774,0.03166,50.143007,50.174789,101.39756299999999,24000,4.0
54,7,conv-coded,52.334991,166.132599,50.031527,216.164383,268.499374,24000,4.0
54,7,proposed,51.921707,14.572945,49.427985,64.001138,115.922845,24000,4.0
54,8,uncoded,51.966875,0.032922,51.151887,51.184963,103.151838,24000,4.0
54,8,conv-coded,55.199191,168.792469,49.239913,218.032523,273.231714,24000,4.0
54,8,proposed,52.048341,13.313296,49.319773,62.633453,114.681794,24000,4.0
54,9,uncoded,53.379618,0.031361,50.973377,51.004876,104.384494,24000,4.0
54,9,conv-coded,54.673788,166.978373,49.801626,216.78016,271.45394799999997,24000,4.0
54,9,proposed,52.721971,13.491799,50.144937,63.637114,116.359085,24000,4.0
54,10,uncoded,52.349535,0.032794,50.316456,50.349384,102.698919,24000,4.0
54,10,conv-coded,53.519105,167.897689,49.856719,217.754603,271.273708,24000,4.0
54,10,proposed,51.084354,14.423621,49.837205,64.261082,115.345436,24000,4.0
54,11,uncoded,51.222532,0.032816,49.385268,49.418233,100.640765,6481,4.0
54,11,conv-coded,51.718984,168.076894,49.722512,217.799612,269.518596,6481,4.0
54,11,proposed,49.615341,13.83604,49.698907,63.535194,113.15053499999999,6481,4.0
55,0,uncoded,54.987522,0.031644,49.455606,49.487433,104.474955,24000,4.0
55,0,conv-coded,55.225246,167.130105,48.875692,216.005943,271.231189,24000,4.0
55,0,proposed,54.336282,13.763253,48.886355,62.650046,116.986328,24000,4.0
55,1,uncoded,53.632295,0.030912,50.068693,50.099771,103.732066,24000,4.0
55,1,conv-coded,54.810046,170.724666,53.287285,224.012144,278.82219,24000,4.0
55,1,proposed,54.112912,15.868072,51.783419,67.651858,121.76477,24000,4.0
55,2,uncoded,55.007235,0.032651,50.386239,50.419079,105.426314,24000,4.0
55,2,conv-coded,54.590195,169.396517,50.196739,219.593438,274.183633,24000,4.0
55,2,proposed,53.906991,14.559108,49.296397,63.855786,117.762777,24000,4.0
55,3,uncoded,50.219711,0.032527,50.097503,50.130167,100.34987799999999,24000,4.0
55,3,conv-coded,53.404418,166.623087,49.784,216.407369,269.811787,24000,4.0
55,3,proposed,52.34563,16.071593,50.296095,66.367922,118.71355199999999,24000,4.0
55,4,uncoded,53.292516,0.031265,48.92807,48.959502,102.25201799999999,24000,4.0
55,4,conv-coded,54.845647,166.11826,49.293833,215.412271,270.257918,24000,4.0
55,4,proposed,53.06034,12.885068,48.88452,61.769857,114.830197,24000,4.0
55,5,uncoded,52.029251,0.030679,48.331929,48.36274,100.391991,24000,4.0
55,5,conv-coded,52.292129,170.138996,51.776974,221.916156,274.208285,24000,4.0
55,5,proposed,52.303955,13.17835,50.015593,63.194276,115.498231,24000,4.0
55,6,uncoded,51.620426,0.032375,48.967142,48.999655,100.620081,24000,4.0
55,6,conv-coded,52.147488,167.477892,51.337302,218.815338,270.962826,24000,4.0
55,6,proposed,52.216943,13.08589,49.315836,62.401918,114.61886100000001,24000,4.0
55,7,uncoded,50.718627,0.031816,49.392489,49.424454,100.143081,24000,4.0
55,7,conv-coded,51.972576,168.1426,50.119709,218.262473,270.235049,24000,4.0
55,7,proposed,51.584943,11.796299,49.258784,61.055295,112.64023800000001,24000,4.0
55,8,uncoded,51.093462,0.031641,48.818598,48.850386,99.943848,24000,4.0
55,8,conv-coded,54.561299,166.361076,49.416989,215.778223,270.339522,24000,4.0
55,8,proposed,53.208282,13.957436,49.419576,63.377464,116.585746,24000,4.0
55,9,uncoded,50.288297,0.031167,48.870487,48.901788,99.19008500000001,24000,4.0
55,9,conv-coded,52.140491,166.003323,49.301709,215.305168,267.445659,24000,4.0
55,9,proposed,50.329894,15.872775,49.683397,65.55642,115.886314,24000,4.0
55,10,uncoded,51.088104,0.031956,48.924405,48.956524,100.044628,21841,4.0
55,10,conv-coded,51.69723,167.184325,51.736237,218.920707,270.617937,21841,4.0
55,10,proposed,51.721048,16.387257,51.979431,68.366983,120.088031,21841,4.0
56,0,uncoded,53.084835,0.031628,49.445569,49.477356,102.562191,24000,4.0
56,0,conv-coded,53.137822,168.850971,51.60269,220.453828,273.59164999999996,24000,4.0
56,0,proposed,52.802172,13.879636,50.116242,63.996346,116.798518,24000,4.0
56,1,uncoded,51.593119,0.033841,50.319029,50.353031,101.94615,24000,4.0
56,1,conv-coded,52.274251,170.871867,51.265585,222.13759,274.411841,24000,4.0
56,1,proposed,52.276945,13.754297,50.39445,64.149184,116.426129,24000,4.0
56,2,uncoded,56.090487,0.031819,50.06788,50.099838,106.190325,24000,4.0
56,2,conv-coded,55.262183,169.969508,49.378171,219.347944,274.61012700000003,24000,4.0
56,2,proposed,54.520896,13.515774,49.782892,63.298891,117.81978699999999,24000,4.0
56,3,uncoded,50.978095,0.032758,48.704808,48.737702,99.71579700000001,24000,4.0
56,3,conv-coded,51.675725,167.995162,52.514032,220.509341,272.185066,24000,4.0
56,3,proposed,51.753059,14.987985,50.800919,65.789174,117.54223300000001,24000,4.0
56,4,uncoded,52.876802,0.032574,49.636809,49.669546,102.546348,24000,4.0
56,4,conv-coded,54.369051,167.2042,50.385516,217.589872,271.958923,24000,4.0
56,4,proposed,52.697475,14.500282,49.665746,64.166227,116.863702,24000,4.0
56,5,uncoded,52.019432,0.035306,50.535992,50.571474,102.590906,24000,4.0
56,5,conv-coded,52.539997,166.532752,50.285774,216.818699,269.358696,24000,4.0
56,5,proposed,52.609093,14.101964,49.992033,64.094188,116.703281,24000,4.0
56,6,uncoded,52.094317,0.032049,48.836636,48.86883,100.96314699999999,24000,4.0
56,6,conv-coded,52.48379,167.24947,49.919469,217.169132,269.652922,24000,4.0
56,6,proposed,52.042698,14.292376,49.543092,63.835768,115.878466,24000,4.0
56,7,uncoded,51.261927,0.031922,48.59401,48.626079,99.88800599999999,24000,4.0
56,7,conv-coded,52.424878,166.855096,50.242608,217.0979,269.522778,24000,4.0
56,7,proposed,52.018999,13.323943,49.000038,62.324277,114.343276,24000,4.0
56,8,uncoded,51.791484,0.03174,49.627267,49.659141,101.450625,24000,4.0
56,8,conv-coded,54.82393,167.249543,49.494887,216.744617,271.568547,24000,4.0
56,8,proposed,53.946122,16.181905,49.681597,65.863788,119.80991,24000,4.0
56,9,uncoded,49.71869,0.031549,49.212132,49.243825,98.962515,8400,4.0
56,9,conv-coded,51.880483,167.669454,49.929374,217.598996,269.47947899999997,8400,4.0
56,9,proposed,49.556211,13.923001,49.844437,63.767987,113.324198,8400,4.0
57,0,uncoded,53.489429,0.031531,49.007552,49.039242,102.528671,24000,4.0
57,0,conv-coded,53.809846,167.42336,51.324163,218.747715,272.557561,24000,4.0
57,0,proposed,53.129269,13.476661,51.565103,65.042087,118.171356,24000,4.0
57,1,uncoded,53.056288,0.033083,49.836005,49.869246,102.925534,24000,4.0
57,1,conv-coded,53.865606,170.512495,52.327583,222.840289,276.705895,24000,4.0
57,1,proposed,53.130478,14.0301,50.146243,64.176935,117.307413,24000,4.0
57,2,uncoded,52.285853,0.031985,49.807603,49.839712,102.125565,24000,4.0
57,2,conv-coded,53.363817,169.013748,49.085314,218.099278,271.463095,24000,4.0
57,2,proposed,54.388567,13.731323,50.406945,64.138566,118.52713299999999,24000,4.0
57,3,uncoded,52.170332,0.031175,48.859082,48.890369,101.060701,24000,4.0
57,3,conv-coded,52.468025,167.414502,52.197208,219.61188,272.079905,24000,4.0
57,3,proposed,52.045415,14.234762,50.075281,64.31061,116.35602499999999,24000,4.0
57,4,uncoded,51.514307,0.032298,49.763936,49.796367,101.310674,24000,4.0
57,4,conv-coded,52.210208,166.864644,50.573382,217.438191,269.648399,24000,4.0
57,4,proposed,51.822638,14.201985,49.907414,64.109691,115.932329,24000,4.0
57,5,uncoded,51.464812,0.035511,49.347145,49.382824,100.847636,24000,4.0
57,5,conv-coded,52.813543,167.028604,50.072789,217.101574,269.915117,24000,4.0
57,5,proposed,52.778588,14.07426,49.724379,63.7989,116.577488,24000,4.0
57,6,uncoded,50.575772,0.03265,49.12474,49.157559,99.73333099999999,24000,4.0
57,6,conv-coded,53.834722,166.871594,49.247492,216.119288,269.95401000000004,24000,4.0
57,6,proposed,52.271268,14.642396,50.548394,65.191131,117.462399,24000,4.0
57,7,uncoded,51.558502,0.034163,48.651701,48.685989,100.244491,24000,4.0
57,7,conv-coded,54.18481,167.434985,49.076828,216.512041,270.69685100000004,24000,4.0
57,7,proposed,51.453238,13.488561,49.151102,62.639875,114.093113,24000,4.0
57,8,uncoded,51.578096,0.032158,48.215288,48.247591,99.825687,24000,4.0
57,8,conv-coded,52.630237,165.944779,51.701345,217.646333,270.27657,24000,4.0
57,8,proposed,52.52816,12.337881,50.311233,62.649398,115.177558,24000,4.0
57,9,uncoded,51.27709,0.031769,48.733774,48.765705,100.042795,24000,4.0
57,9,conv-coded,52.054691,166.714958,50.892992,217.608113,269.662804,24000,4.0
57,9,proposed,50.846352,14.04747,49.650792,63.698599,114.544951,24000,4.0
57,10,uncoded,51.994019,0.032189,48.983945,49.016274,101.010293,24000,4.0
57,10,conv-coded,53.065112,167.413316,49.882122,217.295594,270.360706,24000,4.0
57,10,proposed,52.902843,13.776841,49.012122,62.789236,115.692079,24000,4.0
57,11,uncoded,49.653728,0.031054,51.824906,51.856103,101.50983099999999,11519,4.0
57,11,conv-coded,52.90175,167.451281,50.248217,217.699657,270.601407,11519,4.0
57,11,proposed,51.494974,14.424292,50.071305,64.49586,115.99083399999999,11519,4.0
58,0,uncoded,55.939467,0.03227,51.379461,51.411877,107.351344,24000,4.0
58,0,conv-coded,55.948887,167.117107,50.425288,217.54255,273.491437,24000,4.0
58,0,proposed,54.856862,12.479024,49.094735,61.573942,116.430804,24000,4.0
58,1,uncoded,53.622447,0.030649,50.149923,50.180721,103.803168,24000,4.0
58,1,conv-coded,55.030024,170.0329,50.494025,220.527124,275.557148,24000,4.0
58,1,proposed,54.072628,15.756378,50.424704,66.181556,120.25418400000001,24000,4.0
58,2,uncoded,54.958491,0.032318,50.792758,50.825227,105.783718,24000,4.0
58,2,conv-coded,53.64423,170.43043,50.250672,220.68135,274.32558,24000,4.0
58,2,proposed,53.170999,15.376411,49.500766,64.877455,118.04845399999999,24000,4.0
58,3,uncoded,51.456327,0.031476,49.875887,49.907524,101.36385100000001,24000,4.0
58,3,conv-coded,52.3937,166.77679,49.516957,216.293892,268.687592,24000,4.0
58,3,proposed,53.860225,14.726428,49.444335,64.171146,118.031371,24000,4.0
58,4,uncoded,53.171897,0.031739,48.714074,48.74594,101.91783699999999,24000,4.0
58,4,conv-coded,56.061788,167.410432,49.717213,217.127787,273.189575,24000,4.0
58,4,proposed,53.80049,14.881357,49.580981,64.462556,118.263046,24000,4.0
58,5,uncoded,51.9556,0.037187,48.885103,48.922414,100.87801400000001,24000,4.0
58,5,conv-coded,54.798378,166.167398,49.045893,215.213439,270.011817,24000,4.0
58,5,proposed,53.0201,12.652548,49.305068,61.957981,114.978081,24000,4.0
58,6,uncoded,51.040543,0.030975,49.439537,49.47066,100.511203,24000,4.0
58,6,conv-coded,51.783065,166.423135,51.732086,218.15534,269.938405,24000,4.0
58,6,proposed,51.759716,14.29342,50.819222,65.112841,116.872557,24000,4.0
58,7,uncoded,50.644513,0.033541,50.175179,50.208842,100.853355,24000,4.0
58,7,conv-coded,52.048824,167.298846,50.268265,217.567261,269.616085,24000,4.0
58,7,proposed,51.916056,12.803037,49.423141,62.22652,114.14257599999999,24000,4.0
58,8,uncoded,50.404896,0.031647,49.386629,49.418416,99.823312,20880,4.0
58,8,conv-coded,53.165866,167.352162,50.063012,217.415408,270.581274,20880,4.0
58,8,proposed,51.548165,15.978436,48.925596,64.904486,116.452651,20880,4.0
59,0,uncoded,54.662074,0.03129,48.779588,48.810985,103.473059,24000,4.0
59,0,conv-coded,54.66313,167.524381,49.961023,217.485578,272.148708,24000,4.0
59,0,proposed,52.720689,13.165573,49.419192,62.585261,115.30595,24000,4.0
59,1,uncoded,52.876152,0.031987,50.296352,50.328506,103.204658,24000,4.0
59,1,conv-coded,53.219678,169.173034,51.998234,221.171419,274.391097,24000,4.0
59,1,proposed,52.432153,16.436832,51.35648,67.793601,120.225754,24000,4.0
59,2,uncoded,52.38496,0.088044,149.338955,149.427509,201.812469,24000,4.0
59,2,conv-coded,53.101946,168.277252,49.588907,217.86637,270.96831599999996,24000,4.0
59,2,proposed,60.36558,13.925936,49.391845,63.318042,123.683622,24000,4.0
59,3,uncoded,52.709235,0.033087,49.239451,49.272676,101.981911,24000,4.0
59,3,conv-coded,54.285666,168.09865,49.519926,217.618739,271.904405,24000,4.0
59,3,proposed,53.9617,13.363994,49.650656,63.015005,116.97670500000001,24000,4.0
59,4,uncoded,49.894367,0.031679,49.298606,49.330427,99.224794,24000,4.0
59,4,conv-coded,53.129614,166.556625,49.609956,216.166789,269.296403,24000,4.0
59,4,proposed,50.790103,13.917903,49.90623,63.824442,114.61454499999999,24000,4.0
59,5,uncoded,53.412614,0.03172,49.016304,49.048173,102.460787,24000,4.0
59,5,conv-coded,54.408422,168.316394,52.119353,220.435898,274.84432000000004,24000,4.0
59,5,proposed,52.480783,13.679213,50.784874,64.464305,116.945088,24000,4.0
59,6,uncoded,50.451688,0.032949,48.864682,48.89777,99.349458,24000,4.0
59,6,conv-coded,51.410612,167.041931,50.75724,217.799374,269.209986,24000,4.0
59,6,proposed,50.61676,13.743346,49.212423,62.956021,113.57278099999999,24000,4.0
59,7,uncoded,51.291806,0.032112,51.736358,51.768594,103.0604,24000,4.0
59,7,conv-coded,52.081394,167.408046,50.440951,217.849198,269.930592,24000,4.0
59,7,proposed,52.049006,14.536452,49.442971,63.979636,116.02864199999999,24000,4.0
59,8,uncoded,50.493518,0.037705,49.185413,49.223289,99.716807,17279,4.0
59,8,conv-coded,51.357021,166.241488,50.115536,216.35721,267.71423100000004,17279,4.0
59,8,proposed,52.788357,12.951844,50.179528,63.13157,115.919927,17279,4.0
60,0,uncoded,54.25798,0.032044,49.33445,49.366628,103.624608,24000,4.0
60,0,conv-coded,54.323717,167.44097,49.5205,216.961639,271.285356,24000,4.0
60,0,proposed,53.441677,12.621953,50.343666,62.966053,116.40773,24000,4.0
60,1,uncoded,53.933277,0.030818,50.905696,50.936653,104.86993,24000,4.0
60,1,conv-coded,54.982142,169.503561,50.782213,220.285953,275.268095,24000,4.0
60,1,proposed,55.510323,14.788678,50.487513,65.276628,120.786951,24000,4.0
60,2,uncoded,50.943109,0.031537,50.963909,50.995604,101.938713,24000,4.0
60,2,conv-coded,52.317407,170.732105,50.423513,221.155781,273.473188,24000,4.0
60,2,proposed,52.359463,14.788563,50.937248,65.726238,118.085701,24000,4.0
60,3,uncoded,51.277507,0.031354,50.158075,50.189588,101.467095,24000,4.0
60,3,conv-coded,51.924028,167.336078,50.13976,217.47599,269.400018,24000,4.0
60,3,proposed,52.271254,15.17133,49.201914,64.373501,116.644755,24000,4.0
60,4,uncoded,50.458046,0.032026,49.963907,49.996058,100.454104,24000,4.0
60,4,conv-coded,51.874788,167.41323,50.468541,217.881941,269.756729,24000,4.0
60,4,proposed,53.02297,15.466994,50.483234,65.950508,118.973478,24000,4.0
60,5,uncoded,50.28958,0.031029,49.778244,49.80943,100.09900999999999,24000,4.0
60,5,conv-coded,51.433597,166.547421,49.90567,216.453276,267.886873,24000,4.0
60,5,proposed,51.582978,14.960531,49.768103,64.729153,116.312131,24000,4.0
60,6,uncoded,52.709351,0.031919,50.511478,50.543563,103.252914,24000,4.0
60,6,conv-coded,54.369245,166.975942,50.136899,217.113039,271.482284,24000,4.0
60,6,proposed,54.936798,13.867717,49.880417,63.748518,118.685316,24000,4.0
60,7,uncoded,49.974299,0.032875,49.927345,49.960359,99.934658,24000,4.0
60,7,conv-coded,51.253531,166.193585,50.455113,216.648854,267.902385,24000,4.0
60,7,proposed,51.093346,13.775183,49.87234,63.647947,114.741293,24000,4.0
60,8,uncoded,50.945342,0.032056,49.321528,49.353766,100.29910799999999,24000,4.0
60,8,conv-coded,51.714405,167.657485,49.61217,217.26984,268.984245,24000,4.0
60,8,proposed,52.037304,15.410913,49.843654,65.254809,117.292113,24000,4.0
60,9,uncoded,52.476593,0.032574,49.256789,49.289522,101.766115,24000,4.0
60,9,conv-coded,53.424143,167.912492,50.140675,218.053299,271.477442,24000,4.0
60,9,proposed,53.346909,13.683294,49.589324,63.272784,116.619693,24000,4.0
60,10,uncoded,51.367018,0.03432,48.689329,48.72382,100.090838,24000,4.0
60,10,conv-coded,52.588262,167.721987,49.3955,217.117712,269.705974,24000,4.0
60,10,proposed,52.75557,14.626738,49.813443,64.440389,117.19595899999999,24000,4.0
60,11,uncoded,50.374082,0.031438,49.28061,49.312191,99.686273,17520,4.0
60,11,conv-coded,51.016611,169.913335,51.243307,221.156875,272.173486,17520,4.0
60,11,proposed,51.519438,13.902705,49.1236,63.026558,114.545996,17520,4.0
61,0,uncoded,54.093935,0.032937,49.743651,49.776749,103.87068400000001,24000,4.0
61,0,conv-coded,53.778305,168.594881,49.59407,218.189122,271.967427,24000,4.0
61,0,proposed,56.780555,17.221463,49.974389,67.196239,123.97679400000001,24000,4.0
61,1,uncoded,53.734529,0.032279,52.002816,52.035244,105.769773,24000,4.0
61,1,conv-coded,54.867287,170.127414,52.091441,222.21904,277.086327,24000,4.0
61,1,proposed,55.469791,13.576286,51.160583,64.737082,120.206873,24000,4.0
61,2,uncoded,52.419254,0.031222,51.790807,51.822162,104.241416,24000,4.0
61,2,conv-coded,52.316301,170.41006,49.909555,220.319779,272.63608,24000,4.0
61,2,proposed,53.065003,14.506135,50.198727,64.705494,117.770497,24000,4.0
61,3,uncoded,51.8986,0.032306,49.39618,49.428618,101.327218,24000,4.0
61,3,conv-coded,53.136149,166.816204,50.007977,216.824376,269.960525,24000,4.0
61,3,proposed,52.9235,15.277344,49.678649,64.956187,117.87968699999999,24000,4.0
61,4,uncoded,51.06231,0.037479,49.483434,49.521038,100.583348,24000,4.0
61,4,conv-coded,52.050003,169.900934,49.972229,219.873327,271.92332999999996,24000,4.0
61,4,proposed,51.803385,12.960819,63.0924,76.05342,127.85680500000001,24000,4.0
61,5,uncoded,132.457537,0.032935,52.516855,52.54995,185.007487,24000,4.0
61,5,conv-coded,52.554062,167.593193,49.217911,216.811292,269.365354,24000,4.0
61,5,proposed,50.723513,15.536762,48.710514,64.247579,114.971092,24000,4.0
61,6,uncoded,51.547988,0.032492,48.612863,48.645484,100.193472,24000,4.0
61,6,conv-coded,52.555441,167.585634,49.537821,217.123592,269.679033,24000,4.0
61,6,proposed,53.353759,14.964377,49.529653,64.494456,117.848215,24000,4.0
61,7,uncoded,51.959568,0.032044,49.666356,49.698561,101.658129,24000,4.0
61,7,conv-coded,54.46721,167.717629,49.150784,216.868559,271.335769,24000,4.0
61,7,proposed,52.665811,16.374546,48.987812,65.362647,118.028458,24000,4.0
61,8,uncoded,49.975247,0.03159,49.414172,49.445916,99.421163,24000,4.0
61,8,conv-coded,50.666276,166.846235,52.013016,218.859385,269.525661,24000,4.0
61,8,proposed,50.719705,15.679434,50.721691,66.401358,117.12106299999999,24000,4.0
61,9,uncoded,51.253982,0.0326,48.799755,48.832508,100.08649,24000,4.0
61,9,conv-coded,52.849635,166.232923,50.798339,217.031386,269.881021,24000,4.0
61,9,proposed,52.520643,13.890704,50.007047,63.897947,116.41859,24000,4.0
61,10,uncoded,51.862967,0.032048,49.501779,49.533948,101.396915,24000,4.0
61,10,conv-coded,53.137654,166.995796,49.177722,216.173668,269.311322,24000,4.0
61,10,proposed,52.903609,14.107421,48.307448,62.415613,115.319222,24000,4.0
61,11,uncoded,49.976474,0.030943,48.830792,48.8619,98.838374,24000,4.0
61,11,conv-coded,53.809848,166.913453,49.942438,216.85603,270.665878,24000,4.0
61,11,proposed,52.648693,13.627595,49.22623,62.854138,115.502831,24000,4.0
61,12,uncoded,49.605279,0.032199,48.842535,48.874868,98.480147,24000,4.0
61,12,conv-coded,52.571888,166.549373,49.675531,216.225042,268.79693,24000,4.0
61,12,proposed,50.905287,15.247799,50.345486,65.593616,116.498903,24000,4.0
61,13,uncoded,52.182685,0.031194,48.902837,48.934192,101.116877,24000,4.0
61,13,conv-coded,52.46999,166.454524,52.050958,218.505622,270.975612,24000,4.0
61,13,proposed,52.546865,12.614319,50.128522,62.743201,115.290066,24000,4.0
61,14,uncoded,49.188139,0.032279,49.391717,49.424132,98.61227099999999,8640,4.0
61,14,conv-coded,50.425605,166.657266,51.555843,218.21328,268.638885,8640,4.0
61,14,proposed,49.967976,13.550083,49.678252,63.228662,113.19663800000001,8640,4.0
62,0,uncoded,53.912028,0.032681,49.84366,49.876498,103.78852599999999,24000,4.0
62,0,conv-coded,54.9947,167.95761,49.981387,217.939163,272.93386300000003,24000,4.0
62,0,proposed,53.883573,15.99609,48.92067,64.917159,118.800732,24000,4.0
62,1,uncoded,52.926683,0.031938,50.61308,50.64516,103.571843,24000,4.0
62,1,conv-coded,56.250626,170.327548,50.970406,221.298123,277.548749,24000,4.0
62,1,proposed,54.830893,15.884951,50.855227,66.740523,121.571416,24000,4.0
62,2,uncoded,54.894918,0.031938,50.252451,50.284514,105.17943199999999,24000,4.0
62,2,conv-coded,55.437677,168.892235,50.923602,219.816095,275.25377199999997,24000,4.0
62,2,proposed,53.483105,16.326956,50.104145,66.431397,119.914502,24000,4.0
62,3,uncoded,51.852969,0.030872,52.183506,52.214531,104.0675,24000,4.0
62,3,conv-coded,52.483211,168.118133,50.161213,218.279597,270.762808,24000,4.0
62,3,proposed,52.310493,13.773104,49.328871,63.102178,115.412671,24000,4.0
62,4,uncoded,52.064463,0.031707,49.544717,49.576557,101.64102,24000,4.0
62,4,conv-coded,52.560151,167.876465,49.645769,217.522412,270.082563,24000,4.0
62,4,proposed,51.64761,14.241869,49.962101,64.204393,115.852003,24000,4.0
62,5,uncoded,50.244983,0.032376,48.651783,48.684317,98.9293,24000,4.0
62,5,conv-coded,52.933363,166.174081,49.82664,216.000909,268.934272,24000,4.0
62,5,proposed,51.143695,14.003213,49.006757,63.010254,114.15394900000001,24000,4.0
62,6,uncoded,51.454822,0.031866,49.343445,49.375455,100.830277,24000,4.0
62,6,conv-coded,52.277574,166.796798,52.127677,218.924629,271.202203,24000,4.0
62,6,proposed,52.171321,16.178809,50.839841,67.019027,119.190348,24000,4.0
62,7,uncoded,49.47402,0.030985,48.986168,49.017317,98.491337,24000,4.0
62,7,conv-coded,51.321324,165.810529,51.297723,217.108443,268.42976699999997,24000,4.0
62,7,proposed,50.518964,14.328222,49.505922,63.834558,114.353522,24000,4.0
62,8,uncoded,51.638332,0.033605,49.864049,49.897794,101.536126,24000,4.0
62,8,conv-coded,52.704836,166.960225,49.807983,216.768389,269.473225,24000,4.0
62,8,proposed,52.701257,15.172961,49.229487,64.40271,117.103967,24000,4.0
62,9,uncoded,50.782121,0.031141,49.575509,49.606791,100.388912,24000,4.0
62,9,conv-coded,54.439965,167.402018,49.324989,216.727195,271.16715999999997,24000,4.0
62,9,proposed,53.709467,14.459226,50.2967,64.756273,118.46573999999998,24000,4.0
62,10,uncoded,51.412265,0.032724,49.020415,49.053298,100.465563,24000,4.0
62,10,conv-coded,53.624345,165.843507,49.150285,214.993951,268.618296,24000,4.0
62,10,proposed,51.603195,13.841854,49.746322,63.588385,115.19158,24000,4.0
62,11,uncoded,49.27929,0.030785,49.354935,49.385838,98.66512800000001,8880,4.0
62,11,conv-coded,50.524728,167.097038,52.658552,219.755763,270.280491,8880,4.0
62,11,proposed,50.348852,16.510804,50.800538,67.311596,117.660448,8880,4.0
63,0,uncoded,53.839264,0.031707,49.003617,49.035477,102.874741,24000,4.0
63,0,conv-coded,55.135175,166.630071,51.268387,217.89867,273.033845,24000,4.0
63,0,proposed,53.432169,14.045208,50.039521,64.085016,117.517185,24000,4.0
63,1,uncoded,52.368059,0.032037,50.90009,50.932262,103.300321,24000,4.0
63,1,conv-coded,53.442836,169.838979,51.203956,221.043125,274.485961,24000,4.0
63,1,proposed,52.966246,13.579895,49.891023,63.471246,116.43749199999999,24000,4.0
63,2,uncoded,55.530961,0.032865,50.25782,50.290859,105.82182,24000,4.0
63,2,conv-coded,56.616809,171.284437,49.999848,221.284535,277.901344,24000,4.0
63,2,proposed,55.433333,14.076149,49.547342,63.623823,119.05715599999999,24000,4.0
63,3,uncoded,50.692298,0.031142,49.786325,49.817636,100.509934,24000,4.0
63,3,conv-coded,53.367887,166.955898,49.578261,216.534362,269.902249,24000,4.0
63,3,proposed,51.226557,13.30392,49.206262,62.510508,113.737065,24000,4.0
63,4,uncoded,53.166608,0.032271,48.860061,48.892463,102.05907099999999,24000,4.0
63,4,conv-coded,54.069095,167.470918,52.230641,219.701763,273.770858,24000,4.0
63,4,proposed,52.860722,14.264989,50.08439,64.349865,117.210587,24000,4.0
63,5,uncoded,51.59044,0.031867,48.891056,48.923055,100.513495,24000,4.0
63,5,conv-coded,52.909756,167.885243,51.411174,219.296569,272.206325,24000,4.0
63,5,proposed,52.282655,16.33367,49.411826,65.745861,118.028516,24000,4.0
63,6,uncoded,51.232813,0.032164,50.37021,50.402516,101.635329,24000,4.0
63,6,conv-coded,52.779354,166.492038,50.407446,216.899681,269.679035,24000,4.0
63,6,proposed,52.062834,14.71628,49.423022,64.139638,116.202472,24000,4.0
63,7,uncoded,49.649401,0.031932,48.850856,48.882939,98.53234,24000,4.0
63,7,conv-coded,52.389455,167.722634,49.596624,217.319425,269.70888,24000,4.0
63,7,proposed,51.730125,13.276651,49.755773,63.032657,114.762782,24000,4.0
63,8,uncoded,51.278744,0.032974,49.185783,49.21888,100.497624,24000,4.0
63,8,conv-coded,54.202176,167.787505,48.871737,216.65944,270.86161599999997,24000,4.0
63,8,proposed,52.493912,13.642297,50.936335,64.57883,117.072742,24000,4.0
63,9,uncoded,51.224702,0.033274,49.70996,49.743376,100.96807799999999,24000,4.0
63,9,conv-coded,51.986635,166.948606,52.668969,219.617768,271.604403,24000,4.0
63,9,proposed,51.362406,15.73587,50.770336,66.50654,117.868946,24000,4.0
63,10,uncoded,49.731124,0.032885,49.239412,49.27243,99.00355400000001,9598,4.0
63,10,conv-coded,51.020588,166.242833,51.290717,217.533686,268.55427399999996,9598,4.0
63,10,proposed,50.360855,14.859248,50.121034,64.980637,115.341492,9598,4.0
64,0,uncoded,54.334034,0.033113,49.008062,49.041347,103.375381,24000,4.0
64,0,conv-coded,54.773661,166.222936,49.591817,215.81492,270.588581,24000,4.0
64,0,proposed,54.070065,14.84992,49.33746,64.187953,118.25801799999999,24000,4.0
64,1,uncoded,51.514055,0.030627,50.373133,50.403892,101.917947,24000,4.0
64,1,conv-coded,54.530819,169.993551,52.110347,222.104096,276.634915,24000,4.0
64,1,proposed,53.592369,14.728967,51.642321,66.371713,119.96408199999999,24000,4.0
64,2,uncoded,55.074669,0.031853,49.746611,49.778625,104.853294,24000,4.0
64,2,conv-coded,55.634213,170.405808,49.987015,220.393141,276.027354,24000,4.0
64,2,proposed,52.934111,14.951614,49.713793,64.665803,117.599914,24000,4.0
64,3,uncoded,51.614973,0.033061,50.111097,50.144335,101.759308,24000,4.0
64,3,conv-coded,53.033289,166.823914,49.909662,216.733759,269.767048,24000,4.0
64,3,proposed,52.29545,14.379002,49.292074,63.671265,115.966715,24000,4.0
64,4,uncoded,52.214766,0.032847,48.846651,48.879654,101.09442,24000,4.0
64,4,conv-coded,52.99005,167.315788,49.37101,216.687009,269.677059,24000,4.0
64,4,proposed,52.514045,15.375551,49.785304,65.161299,117.675344,24000,4.0
64,5,uncoded,50.53521,0.032558,49.574081,49.606781,100.14199099999999,24000,4.0
64,5,conv-coded,51.260732,167.450106,49.566078,217.016423,268.277155,24000,4.0
64,5,proposed,51.486324,16.006267,50.143127,66.149733,117.636057,24000,4.0
64,6,uncoded,51.698703,0.032409,48.620026,48.652588,100.351291,24000,4.0
64,6,conv-coded,52.894241,168.769374,49.607029,218.376581,271.270822,24000,4.0
64,6,proposed,53.127856,14.159914,49.483309,63.643442,116.771298,24000,4.0
64,7,uncoded,50.450316,0.032496,49.486704,49.519347,99.969663,24000,4.0
64,7,conv-coded,53.495515,166.606062,49.953842,216.560071,270.055586,24000,4.0
64,7,proposed,52.455471,13.183692,49.391149,62.57517,115.030641,24000,4.0
64,8,uncoded,51.664447,0.032077,49.187525,49.219741,100.884188,24000,4.0
64,8,conv-coded,54.924039,167.764731,50.298732,218.063644,272.987683,24000,4.0
64,8,proposed,52.874111,14.715567,49.774414,64.490283,117.364394,24000,4.0
64,9,uncoded,51.90873,0.032743,49.214933,49.247806,101.15653599999999,24000,4.0
64,9,conv-coded,52.525951,166.642612,51.741902,218.384715,270.910666,24000,4.0
64,9,proposed,52.263691,13.690877,50.317359,64.00865,116.27234100000001,24000,4.0
64,10,uncoded,51.225217,0.033606,49.953577,49.987364,101.212581,24000,4.0
64,10,conv-coded,52.114287,167.653917,49.850016,217.504134,269.618421,24000,4.0
64,10,proposed,52.144727,15.059872,50.414985,65.47514,117.619867,24000,4.0
64,11,uncoded,49.910681,0.030578,50.522311,50.553033,100.463714,24000,4.0
64,11,conv-coded,50.365461,166.793315,52.288956,219.082442,269.447903,24000,4.0
64,11,proposed,52.1942,14.807966,50.017688,64.826158,117.02035800000002,24000,4.0
64,12,uncoded,50.328609,0.034052,49.719031,49.753247,100.081856,24000,4.0
64,12,conv-coded,50.510427,169.457507,50.865646,220.323348,270.833775,24000,4.0
64,12,proposed,51.429191,12.935155,50.190104,63.125622,114.554813,24000,4.0
64,13,uncoded,50.978204,0.032402,49.029089,49.061618,100.039822,24000,4.0
64,13,conv-coded,51.775031,166.013331,50.086909,216.100498,267.875529,24000,4.0
64,13,proposed,52.093617,14.456121,49.444484,63.900853,115.99447,24000,4.0
64,14,uncoded,49.213596,0.03254,50.152426,50.185098,99.398694,6721,4.0
64,14,conv-coded,49.551486,165.67252,49.642031,215.31481,264.866296,6721,4.0
64,14,proposed,49.8592,16.518543,50.386077,66.904908,116.76410800000001,6721,4.0
65,0,uncoded,179.839261,0.033527,49.89245,49.926129,229.76539,24000,4.0
65,0,conv-coded,69.451652,167.558507,50.826679,218.385388,287.83704,24000,4.0
65,0,proposed,52.376229,13.862942,51.090337,64.953721,117.32995,24000,4.0
65,1,uncoded,53.306775,0.033854,50.203055,50.237045,103.54382000000001,24000,4.0
65,1,conv-coded,54.346812,169.95234,52.582224,222.534737,276.881549,24000,4.0
65,1,proposed,53.901935,13.30065,51.840955,65.141912,119.043847,24000,4.0
65,2,uncoded,51.184539,0.03258,53.267241,53.299964,104.484503,24000,4.0
65,2,conv-coded,52.019449,166.584701,49.707717,216.292608,268.312057,24000,4.0
65,2,proposed,51.817281,13.637303,50.382893,64.020502,115.837783,24000,4.0
65,3,uncoded,53.764091,0.032794,49.173721,49.206645,102.970736,24000,4.0
65,3,conv-coded,55.378273,167.640378,50.982123,218.622738,274.001011,24000,4.0
65,3,proposed,52.297755,13.422594,49.458624,62.881492,115.179247,24000,4.0
65,4,uncoded,51.843331,0.032366,49.074741,49.107259,100.95059,24000,4.0
65,4,conv-coded,53.101281,168.173682,49.275542,217.449379,270.55066,24000,4.0
65,4,proposed,54.488816,15.425648,49.118594,64.5446,119.033416,24000,4.0
65,5,uncoded,50.920858,0.034231,49.602823,49.637181,100.55803900000001,24000,4.0
65,5,conv-coded,52.355568,167.519717,49.439152,216.959044,269.314612,24000,4.0
65,5,proposed,52.760288,12.760944,49.016628,61.777865,114.538153,24000,4.0
65,6,uncoded,52.732911,0.032288,49.719374,49.751809,102.48472000000001,24000,4.0
65,6,conv-coded,53.740327,167.107737,49.102967,216.21087,269.951197,24000,4.0
65,6,proposed,52.450433,13.690765,49.184387,62.875413,115.325846,24000,4.0
65,7,uncoded,51.695151,0.030954,50.404597,50.435722,102.13087300000001,24000,4.0
65,7,conv-coded,52.749733,171.330527,49.885049,221.215865,273.965598,24000,4.0
65,7,proposed,52.334083,12.161943,48.490204,60.652375,112.986458,24000,4.0
65,8,uncoded,50.999466,0.031621,49.815848,49.847608,100.84707399999999,24000,4.0
65,8,conv-coded,52.667106,167.685772,49.499088,217.185012,269.852118,24000,4.0
65,8,proposed,52.192239,14.09546,50.331168,64.427012,116.619251,24000,4.0
65,9,uncoded,51.866727,0.032222,48.974082,49.006449,100.873176,24000,4.0
65,9,conv-coded,52.675069,167.13404,49.37019,216.504502,269.179571,24000,4.0
65,9,proposed,52.486717,14.805677,49.787179,64.593305,117.080022,24000,4.0
65,10,uncoded,53.008384,0.031039,49.082559,49.113735,102.122119,24000,4.0
65,10,conv-coded,53.845603,166.658907,49.332716,215.991777,269.83738,24000,4.0
65,10,proposed,54.664636,13.394479,49.093361,62.48812,117.15275600000001,24000,4.0
65,11,uncoded,54.177672,0.031849,48.958461,48.990449,103.168121,24000,4.0
65,11,conv-coded,52.398006,168.200818,50.855964,219.056979,271.454985,24000,4.0
65,11,proposed,52.576189,15.297618,49.26504,64.562877,117.139066,24000,4.0
65,12,uncoded,50.604634,0.033816,48.783581,48.817539,99.42217299999999,24000,4.0
65,12,conv-coded,52.017526,167.743677,50.921062,218.664956,270.682482,24000,4.0
65,12,proposed,51.281083,14.198101,50.585099,64.78348,116.06456299999999,24000,4.0
65,13,uncoded,51.943381,0.032287,49.86214,49.894614,101.837995,24000,4.0
65,13,conv-coded,53.365081,166.529079,50.057165,216.586395,269.951476,24000,4.0
65,13,proposed,52.563595,13.613875,48.943219,62.557515,115.12111,24000,4.0
65,14,uncoded,49.222934,0.032806,49.010022,49.043008,98.265942,9600,4.0
65,14,conv-coded,52.953473,166.744617,49.302383,216.047161,269.000634,9600,4.0
65,14,proposed,51.750941,16.680062,49.075279,65.755662,117.506603,9600,4.0
66,0,uncoded,54.997065,0.032895,49.097489,49.13053,104.127595,24000,4.0
66,0,conv-coded,55.497952,166.298669,49.490741,215.789639,271.287591,24000,4.0
66,0,proposed,54.079179,12.839104,49.017531,61.857073,115.936252,24000,4.0
66,1,uncoded,53.891557,0.032759,52.876892,52.909812,106.801369,24000,4.0
66,1,conv-coded,54.109537,170.823816,52.263915,223.088029,277.197566,24000,4.0
66,1,proposed,53.493004,14.737991,50.314604,65.053054,118.546058,24000,4.0
66,2,uncoded,56.330349,0.031115,80.025068,80.056313,136.386662,24000,4.0
66,2,conv-coded,53.861031,173.541927,51.417777,224.959936,278.820967,24000,4.0
66,2,proposed,53.38636,14.043544,49.913933,63.957745,117.34410500000001,24000,4.0
66,3,uncoded,52.73172,0.032023,51.218983,51.25116,103.98288,24000,4.0
66,3,conv-coded,52.618246,166.865422,50.753993,217.619542,270.237788,24000,4.0
66,3,proposed,51.472053,13.982482,50.068999,64.051742,115.523795,24000,4.0
66,4,uncoded,54.726805,0.037098,52.541309,52.578534,107.305339,24000,4.0
66,4,conv-coded,54.285783,168.046214,50.76887,218.815252,273.10103499999997,24000,4.0
66,4,proposed,53.212214,13.889328,49.259302,63.148877,116.361091,24000,4.0
66,5,uncoded,53.462971,0.033021,51.535253,51.568427,105.031398,24000,4.0
66,5,conv-coded,53.655354,167.771097,50.913922,218.685184,272.340538,24000,4.0
66,5,proposed,52.301219,14.199389,49.919423,64.119023,116.420242,24000,4.0
66,6,uncoded,52.163967,0.032596,49.397281,49.429997,101.593964,24000,4.0
66,6,conv-coded,52.11723,167.328131,50.175519,217.5038,269.62103,24000,4.0
66,6,proposed,52.084741,13.594348,49.659933,63.254518,115.339259,24000,4.0
66,7,uncoded,51.524468,0.031228,50.022159,50.053542,101.57801,24000,4.0
66,7,conv-coded,55.216187,166.771858,49.493774,216.2658,271.481987,24000,4.0
66,7,proposed,53.935024,14.133242,50.686087,64.819719,118.754743,24000,4.0
66,8,uncoded,52.007931,0.033042,49.681299,49.714456,101.722387,24000,4.0
66,8,conv-coded,52.184838,168.241446,50.074319,218.315922,270.50076,24000,4.0
66,8,proposed,54.24396,14.336103,49.43294,63.769229,118.01318900000001,24000,4.0
66,9,uncoded,50.621507,0.032801,49.4226,49.455539,100.077046,17520,4.0
66,9,conv-coded,51.914717,166.714496,49.773032,216.48765,268.402367,17520,4.0
66,9,proposed,52.168887,14.116918,49.840905,63.958155,116.12704199999999,17520,4.0
67,0,uncoded,54.068302,0.03263,48.912369,48.945161,103.013463,24000,4.0
67,0,conv-coded,53.804568,167.708391,53.246112,220.954704,274.759272,24000,4.0
67,0,proposed,53.028818,13.74102,50.71171,64.453037,117.481855,24000,4.0
67,1,uncoded,52.632982,0.037184,51.135257,51.172605,103.805587,24000,4.0
67,1,conv-coded,53.433461,168.130223,53.237017,221.367464,274.800925,24000,4.0
67,1,proposed,52.702149,16.604658,51.012741,67.617584,120.31973299999999,24000,4.0
67,2,uncoded,51.279124,0.033659,50.454575,50.488401,101.767525,24000,4.0
67,2,conv-coded,53.667119,169.206087,50.686385,219.892717,273.559836,24000,4.0
67,2,proposed,51.711063,14.252126,49.05964,63.312178,115.02324100000001,24000,4.0
67,3,uncoded,51.189457,0.031899,50.826144,50.858219,102.047676,24000,4.0
67,3,conv-coded,54.306008,167.018357,49.891609,216.910155,271.216163,24000,4.0
67,3,proposed,52.209612,13.416015,49.385401,62.801665,115.011277,24000,4.0
67,4,uncoded,53.053335,0.032165,50.820394,50.852699,103.906034,24000,4.0
67,4,conv-coded,54.687755,167.265794,50.175316,217.44127,272.129025,24000,4.0
67,4,proposed,52.110146,13.101846,49.191202,62.293264,114.40341000000001,24000,4.0
67,5,uncoded,52.22329,0.032486,51.2854,51.318034,103.541324,24000,4.0
67,5,conv-coded,52.133508,167.151248,50.733227,217.884656,270.018164,24000,4.0
67,5,proposed,50.087085,13.365937,49.569304,62.935635,113.02271999999999,24000,4.0
67,6,uncoded,54.12316,0.035036,50.845917,50.881105,105.004265,24000,4.0
67,6,conv-coded,54.537218,166.881702,49.583558,216.465403,271.00262100000003,24000,4.0
67,6,proposed,52.669283,15.282176,49.324299,64.606689,117.275972,24000,4.0
67,7,uncoded,53.56997,0.032455,50.932766,50.965337,104.53530699999999,24000,4.0
67,7,conv-coded,54.10107,166.370942,50.126495,216.497619,270.598689,24000,4.0
67,7,proposed,52.018186,15.851374,50.146806,65.998437,118.016623,24000,4.0
67,8,uncoded,53.383528,0.032541,50.453311,50.485995,103.869523,24000,4.0
67,8,conv-coded,53.675909,166.653896,50.033237,216.687362,270.363271,24000,4.0
67,8,proposed,51.817044,14.514014,49.762674,64.276905,116.09394900000001,24000,4.0
67,9,uncoded,51.937161,0.031578,51.797771,51.829503,103.766664,12480,4.0
67,9,conv-coded,51.663575,166.989962,50.254609,217.244736,268.90831099999997,12480,4.0
67,9,proposed,49.711647,13.40644,50.411559,63.818334,113.52998099999999,12480,4.0
68,0,uncoded,55.439077,0.031683,50.439643,50.471493,105.91057,24000,4.0
68,0,conv-coded,55.442175,167.599108,50.015885,217.615168,273.057343,24000,4.0
68,0,proposed,52.96946,14.7266,49.738337,64.465231,117.434691,24000,4.0
68,1,uncoded,53.384336,0.03283,51.714504,51.747478,105.13181399999999,24000,4.0
68,1,conv-coded,53.448687,170.758793,52.763972,223.522935,276.97162199999997,24000,4.0
68,1,proposed,50.59284,15.310078,52.660625,67.970982,118.56382200000002,24000,4.0
68,2,uncoded,55.556646,0.03237,52.923255,52.95579,108.51243600000001,24000,4.0
68,2,conv-coded,55.544189,169.407183,50.845953,220.253338,275.797527,24000,4.0
68,2,proposed,55.624443,13.766084,49.135679,62.90211,118.526553,24000,4.0
68,3,uncoded,54.518325,0.031266,51.332916,51.364341,105.882666,24000,4.0
68,3,conv-coded,54.860359,167.396162,50.091136,217.487542,272.347901,24000,4.0
68,3,proposed,52.904796,14.758714,49.889947,64.649092,117.553888,24000,4.0
68,4,uncoded,54.17183,0.037588,51.957392,51.995129,106.16695899999999,24000,4.0
68,4,conv-coded,54.455206,167.491932,50.387301,217.879407,272.334613,24000,4.0
68,4,proposed,53.011872,14.101295,49.513623,63.615215,116.62708699999999,24000,4.0
68,5,uncoded,53.698686,0.03223,50.664447,50.696823,104.395509,24000,4.0
68,5,conv-coded,53.754999,166.502181,49.891073,216.393443,270.148442,24000,4.0
68,5,proposed,52.043326,14.968205,49.664279,64.632744,116.67607000000001,24000,4.0
68,6,uncoded,51.466226,0.030771,51.742574,51.773518,103.239744,24000,4.0
68,6,conv-coded,51.978654,166.52924,50.356019,216.885406,268.86406,24000,4.0
68,6,proposed,49.861173,14.236367,50.335882,64.572485,114.43365800000001,24000,4.0
68,7,uncoded,54.065401,0.031714,50.818464,50.850305,104.915706,24000,4.0
68,7,conv-coded,54.181556,167.052858,49.449668,216.502704,270.68426,24000,4.0
68,7,proposed,52.17263,12.834137,49.996128,62.830515,115.00314499999999,24000,4.0
68,8,uncoded,53.548451,0.031758,50.432363,50.464263,104.012714,24000,4.0
68,8,conv-coded,54.305056,167.582281,50.420067,218.002488,272.307544,24000,4.0
68,8,proposed,51.90163,14.815798,49.458893,64.275052,116.176682,24000,4.0
68,9,uncoded,53.404381,0.033274,50.538467,50.571886,103.976267,24000,4.0
68,9,conv-coded,54.053235,166.214879,50.332637,216.547698,270.600933,24000,4.0
68,9,proposed,51.278824,15.311664,49.785475,65.09742,116.376244,24000,4.0
68,10,uncoded,54.15363,0.032243,51.484066,51.516461,105.670091,24000,4.0
68,10,conv-coded,54.388734,167.549875,50.117672,217.667706,272.05644,24000,4.0
68,10,proposed,52.713278,13.562927,49.593287,63.156499,115.869777,24000,4.0
68,11,uncoded,55.082572,0.031485,50.61821,50.649849,105.732421,24000,4.0
68,11,conv-coded,55.761321,167.952966,49.295656,217.248776,273.010097,24000,4.0
68,11,proposed,53.119412,15.157784,48.689454,63.847431,116.966843,24000,4.0
68,12,uncoded,53.715027,0.032121,51.067254,51.099518,104.81454500000001,24000,4.0
68,12,conv-coded,54.715152,167.283254,50.491755,217.775182,272.490334,24000,4.0
68,12,proposed,52.837144,14.113144,49.451226,63.564594,116.401738,24000,4.0
68,13,uncoded,53.885934,0.03108,50.979069,51.010319,104.896253,24000,4.0
68,13,conv-coded,54.495589,167.482253,49.269323,216.751776,271.247365,24000,4.0
68,13,proposed,51.986783,13.784733,49.347346,63.132355,115.11913799999999,24000,4.0
68,14,uncoded,53.405249,0.03208,50.472637,50.504901,103.91014999999999,20160,4.0
68,14,conv-coded,53.459223,167.160547,50.146217,217.306954,270.76617699999997,20160,4.0
68,14,proposed,51.655467,13.834713,49.062222,62.897263,114.55273,20160,4.0
69,0,uncoded,56.721505,0.031787,51.655804,51.687747,108.40925200000001,24000,4.0
69,0,conv-coded,55.477897,166.256602,49.602931,215.859709,271.337606,24000,4.0
69,0,proposed,53.648776,13.675403,49.46308,63.138844,116.78762,24000,4.0
69,1,uncoded,53.503932,0.033096,52.425036,52.458273,105.962205,24000,4.0
69,1,conv-coded,53.722911,169.335491,50.949206,220.284895,274.007806,24000,4.0
69,1,proposed,51.589666,14.806644,51.225206,66.032071,117.621737,24000,4.0
69,2,uncoded,58.042257,0.032729,51.944603,51.977459,110.019716,24000,4.0
69,2,conv-coded,56.391895,169.899937,49.785007,219.685114,276.077009,24000,4.0
69,2,proposed,53.397536,15.378978,48.940082,64.319427,117.716963,24000,4.0
69,3,uncoded,54.045746,0.033081,51.143521,51.176746,105.222492,24000,4.0
69,3,conv-coded,54.409065,167.049359,49.4882,216.537784,270.946849,24000,4.0
69,3,proposed,52.173916,14.395995,49.645125,64.041428,116.21534399999999,24000,4.0
69,4,uncoded,53.529163,0.032059,48.899159,48.931345,102.460508,24000,4.0
69,4,conv-coded,53.100383,167.560796,50.265362,217.826322,270.926705,24000,4.0
69,4,proposed,51.461466,13.142523,49.829544,62.972325,114.433791,24000,4.0
69,5,uncoded,50.932768,0.031714,50.132139,50.164009,101.096777,24000,4.0
69,5,conv-coded,52.71674,168.321244,49.823757,218.145232,270.861972,24000,4.0
69,5,proposed,51.045859,14.733961,50.352455,65.086719,116.132578,24000,4.0
69,6,uncoded,52.241113,0.031375,48.699975,48.731481,100.972594,24000,4.0
69,6,conv-coded,53.516495,166.132363,50.23478,216.367284,269.883779,24000,4.0
69,6,proposed,52.828203,15.398354,49.735158,65.133765,117.961968,24000,4.0
69,7,uncoded,51.614389,0.031056,48.753214,48.784427,100.39881600000001,24000,4.0
69,7,conv-coded,52.838202,167.45555,50.257851,217.713571,270.551773,24000,4.0
69,7,proposed,52.326243,16.533919,49.163684,65.697889,118.02413200000001,24000,4.0
69,8,uncoded,51.971603,0.032233,49.442031,49.474417,101.44602,24000,4.0
69,8,conv-coded,52.991435,166.477278,49.783874,216.261352,269.252787,24000,4.0
69,8,proposed,52.307264,13.828246,48.676497,62.504952,114.812216,24000,4.0
70,0,uncoded,53.842164,0.036374,49.599379,49.635917,103.478081,24000,4.0
70,0,conv-coded,54.770968,167.746829,49.850142,217.597166,272.368134,24000,4.0
70,0,proposed,53.422544,16.720192,49.30247,66.023062,119.445606,24000,4.0
70,1,uncoded,53.867281,0.032305,50.73348,50.765933,104.633214,24000,4.0
70,1,conv-coded,54.570851,170.742999,51.687284,222.430512,277.00136299999997,24000,4.0
70,1,proposed,54.63782,14.319947,50.404457,64.724771,119.36259100000001,24000,4.0
70,2,uncoded,52.793838,0.031492,50.256882,50.288533,103.082371,24000,4.0
70,2,conv-coded,53.71588,169.653406,50.941123,220.594697,274.31057699999997,24000,4.0
70,2,proposed,54.042437,14.257324,49.982943,64.240537,118.282974,24000,4.0
70,3,uncoded,51.109665,0.038656,48.952598,48.9914,100.101065,24000,4.0
70,3,conv-coded,54.068601,166.867068,50.961546,217.828788,271.897389,24000,4.0
70,3,proposed,52.198962,14.147691,49.575595,63.723636,115.922598,24000,4.0
70,4,uncoded,52.01968,0.031277,49.404306,49.435712,101.455392,24000,4.0
70,4,conv-coded,55.217718,166.700534,49.578467,216.279197,271.496915,24000,4.0
70,4,proposed,54.317261,14.838032,49.719622,64.557946,118.875207,24000,4.0
70,5,uncoded,50.443334,0.033245,50.593259,50.62667,101.070004,24000,4.0
70,5,conv-coded,52.914184,166.647386,50.241405,216.888958,269.803142,24000,4.0
70,5,proposed,51.831027,14.388794,50.145002,64.534246,116.365273,24000,4.0
70,6,uncoded,51.797339,0.031166,48.944824,48.976113,100.77345199999999,24000,4.0
70,6,conv-coded,52.712376,167.68515,52.370036,220.055393,272.767769,24000,4.0
70,6,proposed,52.331581,13.546793,51.100585,64.647602,116.979183,24000,4.0
70,7,uncoded,51.865557,0.031825,49.11358,49.145563,101.01112,24000,4.0
70,7,conv-coded,52.811289,167.56054,50.968547,218.529293,271.340582,24000,4.0
70,7,proposed,52.612038,14.438793,50.014603,64.453606,117.06564399999999,24000,4.0
70,8,uncoded,51.34212,0.031467,49.205778,49.237403,100.579523,24000,4.0
70,8,conv-coded,52.302488,167.624058,50.210725,217.834968,270.137456,24000,4.0
70,8,proposed,52.543978,14.636696,50.121477,64.758538,117.302516,24000,4.0
70,9,uncoded,49.152731,0.035433,53.243264,53.27882,102.43155100000001,24000,4.0
70,9,conv-coded,52.296519,167.558101,49.799539,217.357849,269.654368,24000,4.0
70,9,proposed,56.800257,15.580364,51.575885,67.156577,123.956834,24000,4.0
70,10,uncoded,51.89912,0.031948,49.43459,49.466665,101.365785,24000,4.0
70,10,conv-coded,54.14078,166.790439,49.72797,216.51854,270.65932,24000,4.0
70,10,proposed,52.40248,13.770114,49.415398,63.185889,115.588369,24000,4.0
70,11,uncoded,51.937634,0.032674,49.308084,49.340902,101.278536,24000,4.0
70,11,conv-coded,52.658654,166.343342,51.589643,217.933232,270.591886,24000,4.0
70,11,proposed,53.031903,12.64632,50.605436,63.251984,116.283887,24000,4.0
70,12,uncoded,50.569387,0.033111,49.464585,49.497825,100.067212,24000,4.0
70,12,conv-coded,52.056488,165.987588,51.98076,217.968522,270.02501,24000,4.0
70,12,proposed,51.233746,15.068737,50.460171,65.529227,116.762973,24000,4.0
70,13,uncoded,50.280266,0.03284,50.133028,50.166042,100.44630799999999,12720,4.0
70,13,conv-coded,50.910421,168.059308,50.162946,218.222433,269.132854,12720,4.0
70,13,proposed,50.394346,14.707131,49.928549,64.635879,115.030225,12720,4.0
71,0,uncoded,53.454795,0.032428,51.561519,51.594092,105.04888700000001,24000,4.0
71,0,conv-coded,56.261138,168.155299,50.426794,218.582269,274.843407,24000,4.0
71,0,proposed,54.251318,14.423257,50.836547,65.260269,119.51158699999999,24000,4.0
71,1,uncoded,52.468341,0.031663,50.709157,50.740946,103.209287,24000,4.0
71,1,conv-coded,53.763535,170.531094,50.700553,221.231905,274.99544000000003,24000,4.0
71,1,proposed,53.420715,13.108886,51.975424,65.084527,118.505242,24000,4.0
71,2,uncoded,52.421661,0.031576,50.320724,50.352432,102.774093,24000,4.0
71,2,conv-coded,50.796946,169.694714,50.701094,220.395997,271.192943,24000,4.0
71,2,proposed,50.425352,14.147933,49.91368,64.061792,114.487144,24000,4.0
71,3,uncoded,52.057056,0.033115,49.307499,49.340754,101.39780999999999,24000,4.0
71,3,conv-coded,53.075985,167.543684,52.260005,219.803846,272.87983099999997,24000,4.0
71,3,proposed,53.108022,14.988829,50.439883,65.429038,118.53706,24000,4.0
71,4,uncoded,51.27306,0.032258,49.247556,49.279974,100.553034,24000,4.0
71,4,conv-coded,53.286158,166.141642,51.576303,217.718106,271.00426400000003,24000,4.0
71,4,proposed,51.358109,15.346415,50.050523,65.397271,116.75538,24000,4.0
71,5,uncoded,49.461185,0.031505,50.027041,50.058687,99.51987199999999,24000,4.0
71,5,conv-coded,50.832431,167.773792,50.70238,218.47633,269.308761,24000,4.0
71,5,proposed,50.410414,14.675257,49.573064,64.248551,114.65896500000001,24000,4.0
71,6,uncoded,51.724685,0.038295,49.071385,49.109878,100.834563,24000,4.0
71,6,conv-coded,55.07994,167.71747,49.01289,216.730634,271.81057400000003,24000,4.0
71,6,proposed,54.474259,15.758749,49.944331,65.703398,120.17765700000001,24000,4.0
71,7,uncoded,52.36326,0.033774,49.396845,49.430776,101.794036,24000,4.0
71,7,conv-coded,55.138699,167.067172,49.266887,216.3342,271.472899,24000,4.0
71,7,proposed,53.102094,13.799965,48.918669,62.718961,115.821055,24000,4.0
71,8,uncoded,49.092174,0.031903,49.456748,49.488778,98.580952,10320,4.0
71,8,conv-coded,50.526883,167.300177,52.366352,219.666731,270.193614,10320,4.0
71,8,proposed,49.843922,13.527447,50.799159,64.32701,114.170932,10320,4.0
72,0,uncoded,54.002459,0.032428,49.17089,49.203488,103.20594700000001,24000,4.0
72,0,conv-coded,54.920997,166.969046,50.75794,217.727142,272.648139,24000,4.0
72,0,proposed,62.064146,14.014923,49.27435,63.289538,125.353684,24000,4.0
72,1,uncoded,52.463578,0.035319,52.518347,52.553792,105.01737,24000,4.0
72,1,conv-coded,53.848095,169.510039,52.233052,221.743347,275.59144200000003,24000,4.0
72,1,proposed,53.652208,14.595968,50.552149,65.148533,118.800741,24000,4.0
72,2,uncoded,51.204042,0.032164,51.151013,51.183328,102.38737,24000,4.0
72,2,conv-coded,52.477801,169.199849,50.687443,219.887536,272.365337,24000,4.0
72,2,proposed,51.894478,13.160887,49.943148,63.104251,114.998729,24000,4.0
72,3,uncoded,51.921109,0.032803,49.70861,49.741553,101.66266200000001,24000,4.0
72,3,conv-coded,53.831535,167.580588,49.196868,216.777649,270.609184,24000,4.0
72,3,proposed,54.727277,16.133376,49.271525,65.405177,120.132454,24000,4.0
72,4,uncoded,52.306057,0.032712,49.067026,49.099881,101.405938,24000,4.0
72,4,conv-coded,55.037455,167.084321,48.979085,216.06359,271.101045,24000,4.0
72,4,proposed,52.849608,14.438299,49.113191,63.55178,116.401388,24000,4.0
72,5,uncoded,48.716412,0.031925,50.309779,50.341822,99.058234,24000,4.0
72,5,conv-coded,49.476791,167.979087,52.251659,220.231094,269.70788500000003,24000,4.0
72,5,proposed,50.257342,11.771821,50.779871,62.551993,112.809335,24000,4.0
72,6,uncoded,50.704167,0.037467,48.799342,48.83695,99.541117,24000,4.0
72,6,conv-coded,51.978946,167.832621,50.756368,218.589241,270.56818699999997,24000,4.0
72,6,proposed,51.582191,13.833778,49.137752,62.971808,114.553999,24000,4.0
72,7,uncoded,51.805534,0.032644,49.22154,49.254337,101.059871,24000,4.0
72,7,conv-coded,53.127079,167.218034,49.77455,216.992733,270.11981199999997,24000,4.0
72,7,proposed,52.979665,14.190009,49.431958,63.622231,116.601896,24000,4.0
72,8,uncoded,52.085498,0.031415,49.7609,49.792443,101.87794099999999,24000,4.0
72,8,conv-coded,55.140391,166.067338,49.446334,215.513908,270.654299,24000,4.0
72,8,proposed,54.520456,15.277863,50.106456,65.384658,119.905114,24000,4.0
72,9,uncoded,50.135532,0.032117,48.789035,48.8213,98.95683199999999,15600,4.0
72,9,conv-coded,52.67947,166.221914,49.412875,215.635002,268.31447199999997,15600,4.0
72,9,proposed,51.156895,13.366539,49.557633,62.924583,114.081478,15600,4.0
73,0,uncoded,54.912226,0.033209,48.559413,48.59278,103.505006,24000,4.0
73,0,conv-coded,55.601793,167.290352,52.107545,219.398043,274.999836,24000,4.0
73,0,proposed,53.66951,14.385753,50.516769,64.902823,118.572333,24000,4.0
73,1,uncoded,52.673685,0.032172,50.250446,50.28275,102.956435,24000,4.0
73,1,conv-coded,54.179557,171.076484,52.047032,223.123681,277.303238,24000,4.0
73,1,proposed,52.797136,16.623525,50.704143,67.328048,120.12518399999999,24000,4.0
73,2,uncoded,51.8277,0.032878,50.958295,50.991325,102.81902500000001,24000,4.0
73,2,conv-coded,52.895846,170.892189,50.434863,221.327227,274.223073,24000,4.0
73,2,proposed,52.88158,13.703572,49.475406,63.179198,116.060778,24000,4.0
73,3,uncoded,51.945053,0.031443,50.332771,50.36435,102.309403,24000,4.0
73,3,conv-coded,55.292439,168.459167,48.933044,217.392381,272.68482,24000,4.0
73,3,proposed,54.398322,15.720713,49.88877,65.609736,120.008058,24000,4.0
73,4,uncoded,51.593627,0.031901,50.571762,50.603792,102.197419,24000,4.0
73,4,conv-coded,52.6894,167.209488,50.087943,217.297574,269.986974,24000,4.0
73,4,proposed,51.760329,16.053034,50.165774,66.21949,117.97981899999999,24000,4.0
73,5,uncoded,53.386089,0.032789,52.008445,52.041405,105.427494,24000,4.0
73,5,conv-coded,52.826231,167.963061,51.27725,219.240464,272.066695,24000,4.0
73,5,proposed,51.744706,14.323119,50.238628,64.562155,116.306861,24000,4.0
73,6,uncoded,52.715988,0.032763,52.336433,52.369334,105.085322,24000,4.0
73,6,conv-coded,51.905478,166.672311,51.663064,218.335589,270.241067,24000,4.0
73,6,proposed,51.548526,14.826698,50.056552,64.883505,116.432031,24000,4.0
73,7,uncoded,51.967966,0.031476,51.420524,51.452139,103.420105,24000,4.0
73,7,conv-coded,51.235618,166.238322,51.934088,218.172592,269.40821,24000,4.0
73,7,proposed,51.121431,14.32098,50.651613,64.973078,116.094509,24000,4.0
73,8,uncoded,52.13231,0.032053,48.881074,48.913284,101.045594,24000,4.0
73,8,conv-coded,52.077024,167.395868,51.609308,219.005367,271.08239100000003,24000,4.0
73,8,proposed,52.56592,14.161075,49.444037,63.605397,116.171317,24000,4.0
73,9,uncoded,52.172871,0.03228,48.996839,49.029253,101.202124,24000,4.0
73,9,conv-coded,52.717569,166.822117,50.633537,217.455833,270.173402,24000,4.0
73,9,proposed,52.388627,14.907972,49.712153,64.620499,117.009126,24000,4.0
73,10,uncoded,51.237162,0.03261,49.375436,49.408215,100.645377,24000,4.0
73,10,conv-coded,51.523269,168.418373,49.506116,217.924669,269.447938,24000,4.0
73,10,proposed,52.08423,13.549002,51.04742,64.596728,116.680958,24000,4.0
73,11,uncoded,52.936243,0.03272,50.004507,50.037366,102.973609,24000,4.0
73,11,conv-coded,53.427001,168.615089,50.637241,219.252499,272.6795,24000,4.0
73,11,proposed,53.22399,15.291634,49.959513,65.251566,118.475556,24000,4.0
73,12,uncoded,52.146482,0.032523,49.970838,50.003509,102.149991,24000,4.0
73,12,conv-coded,52.388924,166.92606,51.062511,217.988814,270.377738,24000,4.0
73,12,proposed,52.221318,14.56406,50.520714,65.085035,117.306353,24000,4.0
74,0,uncoded,53.167334,0.031468,49.908007,49.939637,103.10697099999999,24000,4.0
74,0,conv-coded,52.3694,168.264139,50.498678,218.762976,271.132376,24000,4.0
74,0,proposed,52.446025,15.39978,50.090722,65.490778,117.936803,24000,4.0
74,1,uncoded,53.466772,0.032598,51.637416,51.670167,105.136939,24000,4.0
74,1,conv-coded,53.631885,169.318743,52.538205,221.857198,275.489083,24000,4.0
74,1,proposed,53.441846,15.333057,50.982637,66.316144,119.75798999999999,24000,4.0
74,2,uncoded,54.547125,0.03155,50.400029,50.431725,104.97885,24000,4.0
74,2,conv-coded,54.00322,169.15211,49.717358,218.869728,272.872948,24000,4.0
74,2,proposed,53.907064,14.738871,50.104904,64.84409,118.75115399999999,24000,4.0
74,3,uncoded,52.548295,0.030531,50.116865,50.147545,102.69584,24000,4.0
74,3,conv-coded,53.207054,167.77513,49.862937,217.638273,270.845327,24000,4.0
74,3,proposed,52.911587,14.304132,50.821672,65.126187,118.037774,24000,4.0
74,4,uncoded,51.097719,0.032197,49.442527,49.47487,100.572589,24000,4.0
74,4,conv-coded,51.915637,166.46356,49.708761,216.172559,268.088196,24000,4.0
74,4,proposed,50.80343,12.93436,49.373198,62.307783,113.11121299999999,24000,4.0
74,5,uncoded,52.958112,0.033353,49.288047,49.321532,102.27964399999999,24000,4.0
74,5,conv-coded,53.327236,166.173567,50.708137,216.881899,270.209135,24000,4.0
74,5,proposed,53.415643,13.671475,49.743282,63.41535,116.830993,24000,4.0
74,6,uncoded,52.450608,0.032276,49.00439,49.036829,101.487437,24000,4.0
74,6,conv-coded,52.917067,166.831642,49.709874,216.541654,269.45872099999997,24000,4.0
74,6,proposed,52.587983,12.786353,49.573534,62.360153,114.948136,24000,4.0
74,7,uncoded,52.974421,0.032596,48.974858,49.007621,101.982042,24000,4.0
74,7,conv-coded,53.47437,165.715482,49.430048,215.145712,268.620082,24000,4.0
74,7,proposed,53.418523,13.526988,48.734589,62.26235,115.68087299999999,24000,4.0
74,8,uncoded,52.427936,0.032793,48.712584,48.745509,101.173445,24000,4.0
74,8,conv-coded,52.806246,166.859185,50.334947,217.19426,270.00050600000003,24000,4.0
74,8,proposed,53.079723,13.704049,48.95207,62.656471,115.73619400000001,24000,4.0
74,9,uncoded,49.72108,0.031933,50.156196,50.188281,99.909361,10320,4.0
74,9,conv-coded,50.3389,166.718665,50.146211,216.865045,267.20394500000003,10320,4.0
74,9,proposed,50.143072,12.414691,49.721211,62.136238,112.27931,10320,4.0
75,0,uncoded,54.214364,0.03249,49.063566,49.096186,103.31055,24000,4.0
75,0,conv-coded,54.858756,166.195541,50.135771,216.331494,271.19025,24000,4.0
75,0,proposed,53.471545,13.157331,49.995139,63.152885,116.62442999999999,24000,4.0
75,1,uncoded,53.298486,0.031698,51.133486,51.165348,104.46383399999999,24000,4.0
75,1,conv-coded,53.606639,169.381932,52.043918,221.42598,275.032619,24000,4.0
75,1,proposed,54.141615,13.645523,52.283758,65.929644,120.071259,24000,4.0
75,2,uncoded,52.944167,0.033444,51.799128,51.832707,104.77687399999999,24000,4.0
75,2,conv-coded,53.98104,170.865805,50.798985,221.664951,275.645991,24000,4.0
75,2,proposed,54.719048,16.088503,49.994489,66.083338,120.802386,24000,4.0
75,3,uncoded,52.293555,0.031638,49.803363,49.835126,102.128681,24000,4.0
75,3,conv-coded,53.038841,167.259013,49.671857,216.931046,269.969887,24000,4.0
75,3,proposed,52.954324,14.008957,50.257546,64.266828,117.221152,24000,4.0
75,4,uncoded,52.101281,0.031592,50.801565,50.833309,102.93459,24000,4.0
75,4,conv-coded,52.405878,166.158058,49.924928,216.083166,268.48904400000004,24000,4.0
75,4,proposed,52.638907,15.04695,49.769854,64.81705,117.455957,24000,4.0
75,5,uncoded,51.256043,0.032924,49.320408,49.353498,100.60954100000001,24000,4.0
75,5,conv-coded,52.323816,166.053469,50.12398,216.177617,268.501433,24000,4.0
75,5,proposed,51.84126,14.997515,49.934089,64.932028,116.77328800000001,24000,4.0
75,6,uncoded,52.279189,0.032692,49.89052,49.923352,102.202541,24000,4.0
75,6,conv-coded,53.297229,166.373131,50.365327,216.738646,270.035875,24000,4.0
75,6,proposed,52.959147,12.984207,49.709298,62.693869,115.65301600000001,24000,4.0
75,7,uncoded,51.940234,0.032813,51.884704,51.917675,103.857909,24000,4.0
75,7,conv-coded,51.925998,167.264873,50.064668,217.329714,269.255712,24000,4.0
75,7,proposed,51.552154,14.190351,49.94832,64.138932,115.691086,24000,4.0
75,8,uncoded,51.194822,0.033156,50.450275,50.483585,101.67840699999999,24000,4.0
75,8,conv-coded,51.965548,167.245829,49.263914,216.509924,268.475472,24000,4.0
75,8,proposed,53.163158,14.477132,50.496894,64.974377,118.13753500000001,24000,4.0
75,9,uncoded,51.109229,0.032874,49.686164,49.719169,100.82839799999999,24000,4.0
75,9,conv-coded,54.191394,167.546523,49.035233,216.581938,270.773332,24000,4.0
75,9,proposed,52.024525,14.121702,49.840805,63.962831,115.987356,24000,4.0
75,10,uncoded,52.329072,0.031261,49.41468,49.44609,101.775162,24000,4.0
75,10,conv-coded,52.130581,167.788359,51.396772,219.185326,271.315907,24000,4.0
75,10,proposed,52.055239,15.504933,50.324815,65.83008,117.885319,24000,4.0
75,11,uncoded,50.011893,0.03144,49.078877,49.110474,99.122367,23760,4.0
75,11,conv-coded,51.399493,166.150913,51.779917,217.931009,269.33050199999997,23760,4.0
75,11,proposed,50.927796,16.214667,50.261244,66.476224,117.40402,23760,4.0
76,0,uncoded,52.448048,0.032774,50.841493,50.874409,103.322457,24000,4.0
76,0,conv-coded,53.376957,167.871013,49.820384,217.691525,271.068482,24000,4.0
76,0,proposed,53.455,15.070419,49.960173,65.030823,118.485823,24000,4.0
76,1,uncoded,52.589836,0.037874,50.890851,50.928848,103.51868400000001,24000,4.0
76,1,conv-coded,55.711679,171.132716,50.513824,221.646701,277.35838,24000,4.0
76,1,proposed,55.769917,14.586982,50.996179,65.583638,121.353555,24000,4.0
76,2,uncoded,53.344652,0.03399,51.499791,51.533952,104.878604,24000,4.0
76,2,conv-coded,55.482915,209.818232,50.158575,259.977083,315.459998,24000,4.0
76,2,proposed,53.219979,15.686423,49.632487,65.319274,118.539253,24000,4.0
76,3,uncoded,51.915025,0.032201,49.607532,49.639874,101.554899,24000,4.0
76,3,conv-coded,53.14578,166.247026,53.761474,220.008637,273.15441699999997,24000,4.0
76,3,proposed,52.199662,13.793346,50.996859,64.790546,116.990208,24000,4.0
76,4,uncoded,53.251673,0.031686,48.89057,48.922402,102.17407499999999,24000,4.0
76,4,conv-coded,53.605858,167.65176,51.160887,218.812796,272.418654,24000,4.0
76,4,proposed,52.686347,15.648796,50.380541,66.029732,118.716079,24000,4.0
76,5,uncoded,52.298737,0.031134,49.24282,49.274083,101.57282000000001,24000,4.0
76,5,conv-coded,53.42006,167.289193,50.03848,217.327864,270.747924,24000,4.0
76,5,proposed,52.950642,13.993928,48.907606,62.901852,115.85249400000001,24000,4.0
76,6,uncoded,51.765944,0.031516,51.519093,51.55077,103.31671399999999,24000,4.0
76,6,conv-coded,55.025993,168.18888,50.957672,219.146706,274.17269899999997,24000,4.0
76,6,proposed,54.334164,14.12969,50.782878,64.912946,119.24711,24000,4.0
76,7,uncoded,51.374381,0.032497,49.403647,49.436301,100.810682,24000,4.0
76,7,conv-coded,53.955624,166.138621,49.717839,215.856687,269.812311,24000,4.0
76,7,proposed,51.704343,13.643591,49.980905,63.624859,115.32920200000001,24000,4.0
76,8,uncoded,50.508645,0.031224,50.301893,50.333272,100.841917,24000,4.0
76,8,conv-coded,51.217435,167.55779,49.940189,217.498166,268.715601,24000,4.0
76,8,proposed,51.539449,15.307785,50.337707,65.645841,117.18529000000001,24000,4.0
76,9,uncoded,50.781057,0.032017,49.675935,49.708074,100.489131,24000,4.0
76,9,conv-coded,50.992798,166.703794,50.514587,217.218648,268.211446,24000,4.0
76,9,proposed,51.371439,14.921702,50.141338,65.06332,116.43475900000001,24000,4.0
76,10,uncoded,52.016411,0.030995,49.721441,49.752584,101.76899499999999,24000,4.0
76,10,conv-coded,52.716363,166.749055,50.25519,217.004433,269.720796,24000,4.0
76,10,proposed,52.778472,16.427495,49.038607,65.466394,118.244866,24000,4.0
76,11,uncoded,52.213263,0.032025,49.757094,49.789282,102.002545,24000,4.0
76,11,conv-coded,52.773555,166.262571,49.971655,216.234414,269.007969,24000,4.0
76,11,proposed,52.999579,14.793089,50.325968,65.11947,118.119049,24000,4.0
76,12,uncoded,49.681328,0.031858,49.739628,49.771616,99.452944,24000,4.0
76,12,conv-coded,50.819629,167.837576,50.351082,218.188803,269.008432,24000,4.0
76,12,proposed,50.786713,14.883844,50.392623,65.276937,116.06365,24000,4.0
76,13,uncoded,51.58348,0.033253,49.442888,49.47628,101.05976000000001,24000,4.0
76,13,conv-coded,52.259676,167.854422,50.338579,218.193173,270.452849,24000,4.0
76,13,proposed,52.612651,13.876721,49.575542,63.452509,116.06515999999999,24000,4.0
76,14,uncoded,48.41995,0.031486,49.676522,49.708147,98.128097,1920,4.0
76,14,conv-coded,49.399637,166.604032,50.313889,216.918114,266.317751,1920,4.0
76,14,proposed,49.237642,13.677874,51.051147,64.729262,113.966904,1920,4.0
77,0,uncoded,54.707944,0.031814,51.597413,51.629384,106.337328,24000,4.0
77,0,conv-coded,53.963542,166.359465,49.673869,216.033465,269.997007,24000,4.0
77,0,proposed,54.035664,13.477239,49.262007,62.739545,116.77520899999999,24000,4.0
77,1,uncoded,52.28828,0.032676,50.427229,50.460083,102.748363,24000,4.0
77,1,conv-coded,53.428403,169.684251,50.624403,220.308865,273.737268,24000,4.0
77,1,proposed,54.840124,15.557365,51.25512,66.812781,121.652905,24000,4.0
77,2,uncoded,54.464861,0.031269,50.025473,50.056842,104.521703,24000,4.0
77,2,conv-coded,55.534559,169.724088,49.700498,219.424708,274.959267,24000,4.0
77,2,proposed,53.607376,14.023236,49.196151,63.219735,116.827111,24000,4.0
77,3,uncoded,50.58381,0.032607,49.052905,49.085635,99.669445,24000,4.0
77,3,conv-coded,50.95141,166.329755,52.212291,218.542164,269.493574,24000,4.0
77,3,proposed,50.721193,12.60923,50.792338,63.401907,114.1231,24000,4.0
77,4,uncoded,52.019839,0.03123,48.624466,48.655855,100.675694,24000,4.0
77,4,conv-coded,54.983761,166.899613,50.309803,217.209528,272.193289,24000,4.0
77,4,proposed,53.15143,14.97901,49.145819,64.12512,117.27654999999999,24000,4.0
77,5,uncoded,52.27737,0.032433,49.318383,49.350962,101.628332,24000,4.0
77,5,conv-coded,53.215062,169.327009,50.255475,219.582613,272.797675,24000,4.0
77,5,proposed,53.187509,13.406107,49.245222,62.651575,115.839084,24000,4.0
77,6,uncoded,50.718496,0.034274,48.834478,48.868881,99.587377,24000,4.0
77,6,conv-coded,53.997835,166.425587,49.447106,215.872795,269.87063,24000,4.0
77,6,proposed,53.392643,15.303068,50.78018,66.083493,119.476136,24000,4.0
77,7,uncoded,50.515441,0.032745,50.184701,50.217587,100.733028,24000,4.0
77,7,conv-coded,53.356931,166.276071,49.91866,216.194885,269.55181600000003,24000,4.0
77,7,proposed,51.694756,13.354913,50.420649,63.775783,115.470539,24000,4.0
77,8,uncoded,50.021422,0.033078,49.12321,49.156449,99.17787100000001,24000,4.0
77,8,conv-coded,51.193133,167.668354,51.956274,219.624801,270.817934,24000,4.0
77,8,proposed,51.081466,13.449835,50.798943,64.248974,115.33044000000001,24000,4.0
77,9,uncoded,51.269465,0.032242,49.090084,49.122478,100.391943,24000,4.0
77,9,conv-coded,52.325355,168.008931,51.512189,219.521274,271.846629,24000,4.0
77,9,proposed,51.420983,16.114305,49.809232,65.923902,117.344885,24000,4.0
77,10,uncoded,49.671326,0.032332,49.460865,49.49335,99.164676,24000,4.0
77,10,conv-coded,50.925997,166.143208,50.04503,216.188404,267.114401,24000,4.0
77,10,proposed,50.647202,13.175651,49.939388,63.115213,113.762415,24000,4.0
77,11,uncoded,50.243212,0.031744,49.847459,49.879336,100.122548,24000,4.0
77,11,conv-coded,53.546825,167.376944,50.108363,217.485435,271.03226,24000,4.0
77,11,proposed,52.447691,14.596251,49.775254,64.371712,116.819403,24000,4.0
77,12,uncoded,51.822998,0.031867,48.28382,48.31583,100.13882799999999,24000,4.0
77,12,conv-coded,54.652325,167.667849,49.307648,216.975664,271.627989,24000,4.0
77,12,proposed,52.180689,14.295994,49.51845,63.814703,115.99539200000001,24000,4.0
77,13,uncoded,49.502396,0.034925,49.1835,49.218566,98.720962,12241,4.0
77,13,conv-coded,50.966773,166.114187,52.038669,218.153036,269.119809,12241,4.0
77,13,proposed,50.556239,14.313844,50.626773,64.940919,115.49715799999998,12241,4.0
78,0,uncoded,55.277718,0.031625,48.822617,48.854387,104.132105,24000,4.0
78,0,conv-coded,54.269563,166.499943,51.301738,217.801863,272.071426,24000,4.0
78,0,proposed,53.485619,12.543091,49.422014,61.965407,115.451026,24000,4.0
78,1,uncoded,52.297985,0.033548,50.474925,50.5086,102.806585,24000,4.0
78,1,conv-coded,54.182926,171.18607,51.09345,222.279706,276.462632,24000,4.0
78,1,proposed,53.383643,14.550422,50.039607,64.590478,117.974121,24000,4.0
78,2,uncoded,54.120512,0.031958,51.360277,51.392366,105.512878,24000,4.0
78,2,conv-coded,56.603083,170.547672,50.251349,220.799251,277.402334,24000,4.0
78,2,proposed,55.856373,14.164221,50.289111,64.453636,120.31000900000001,24000,4.0
78,3,uncoded,51.754141,0.031449,49.279761,49.31135,101.065491,24000,4.0
78,3,conv-coded,54.635286,167.518899,49.813617,217.33268,271.967966,24000,4.0
78,3,proposed,52.42467,13.796428,49.603902,63.400769,115.82543899999999,24000,4.0
78,4,uncoded,51.039067,0.032692,49.773468,49.806328,100.845395,24000,4.0
78,4,conv-coded,52.596114,166.860832,50.059676,216.920696,269.51680999999996,24000,4.0
78,4,proposed,51.156286,14.147895,49.762545,63.910951,115.067237,24000,4.0
78,5,uncoded,51.716176,0.03128,49.352134,49.383561,101.099737,24000,4.0
78,5,conv-coded,52.274523,167.879355,49.661222,217.54077,269.815293,24000,4.0
78,5,proposed,52.474899,14.328644,49.644514,63.973485,116.448384,24000,4.0
78,6,uncoded,51.197702,0.031542,49.319221,49.350919,100.548621,24000,4.0
78,6,conv-coded,52.466043,166.823913,50.385838,217.209955,269.675998,24000,4.0
78,6,proposed,52.215748,15.87381,50.654318,66.528394,118.74414200000001,24000,4.0
78,7,uncoded,51.968995,0.033288,49.841384,49.874818,101.843813,24000,4.0
78,7,conv-coded,52.411126,167.000167,49.895931,216.896354,269.30748,24000,4.0
78,7,proposed,52.787189,12.685491,49.885719,62.571612,115.358801,24000,4.0
78,8,uncoded,49.584282,0.032422,49.69771,49.730285,99.31456700000001,24000,4.0
78,8,conv-coded,50.301362,166.908867,50.473673,217.382708,267.68407,24000,4.0
78,8,proposed,50.301679,12.921964,50.549388,63.471692,113.773371,24000,4.0
78,9,uncoded,51.716882,0.032601,49.714181,49.746958,101.46384,24000,4.0
78,9,conv-coded,52.896824,166.485758,50.268457,216.75439,269.651214,24000,4.0
78,9,proposed,52.970814,14.744308,50.171583,64.916282,117.88709599999999,24000,4.0
78,10,uncoded,51.433047,0.033159,49.981992,50.015281,101.448328,24000,4.0
78,10,conv-coded,52.081972,167.272613,49.957763,217.230538,269.31251,24000,4.0
78,10,proposed,52.357711,15.800055,49.751749,65.552229,117.90994,24000,4.0
78,11,uncoded,50.205315,0.03374,49.813205,49.847121,100.052436,24000,4.0
78,11,conv-coded,51.389863,167.798329,50.514416,218.312929,269.702792,24000,4.0
78,11,proposed,50.927762,13.394715,48.958154,62.353271,113.28103300000001,24000,4.0
78,12,uncoded,52.742639,0.031516,50.004366,50.036037,102.77867599999999,24000,4.0
78,12,conv-coded,55.585963,167.722039,49.311125,217.033318,272.619281,24000,4.0
78,12,proposed,54.650695,13.025018,49.172917,62.19817,116.84886499999999,24000,4.0
78,13,uncoded,50.542405,0.031618,50.006174,50.037942,100.580347,13920,4.0
78,13,conv-coded,51.544618,166.808547,49.718396,216.527121,268.071739,13920,4.0
78,13,proposed,52.180632,11.956773,48.905645,60.862671,113.04330300000001,13920,4.0
79,0,uncoded,54.857274,0.031807,49.059677,49.091635,103.94890899999999,24000,4.0
79,0,conv-coded,53.787029,165.913461,49.437969,215.351612,269.138641,24000,4.0
79,0,proposed,53.873615,14.707081,50.168417,64.875778,118.749393,24000,4.0
79,1,uncoded,52.953574,0.032469,50.435618,50.468244,103.421818,24000,4.0
79,1,conv-coded,53.840238,169.258194,51.242853,220.501368,274.341606,24000,4.0
79,1,proposed,53.325977,15.06077,51.223322,66.284515,119.610492,24000,4.0
79,2,uncoded,55.381473,0.031798,50.81903,50.850963,106.232436,24000,4.0
79,2,conv-coded,55.235777,170.857509,50.249073,221.106766,276.342543,24000,4.0
79,2,proposed,55.833316,14.09773,49.460703,63.558739,119.392055,24000,4.0
79,3,uncoded,50.111014,0.033053,51.306339,51.339568,101.450582,24000,4.0
79,3,conv-coded,50.523456,167.401606,52.855741,220.257501,270.780957,24000,4.0
79,3,proposed,50.892287,13.993078,50.166716,64.160207,115.052494,24000,4.0
79,4,uncoded,53.493172,0.031793,48.362257,48.394196,101.88736800000001,24000,4.0
79,4,conv-coded,55.120981,167.673166,49.453823,217.127178,272.248159,24000,4.0
79,4,proposed,53.638788,13.879238,48.846404,62.725964,116.364752,24000,4.0
79,5,uncoded,52.117111,0.032614,49.040327,49.073102,101.190213,24000,4.0
79,5,conv-coded,53.143804,167.315334,49.745175,217.060688,270.204492,24000,4.0
79,5,proposed,52.801788,13.619484,50.455743,64.07541,116.877198,24000,4.0
79,6,uncoded,50.585106,0.03287,48.867085,48.900113,99.485219,24000,4.0
79,6,conv-coded,51.533871,166.223673,49.684969,215.908792,267.442663,24000,4.0
79,6,proposed,51.07192,14.641718,49.797601,64.439555,115.51147499999999,24000,4.0
79,7,uncoded,51.681976,0.031488,49.267987,49.299603,100.981579,24000,4.0
79,7,conv-coded,52.587045,167.638077,52.186478,219.82469,272.411735,24000,4.0
79,7,proposed,52.383309,14.067663,50.37483,64.442689,116.825998,24000,4.0
79,8,uncoded,50.119029,0.031079,49.019373,49.050573,99.169602,24000,4.0
79,8,conv-coded,51.626658,167.477231,51.055643,218.533035,270.159693,24000,4.0
79,8,proposed,51.03608,14.118407,50.210157,64.328888,115.364968,24000,4.0
79,9,uncoded,51.786123,0.032637,50.192168,50.224945,102.011068,24000,4.0
79,9,conv-coded,53.013075,166.272031,50.527433,216.799625,269.8127,24000,4.0
79,9,proposed,52.805519,14.71952,49.309918,64.029706,116.83522500000001,24000,4.0
79,10,uncoded,51.27867,0.030822,49.337022,49.367993,100.64666299999999,24000,4.0
79,10,conv-coded,54.278133,167.050727,49.230941,216.281825,270.559958,24000,4.0
79,10,proposed,53.474268,13.055646,49.92643,62.982242,116.45651000000001,24000,4.0
79,11,uncoded,51.805687,0.031994,49.519356,49.551449,101.357136,24000,4.0
79,11,conv-coded,54.56013,168.101989,50.230989,218.33314,272.89327,24000,4.0
79,11,proposed,52.36987,14.102822,49.767255,63.870326,116.240196,24000,4.0
79,12,uncoded,49.598308,0.033388,49.102548,49.136121,98.734429,9599,4.0
79,12,conv-coded,50.013639,167.63328,52.020961,219.654407,269.668046,9599,4.0
79,12,proposed,49.762628,14.771486,50.491228,65.26304,115.025668,9599,4.0
80,0,uncoded,53.921757,0.032659,49.104288,49.137098,103.058855,24000,4.0
80,0,conv-coded,54.622911,167.947559,51.013589,218.961428,273.584339,24000,4.0
80,0,proposed,53.071765,14.059924,49.739116,63.799357,116.871122,24000,4.0
80,1,uncoded,53.067877,0.03295,50.132842,50.16594,103.233817,24000,4.0
80,1,conv-coded,54.138046,170.27486,51.083363,221.358456,275.49650199999996,24000,4.0
80,1,proposed,54.14706,13.823509,50.074101,63.897947,118.045007,24000,4.0
80,2,uncoded,54.544016,0.033226,51.167151,51.200511,105.744527,24000,4.0
80,2,conv-coded,56.972355,170.401491,50.194495,220.596153,277.568508,24000,4.0
80,2,proposed,55.692153,13.911315,49.281536,63.193162,118.88531499999999,24000,4.0
80,3,uncoded,51.034657,0.031706,49.075765,49.107661,100.142318,24000,4.0
80,3,conv-coded,54.65802,167.001453,49.991863,216.993515,271.651535,24000,4.0
80,3,proposed,51.626473,14.765973,50.20901,64.975302,116.601775,24000,4.0
80,4,uncoded,53.557895,0.036265,49.206966,49.243359,102.801254,24000,4.0
80,4,conv-coded,53.458949,167.245656,51.082176,218.328097,271.78704600000003,24000,4.0
80,4,proposed,53.477534,13.353095,51.118333,64.471671,117.949205,24000,4.0
80,5,uncoded,51.715536,0.03069,48.975388,49.006205,100.72174100000001,24000,4.0
80,5,conv-coded,53.055486,166.56371,51.037853,217.601751,270.657237,24000,4.0
80,5,proposed,52.593061,14.323243,49.821678,64.145182,116.73824300000001,24000,4.0
80,6,uncoded,51.92901,0.031155,49.618019,49.649328,101.578338,24000,4.0
80,6,conv-coded,53.38834,167.965186,49.379067,217.34441,270.73275,24000,4.0
80,6,proposed,52.941379,14.0698,48.967487,63.037525,115.978904,24000,4.0
80,7,uncoded,50.654424,0.03237,49.647664,49.680179,100.334603,24000,4.0
80,7,conv-coded,54.118927,172.895351,49.640563,222.536058,276.654985,24000,4.0
80,7,proposed,53.139155,14.039627,49.953139,63.993091,117.13224600000001,24000,4.0
80,8,uncoded,52.026995,0.032078,48.470035,48.50226,100.529255,24000,4.0
80,8,conv-coded,56.64401,167.235986,49.408927,216.645153,273.289163,24000,4.0
80,8,proposed,52.426207,15.05357,49.062563,64.116516,116.542723,24000,4.0
80,9,uncoded,50.688043,0.031532,49.116829,49.148534,99.836577,19440,4.0
80,9,conv-coded,51.493526,166.431581,52.24914,218.680874,270.1744,19440,4.0
80,9,proposed,51.40279,14.275157,50.723624,64.999108,116.40189800000002,19440,4.0
81,0,uncoded,54.157821,0.031771,48.753992,48.7859,102.943721,24000,4.0
81,0,conv-coded,54.847157,166.587687,50.764204,217.352022,272.199179,24000,4.0
81,0,proposed,54.95744,13.26958,48.901231,62.171123,117.128563,24000,4.0
81,1,uncoded,52.302817,0.032634,50.692822,50.725581,103.028398,24000,4.0
81,1,conv-coded,53.240484,170.549165,51.116032,221.665335,274.905819,24000,4.0
81,1,proposed,53.05281,14.778136,50.129675,64.908261,117.961071,24000,4.0
81,2,uncoded,52.908023,0.033875,50.187212,50.221249,103.129272,24000,4.0
81,2,conv-coded,58.1497,171.335598,49.004237,220.340069,278.489769,24000,4.0
81,2,proposed,56.843496,13.85755,48.991069,62.848888,119.692384,24000,4.0
81,3,uncoded,52.080337,0.032813,50.074933,50.107897,102.188234,24000,4.0
81,3,conv-coded,54.276167,167.90077,49.872071,217.773026,272.049193,24000,4.0
81,3,proposed,52.249569,14.888385,48.734458,63.62307,115.87263899999999,24000,4.0
81,4,uncoded,51.826557,0.032673,50.558068,50.590872,102.417429,24000,4.0
81,4,conv-coded,52.664643,167.104677,52.149792,219.254658,271.919301,24000,4.0
81,4,proposed,53.981387,12.912808,49.836202,62.749258,116.730645,24000,4.0
81,5,uncoded,52.194339,0.03195,49.361461,49.393561,101.58789999999999,24000,4.0
81,5,conv-coded,52.698391,166.151007,49.710472,215.861682,268.560073,24000,4.0
81,5,proposed,52.42039,14.829429,49.350322,64.180179,116.600569,24000,4.0
81,6,uncoded,51.606549,0.033048,48.740992,48.774181,100.38073,24000,4.0
81,6,conv-coded,52.479333,167.055648,48.880932,215.936771,268.416104,24000,4.0
81,6,proposed,52.025382,13.866141,53.052912,66.919266,118.944648,24000,4.0
81,7,uncoded,50.877016,0.032148,49.13487,49.167174,100.04419,24000,4.0
81,7,conv-coded,52.760089,167.668114,50.746209,218.414482,271.174571,24000,4.0
81,7,proposed,52.11249,13.349476,49.823562,63.173426,115.285916,24000,4.0
81,8,uncoded,51.611219,0.03249,49.109503,49.142149,100.753368,24000,4.0
81,8,conv-coded,52.93912,166.946441,49.435631,216.38221,269.32133,24000,4.0
81,8,proposed,52.585043,14.217318,48.460846,62.678433,115.263476,24000,4.0
81,9,uncoded,49.278443,0.031642,49.807182,49.838948,99.117391,10320,4.0
81,9,conv-coded,52.548926,166.456872,49.54022,215.997266,268.546192,10320,4.0
81,9,proposed,51.856959,14.920634,50.092609,65.013585,116.87054400000001,10320,4.0
82,0,uncoded,54.593701,0.0331,49.187317,49.220584,103.81428500000001,24000,4.0
82,0,conv-coded,55.967311,166.883082,49.331169,216.214389,272.18170000000003,24000,4.0
82,0,proposed,53.043569,13.502489,50.37216,63.875099,116.918668,24000,4.0
82,1,uncoded,53.345264,0.033133,50.20238,50.235677,103.580941,24000,4.0
82,1,conv-coded,53.948531,171.118953,53.595997,224.715265,278.663796,24000,4.0
82,1,proposed,53.987657,15.063016,51.152494,66.215838,120.203495,24000,4.0
82,2,uncoded,51.960784,0.031827,52.655696,52.687669,104.64845299999999,24000,4.0
82,2,conv-coded,53.558312,169.580995,51.306441,220.887596,274.44590800000003,24000,4.0
82,2,proposed,52.981823,14.469693,48.975966,63.445934,116.427757,24000,4.0
82,3,uncoded,51.656595,0.032925,49.458547,49.491604,101.148199,24000,4.0
82,3,conv-coded,53.241922,167.720012,50.132599,217.852771,271.094693,24000,4.0
82,3,proposed,52.676622,14.49867,48.950246,63.449141,116.125763,24000,4.0
82,4,uncoded,51.687863,0.033696,49.077092,49.110964,100.798827,24000,4.0
82,4,conv-coded,54.652471,167.163538,49.375101,216.538804,271.191275,24000,4.0
82,4,proposed,53.74997,13.604128,50.113937,63.718439,117.468409,24000,4.0
82,5,uncoded,52.047479,0.03352,48.694633,48.728319,100.77579800000001,24000,4.0
82,5,conv-coded,54.491755,168.429334,49.128452,217.557962,272.049717,24000,4.0
82,5,proposed,52.464557,13.959651,48.722078,62.682049,115.14660599999999,24000,4.0
82,6,uncoded,50.988426,0.031983,49.153357,49.1855,100.173926,24000,4.0
82,6,conv-coded,51.808177,166.330978,52.341884,218.672986,270.48116300000004,24000,4.0
82,6,proposed,51.566551,15.147127,50.631997,65.779341,117.34589199999999,24000,4.0
82,7,uncoded,51.194771,0.034238,48.693218,48.727623,99.922394,24000,4.0
82,7,conv-coded,52.904552,167.698558,51.07525,218.773933,271.678485,24000,4.0
82,7,proposed,52.085033,15.538714,49.686513,65.225405,117.310438,24000,4.0
82,8,uncoded,51.154908,0.031231,48.829184,48.860552,100.01545999999999,24000,4.0
82,8,conv-coded,52.518001,167.958347,50.004639,217.963157,270.481158,24000,4.0
82,8,proposed,51.922715,15.121123,49.898758,65.020129,116.942844,24000,4.0
82,9,uncoded,49.183963,0.03252,49.366704,49.399349,98.583312,7440,4.0
82,9,conv-coded,52.112982,166.402353,49.479942,215.882438,267.99542,7440,4.0
82,9,proposed,51.312625,13.498108,50.216224,63.714592,115.02721700000001,7440,4.0
83,0,uncoded,53.935532,0.037376,48.393568,48.431119,102.366651,24000,4.0
83,0,conv-coded,64.037769,168.351632,49.169666,217.521449,281.559218,24000,4.0
83,0,proposed,53.058186,13.741807,50.191346,63.933766,116.991952,24000,4.0
83,1,uncoded,53.46342,0.03598,49.41526,49.451391,102.914811,24000,4.0
83,1,conv-coded,54.4376,171.2035,53.317799,224.52147,278.95907,24000,4.0
83,1,proposed,53.790245,14.551988,51.229151,65.781594,119.571839,24000,4.0
83,2,uncoded,51.692935,0.031991,50.712823,50.744976,102.437911,24000,4.0
83,2,conv-coded,53.776327,169.919146,51.98448,221.903859,275.680186,24000,4.0
83,2,proposed,53.211662,14.18749,49.707116,63.89485,117.106512,24000,4.0
83,3,uncoded,51.604573,0.032535,48.816771,48.849453,100.454026,24000,4.0
83,3,conv-coded,52.487217,168.058548,50.016043,218.074863,270.56208,24000,4.0
83,3,proposed,52.872886,13.88728,48.945436,62.833595,115.706481,24000,4.0
83,4,uncoded,50.976875,0.031667,49.584175,49.615977,100.592852,24000,4.0
83,4,conv-coded,53.686358,167.778696,50.122698,217.901593,271.587951,24000,4.0
83,4,proposed,52.840172,15.559549,50.461272,66.021083,118.861255,24000,4.0
83,5,uncoded,51.682173,0.036796,49.096914,49.133855,100.81602799999999,24000,4.0
83,5,conv-coded,53.968403,166.224737,49.973929,216.198818,270.167221,24000,4.0
83,5,proposed,52.887372,16.14946,49.775996,65.925791,118.813163,24000,4.0
83,6,uncoded,51.101365,0.03245,50.336501,50.36907,101.47043500000001,24000,4.0
83,6,conv-coded,51.917992,166.709834,50.392594,217.10267,269.020662,24000,4.0
83,6,proposed,51.819754,14.392802,49.576609,63.969723,115.789477,24000,4.0
83,7,uncoded,50.991044,0.031477,48.808982,48.840638,99.831682,24000,4.0
83,7,conv-coded,52.160573,166.238438,50.098472,216.337094,268.497667,24000,4.0
83,7,proposed,52.249996,13.396999,50.536243,63.933506,116.183502,24000,4.0
83,8,uncoded,51.514085,0.031624,48.432606,48.464354,99.97843900000001,24000,4.0
83,8,conv-coded,53.461594,166.354033,49.433566,215.787779,269.249373,24000,4.0
83,8,proposed,51.475269,14.841831,49.602799,64.444935,115.920204,24000,4.0
83,9,uncoded,49.051563,0.032509,49.236487,49.269118,98.32068100000001,3360,4.0
83,9,conv-coded,49.407615,165.94414,52.276404,218.220713,267.628328,3360,4.0
83,9,proposed,49.552367,12.781479,50.330086,63.111874,112.664241,3360,4.0
84,0,uncoded,53.438805,0.034766,48.873197,48.908117,102.346922,24000,4.0
84,0,conv-coded,54.254543,167.182989,50.227227,217.410383,271.664926,24000,4.0
84,0,proposed,52.699007,14.137798,49.289105,63.4274,116.126407,24000,4.0
84,1,uncoded,52.076642,0.032792,50.434607,50.467545,102.544187,24000,4.0
84,1,conv-coded,53.442516,171.389771,51.107953,222.4979,275.94041599999997,24000,4.0
84,1,proposed,53.45175,14.742152,49.458399,64.20088,117.65262999999999,24000,4.0
84,2,uncoded,52.238617,0.032004,50.755748,50.787896,103.026513,24000,4.0
84,2,conv-coded,55.568435,170.210196,52.033297,222.243678,277.812113,24000,4.0
84,2,proposed,54.284164,13.944002,49.835967,63.780259,118.064423,24000,4.0
84,3,uncoded,50.300384,0.031757,48.670059,48.701949,99.002333,24000,4.0
84,3,conv-coded,53.259445,168.21521,49.668276,217.883658,271.143103,24000,4.0
84,3,proposed,51.607024,13.873652,49.063034,62.936932,114.54395600000001,24000,4.0
84,4,uncoded,51.596022,0.035351,49.059921,49.095419,100.691441,24000,4.0
84,4,conv-coded,52.313184,167.723217,51.416077,219.139456,271.45264,24000,4.0
84,4,proposed,52.170013,15.11204,51.30356,66.415805,118.585818,24000,4.0
84,5,uncoded,49.549113,0.032324,49.317052,49.349521,98.898634,24000,4.0
84,5,conv-coded,51.204548,167.434935,51.216313,218.651461,269.85600900000003,24000,4.0
84,5,proposed,50.430044,15.107359,49.468971,64.576557,115.00660099999999,24000,4.0
84,6,uncoded,51.991307,0.032228,49.048722,49.081117,101.072424,24000,4.0
84,6,conv-coded,53.556607,168.218204,50.032001,218.250371,271.806978,24000,4.0
84,6,proposed,53.498571,14.050574,48.43084,62.48161,115.980181,24000,4.0
84,7,uncoded,51.586858,0.032291,49.01214,49.044568,100.631426,24000,4.0
84,7,conv-coded,54.502822,167.322784,49.076113,216.399047,270.901869,24000,4.0
84,7,proposed,53.706254,13.203033,48.86074,62.06406,115.770314,24000,4.0
84,8,uncoded,48.740933,0.033179,50.513107,50.546433,99.28736599999999,4800,4.0
84,8,conv-coded,51.082896,168.224039,49.865221,218.089425,269.172321,4800,4.0
84,8,proposed,49.217144,14.852442,49.815154,64.66791,113.885054,4800,4.0
85,0,uncoded,53.643952,0.038134,48.842695,48.880992,102.524944,24000,4.0
85,0,conv-coded,53.872068,166.714967,51.742187,218.457345,272.329413,24000,4.0
85,0,proposed,54.097386,14.263967,49.194829,63.459211,117.55659700000001,24000,4.0
85,1,uncoded,54.580059,0.031279,52.665738,52.697178,107.277237,24000,4.0
85,1,conv-coded,54.381464,170.771262,51.205688,221.977108,276.358572,24000,4.0
85,1,proposed,53.774564,14.200448,49.436673,63.637903,117.41246699999999,24000,4.0
85,2,uncoded,54.171215,0.032239,52.183591,52.215952,106.387167,24000,4.0
85,2,conv-coded,54.01639,170.901727,50.960432,221.862411,275.878801,24000,4.0
85,2,proposed,53.076347,12.862559,49.837978,62.701236,115.77758299999999,24000,4.0
85,3,uncoded,52.435722,0.031922,52.165648,52.197701,104.633423,24000,4.0
85,3,conv-coded,52.35494,168.23538,51.001431,219.236965,271.591905,24000,4.0
85,3,proposed,51.919834,14.218584,50.790836,65.009757,116.92959099999999,24000,4.0
85,4,uncoded,54.609423,0.033731,51.016528,51.050399,105.65982199999999,24000,4.0
85,4,conv-coded,53.061167,167.270882,50.351942,217.622973,270.68414,24000,4.0
85,4,proposed,52.994059,14.085641,49.604083,63.689895,116.683954,24000,4.0
85,5,uncoded,53.106707,0.033663,52.380264,52.414078,105.520785,24000,4.0
85,5,conv-coded,52.413382,166.603683,49.977013,216.580841,268.994223,24000,4.0
85,5,proposed,52.060358,14.341241,48.751028,63.092453,115.152811,24000,4.0
85,6,uncoded,53.766969,0.032165,48.688685,48.721006,102.487975,24000,4.0
85,6,conv-coded,54.195122,168.650083,49.677653,218.327929,272.523051,24000,4.0
85,6,proposed,52.223783,14.118022,48.897674,63.015926,115.239709,24000,4.0
85,7,uncoded,51.778491,0.030917,48.869105,48.900147,100.678638,24000,4.0
85,7,conv-coded,52.914136,166.148167,50.017218,216.165564,269.0797,24000,4.0
85,7,proposed,52.360823,15.708399,49.305653,65.014923,117.37574599999999,24000,4.0
85,8,uncoded,49.100395,0.03242,49.761508,49.794059,98.894454,4080,4.0
85,8,conv-coded,50.035567,168.081605,49.532598,217.61439,267.649957,4080,4.0
85,8,proposed,49.750444,13.106781,49.349954,62.457052,112.20749599999999,4080,4.0
86,0,uncoded,54.823441,0.031623,49.632136,49.663904,104.487345,24000,4.0
86,0,conv-coded,55.388257,166.85668,49.496154,216.352998,271.741255,24000,4.0
86,0,proposed,53.8757,14.007405,49.342234,63.35,117.2257,24000,4.0
86,1,uncoded,53.109717,0.032976,50.660617,50.693737,103.803454,24000,4.0
86,1,conv-coded,54.37923,171.32095,50.662392,221.983524,276.362754,24000,4.0
86,1,proposed,53.231122,14.128779,50.569264,64.698474,117.929596,24000,4.0
86,2,uncoded,53.666876,0.033533,50.245412,50.279116,103.945992,24000,4.0
86,2,conv-coded,53.686004,169.489486,49.473094,218.962746,272.64875,24000,4.0
86,2,proposed,53.214793,15.84361,48.958039,64.801844,118.016637,24000,4.0
86,3,uncoded,51.558169,0.033807,49.37861,49.412549,100.970718,24000,4.0
86,3,conv-coded,52.612479,167.652359,49.640259,217.292776,269.905255,24000,4.0
86,3,proposed,52.239579,14.490269,49.253327,63.743803,115.983382,24000,4.0
86,4,uncoded,52.318783,0.031814,50.176418,50.208392,102.527175,24000,4.0
86,4,conv-coded,52.974903,166.948722,48.92312,215.872028,268.846931,24000,4.0
86,4,proposed,52.424893,13.101156,49.730718,62.832091,115.25698399999999,24000,4.0
86,5,uncoded,51.662023,0.032495,48.867355,48.900002,100.562025,24000,4.0
86,5,conv-coded,54.57198,167.804163,49.533207,217.337553,271.909533,24000,4.0
86,5,proposed,52.417409,13.997718,48.274418,62.272397,114.689806,24000,4.0
86,6,uncoded,51.876286,0.031983,48.83436,48.866538,100.742824,24000,4.0
86,6,conv-coded,52.850516,167.757532,49.79719,217.554923,270.405439,24000,4.0
86,6,proposed,52.395492,13.80807,48.591189,62.399611,114.795103,24000,4.0
86,7,uncoded,51.731926,0.03351,50.952215,50.985874,102.71780000000001,24000,4.0
86,7,conv-coded,52.69849,167.004104,49.536285,216.540548,269.239038,24000,4.0
86,7,proposed,53.571226,13.771578,49.176275,62.948198,116.519424,24000,4.0
86,8,uncoded,51.622663,0.03437,48.781901,48.816431,100.43909400000001,24000,4.0
86,8,conv-coded,51.976179,167.080915,49.509033,216.590094,268.566273,24000,4.0
86,8,proposed,51.869779,14.405344,48.702593,63.108181,114.97796,24000,4.0
86,9,uncoded,52.046414,0.031729,49.479891,49.511753,101.558167,24000,4.0
86,9,conv-coded,52.853205,167.746801,49.048604,216.795542,269.648747,24000,4.0
86,9,proposed,52.922602,15.332124,48.911477,64.24396,117.166562,24000,4.0
86,10,uncoded,52.856699,0.031843,48.506729,48.538724,101.395423,18480,4.0
86,10,conv-coded,51.319442,168.129628,49.396854,217.526649,268.846091,18480,4.0
86,10,proposed,50.621328,14.183622,50.961217,65.14511,115.766438,18480,4.0
87,0,uncoded,55.303613,0.031731,48.877631,48.909517,104.21313,24000,4.0
87,0,conv-coded,54.887742,167.197617,51.531389,218.729149,273.616891,24000,4.0
87,0,proposed,54.504505,14.046111,49.837362,63.883944,118.38844900000001,24000,4.0
87,1,uncoded,52.86664,0.032919,50.84386,50.876932,103.743572,24000,4.0
87,1,conv-coded,53.45019,171.28746,50.804408,222.091997,275.542187,24000,4.0
87,1,proposed,53.81788,15.287511,50.307183,65.594932,119.412812,24000,4.0
87,2,uncoded,52.040209,0.031521,50.152695,50.184368,102.224577,24000,4.0
87,2,conv-coded,55.026081,170.705474,49.573263,220.27888,275.304961,24000,4.0
87,2,proposed,54.644792,13.997483,49.68375,63.681553,118.326345,24000,4.0
87,3,uncoded,52.099892,0.032695,49.197535,49.230361,101.330253,24000,4.0
87,3,conv-coded,54.492043,167.919195,50.551809,218.471159,272.963202,24000,4.0
87,3,proposed,52.243572,15.634151,49.14067,64.775202,117.018774,24000,4.0
87,4,uncoded,51.142926,0.033328,51.052886,51.086339,102.229265,24000,4.0
87,4,conv-coded,51.922678,168.404611,51.689545,220.094316,272.016994,24000,4.0
87,4,proposed,52.012743,13.885852,51.50945,65.395568,117.408311,24000,4.0
87,5,uncoded,51.848199,0.032162,49.018128,49.050441,100.89864,24000,4.0
87,5,conv-coded,52.871877,167.304969,51.079711,218.384867,271.256744,24000,4.0
87,5,proposed,52.098008,14.621418,49.42972,64.051517,116.14952500000001,24000,4.0
87,6,uncoded,50.545501,0.032604,49.801227,49.833977,100.379478,24000,4.0
87,6,conv-coded,52.605965,166.677655,50.361559,217.039388,269.645353,24000,4.0
87,6,proposed,51.980058,14.207416,49.942943,64.15078,116.130838,24000,4.0
87,7,uncoded,50.810034,0.0316,49.416611,49.448373,100.258407,24000,4.0
87,7,conv-coded,54.45546,167.714632,49.867902,217.582694,272.038154,24000,4.0
87,7,proposed,53.87677,16.149996,49.754374,65.904636,119.781406,24000,4.0
87,8,uncoded,52.02054,0.048219,48.051357,48.099719,100.120259,24000,4.0
87,8,conv-coded,53.827453,166.720579,49.323418,216.044159,269.871612,24000,4.0
87,8,proposed,52.268285,14.826911,49.78178,64.609085,116.87736999999998,24000,4.0
87,9,uncoded,49.567596,0.03135,48.92111,48.952594,98.52019,9600,4.0
87,9,conv-coded,50.19425,167.089556,52.467154,219.556889,269.751139,9600,4.0
87,9,proposed,50.062056,13.844868,50.677236,64.522433,114.584489,9600,4.0
88,0,uncoded,52.688716,0.031747,48.335884,48.367807,101.056523,24000,4.0
88,0,conv-coded,53.736769,167.648432,48.783391,216.431981,270.16875,24000,4.0
88,0,proposed,52.590546,13.254372,49.606705,62.861491,115.452037,24000,4.0
88,1,uncoded,51.359196,0.031471,51.361032,51.392648,102.751844,24000,4.0
88,1,conv-coded,54.341765,169.851399,52.847438,222.698988,277.040753,24000,4.0
88,1,proposed,54.319565,15.569586,50.537213,66.107162,120.426727,24000,4.0
88,2,uncoded,52.219744,0.032286,50.740833,50.773263,102.993007,24000,4.0
88,2,conv-coded,53.375111,170.439227,50.854116,221.293527,274.668638,24000,4.0
88,2,proposed,53.282198,14.429765,49.612162,64.042281,117.324479,24000,4.0
88,3,uncoded,52.585592,0.032643,49.308605,49.341386,101.92697799999999,24000,4.0
88,3,conv-coded,52.670242,167.266529,49.542331,216.809043,269.479285,24000,4.0
88,3,proposed,52.229322,13.697773,49.437325,63.135421,115.364743,24000,4.0
88,4,uncoded,51.56174,0.031996,48.477807,48.509944,100.071684,24000,4.0
88,4,conv-coded,52.576012,167.720803,50.210326,217.931297,270.507309,24000,4.0
88,4,proposed,52.005356,14.426705,49.483114,63.910151,115.91550699999999,24000,4.0
88,5,uncoded,52.989765,0.03313,48.640073,48.673332,101.663097,24000,4.0
88,5,conv-coded,53.461514,168.431737,49.234438,217.666353,271.127867,24000,4.0
88,5,proposed,53.335438,13.803584,49.081985,62.885838,116.221276,24000,4.0
88,6,uncoded,51.922078,0.032131,49.101754,49.134058,101.05613600000001,24000,4.0
88,6,conv-coded,51.777269,167.54719,50.826419,218.373741,270.15101,24000,4.0
88,6,proposed,51.974803,14.806133,49.148263,63.954958,115.929761,24000,4.0
88,7,uncoded,52.144781,0.032528,48.660001,48.692696,100.837477,24000,4.0
88,7,conv-coded,52.550395,167.769246,49.33832,217.107727,269.658122,24000,4.0
88,7,proposed,52.90492,13.620366,49.186851,62.807658,115.71257800000001,24000,4.0
88,8,uncoded,51.205652,0.032403,49.177371,49.209907,100.415559,17760,4.0
88,8,conv-coded,51.672294,167.059677,49.924431,216.98427,268.656564,17760,4.0
88,8,proposed,51.394088,13.499918,49.289762,62.790032,114.18412000000001,17760,4.0
89,0,uncoded,54.788365,0.033459,49.207442,49.241068,104.029433,24000,4.0
89,0,conv-coded,54.76569,166.910269,50.394245,217.304662,272.070352,24000,4.0
89,0,proposed,54.168851,14.836204,49.082652,63.919184,118.08803499999999,24000,4.0
89,1,uncoded,52.445658,0.033776,51.727994,51.761904,104.207562,24000,4.0
89,1,conv-coded,55.076873,171.23653,50.840923,222.077578,277.154451,24000,4.0
89,1,proposed,52.768396,15.439154,50.59269,66.032233,118.80062900000001,24000,4.0
89,2,uncoded,52.267103,0.031848,51.197594,51.229574,103.496677,24000,4.0
89,2,conv-coded,52.769853,170.629132,50.790463,221.41973,274.18958299999997,24000,4.0
89,2,proposed,52.697579,13.121303,50.265143,63.386824,116.084403,24000,4.0
89,3,uncoded,50.854125,0.031657,50.590707,50.622485,101.47661,24000,4.0
89,3,conv-coded,51.49266,167.299581,50.654781,217.954503,269.447163,24000,4.0
89,3,proposed,51.59842,14.965591,49.885222,64.851073,116.44949299999999,24000,4.0
89,4,uncoded,52.495127,0.032864,50.23889,50.271901,102.767028,24000,4.0
89,4,conv-coded,52.917292,166.915213,49.140922,216.056271,268.973563,24000,4.0
89,4,proposed,52.653122,13.865728,49.163221,63.029482,115.682604,24000,4.0
89,5,uncoded,51.696452,0.033998,49.808691,49.84279,101.539242,24000,4.0
89,5,conv-coded,52.313744,167.197365,51.188358,218.385911,270.699655,24000,4.0
89,5,proposed,52.335768,13.348864,50.389376,63.73846,116.074228,24000,4.0
89,6,uncoded,52.638114,0.032395,49.377101,49.409621,102.047735,24000,4.0
89,6,conv-coded,52.46962,167.320486,49.992753,217.313341,269.782961,24000,4.0
89,6,proposed,52.822915,15.397663,49.306954,64.704881,117.527796,24000,4.0
89,7,uncoded,52.008043,0.031279,50.084101,50.115502,102.12354500000001,24000,4.0
89,7,conv-coded,52.156593,166.615334,50.121972,216.737451,268.894044,24000,4.0
89,7,proposed,52.314859,15.388097,50.280481,65.668772,117.983631,24000,4.0
89,8,uncoded,51.800528,0.03221,49.282005,49.314364,101.114892,24000,4.0
89,8,conv-coded,52.398374,166.42991,49.010242,215.440301,267.838675,24000,4.0
89,8,proposed,52.585675,13.717722,48.940712,62.658817,115.24449200000001,24000,4.0
89,9,uncoded,51.582288,0.032555,49.114754,49.147448,100.729736,24000,4.0
89,9,conv-coded,52.165826,167.176486,50.130453,217.307079,269.47290499999997,24000,4.0
89,9,proposed,52.625439,14.411871,50.170272,64.582454,117.207893,24000,4.0
89,10,uncoded,51.559656,0.031885,49.362774,49.394825,100.95448099999999,23280,4.0
89,10,conv-coded,52.051039,166.609287,50.157222,216.766676,268.817715,23280,4.0
89,10,proposed,51.963733,15.042016,49.969958,65.012366,116.976099,23280,4.0
90,0,uncoded,55.334874,0.032952,51.50037,51.533493,106.868367,24000,4.0
90,0,conv-coded,55.188669,166.967392,49.006412,215.97398,271.162649,24000,4.0
90,0,proposed,53.910986,15.435202,49.192959,64.628616,118.539602,24000,4.0
90,1,uncoded,53.406768,0.032488,51.047083,51.079758,104.486526,24000,4.0
90,1,conv-coded,53.494992,170.473178,52.328005,222.801369,276.296361,24000,4.0
90,1,proposed,53.189814,14.803236,51.405221,66.208793,119.398607,24000,4.0
90,2,uncoded,53.243954,0.03197,50.838419,50.870528,104.11448200000001,24000,4.0
90,2,conv-coded,53.156505,171.024879,49.996926,221.021965,274.17847,24000,4.0
90,2,proposed,53.45617,18.355207,48.934495,67.290039,120.746209,24000,4.0
90,3,uncoded,51.539926,0.032433,49.858704,49.891268,101.431194,24000,4.0
90,3,conv-coded,52.091287,166.617835,50.365564,216.983549,269.074836,24000,4.0
90,3,proposed,51.722725,14.925118,49.794055,64.719448,116.442173,24000,4.0
90,4,uncoded,52.004275,0.033129,49.344411,49.377688,101.381963,24000,4.0
90,4,conv-coded,52.36518,168.407191,49.582911,217.990271,270.355451,24000,4.0
90,4,proposed,52.361928,12.908666,51.022957,63.931921,116.293849,24000,4.0
90,5,uncoded,52.820658,0.032284,48.281336,48.313769,101.134427,24000,4.0
90,5,conv-coded,52.720913,167.202854,49.904074,217.107064,269.82797700000003,24000,4.0
90,5,proposed,52.134705,14.207768,49.231665,63.439723,115.574428,24000,4.0
90,6,uncoded,50.739256,0.032572,49.443439,49.476139,100.215395,24000,4.0
90,6,conv-coded,51.415114,167.741173,50.221875,217.963191,269.378305,24000,4.0
90,6,proposed,51.461101,15.712638,49.776831,65.489697,116.950798,24000,4.0
90,7,uncoded,52.234345,0.031151,48.588238,48.619545,100.85389,24000,4.0
90,7,conv-coded,51.861697,167.808005,50.308804,218.11698,269.978677,24000,4.0
90,7,proposed,51.018782,13.304348,49.032064,62.336788,113.35557,24000,4.0
90,8,uncoded,50.021474,0.032839,49.303508,49.336483,99.357957,16560,4.0
90,8,conv-coded,51.013287,166.682691,50.412426,217.095293,268.10858,16560,4.0
90,8,proposed,51.1299,15.648673,50.118209,65.767394,116.89729399999999,16560,4.0
91,0,uncoded,55.407227,0.030745,48.525871,48.556776,103.96400299999999,24000,4.0
91,0,conv-coded,55.776743,168.43014,49.315331,217.745673,273.522416,24000,4.0
91,0,proposed,54.110803,13.528348,49.563282,63.092078,117.20288099999999,24000,4.0
91,1,uncoded,52.58962,0.035286,53.87441,53.909842,106.499462,24000,4.0
91,1,conv-coded,53.967445,172.091662,52.292418,224.384319,278.351764,24000,4.0
91,1,proposed,53.558136,15.636644,49.734858,65.371757,118.92989299999999,24000,4.0
91,2,uncoded,55.105154,0.033054,52.325286,52.358465,107.463619,24000,4.0
91,2,conv-coded,54.464453,168.435729,50.835982,219.271921,273.736374,24000,4.0
91,2,proposed,54.113278,14.844772,50.038759,64.883822,118.99709999999999,24000,4.0
91,3,uncoded,53.685946,0.0316,51.872749,51.904521,105.590467,24000,4.0
91,3,conv-coded,53.203988,167.073615,50.932779,218.006537,271.210525,24000,4.0
91,3,proposed,52.709238,13.794156,49.524623,63.31907,116.02830800000001,24000,4.0
91,4,uncoded,54.994487,0.031907,51.271524,51.303569,106.298056,24000,4.0
91,4,conv-coded,54.297919,167.22353,50.463689,217.687368,271.98528699999997,24000,4.0
91,4,proposed,53.612577,13.548385,49.992638,63.541472,117.154049,24000,4.0
91,5,uncoded,54.320149,0.03847,51.002321,51.04096,105.361109,24000,4.0
91,5,conv-coded,53.834236,166.323442,50.516307,216.839924,270.67416,24000,4.0
91,5,proposed,53.647058,13.990529,48.889188,62.880024,116.52708200000001,24000,4.0
91,6,uncoded,54.189307,0.031686,50.710592,50.742437,104.93174400000001,24000,4.0
91,6,conv-coded,55.050975,166.190262,49.875623,216.066152,271.117127,24000,4.0
91,6,proposed,52.885854,13.264224,48.745119,62.00959,114.895444,24000,4.0
91,7,uncoded,53.404149,0.030898,51.383976,51.415028,104.819177,24000,4.0
91,7,conv-coded,53.110572,167.914127,50.427848,218.342159,271.452731,24000,4.0
91,7,proposed,52.467161,12.766627,49.531241,62.298071,114.765232,24000,4.0
91,8,uncoded,52.400693,0.033024,51.218466,51.251652,103.652345,18960,4.0
91,8,conv-coded,53.418027,166.14458,50.246195,216.39096,269.808987,18960,4.0
91,8,proposed,52.37364,14.487444,49.853342,64.341129,116.71476899999999,18960,4.0
92,0,uncoded,57.134431,0.031362,51.068955,51.100479,108.23491,24000,4.0
92,0,conv-coded,55.824664,167.521063,49.922476,217.44375,273.268414,24000,4.0
92,0,proposed,54.469304,14.062742,48.537715,62.600865,117.07016899999999,24000,4.0
92,1,uncoded,55.21849,0.033407,53.423647,53.457191,108.675681,24000,4.0
92,1,conv-coded,54.064265,170.04653,52.36533,222.41212,276.476385,24000,4.0
92,1,proposed,53.287077,13.225159,50.703081,63.928633,117.21571,24000,4.0
92,2,uncoded,55.375679,0.036189,52.602175,52.638527,108.014206,24000,4.0
92,2,conv-coded,54.503118,170.634442,50.906856,221.541464,276.044582,24000,4.0
92,2,proposed,54.012753,13.832137,49.049701,62.882093,116.894846,24000,4.0
92,3,uncoded,53.421769,0.03153,52.052942,52.084607,105.50637599999999,24000,4.0
92,3,conv-coded,52.729832,166.429167,50.342795,216.772131,269.501963,24000,4.0
92,3,proposed,52.184152,14.09186,49.168577,63.260641,115.444793,24000,4.0
92,4,uncoded,52.430117,0.032566,50.025957,50.058655,102.48877200000001,24000,4.0
92,4,conv-coded,52.373209,166.639068,50.271881,216.911086,269.28429500000004,24000,4.0
92,4,proposed,53.993434,14.860845,50.065001,64.925998,118.919432,24000,4.0
92,5,uncoded,52.141368,0.034885,49.592981,49.628005,101.769373,24000,4.0
92,5,conv-coded,52.961718,167.361677,49.797897,217.159745,270.121463,24000,4.0
92,5,proposed,52.978891,14.512001,49.588537,64.100693,117.07958400000001,24000,4.0
92,6,uncoded,51.646875,0.033111,49.8215,49.854761,101.501636,24000,4.0
92,6,conv-coded,52.234041,166.988922,50.123367,217.112436,269.346477,24000,4.0
92,6,proposed,52.240229,13.389512,51.361278,64.751178,116.991407,24000,4.0
92,7,uncoded,52.242009,0.032601,51.36573,51.398456,103.640465,24000,4.0
92,7,conv-coded,52.766812,166.16414,51.783656,217.947946,270.714758,24000,4.0
92,7,proposed,54.39905,16.684171,49.575113,66.259603,120.658653,24000,4.0
92,8,uncoded,49.151902,0.031738,49.883765,49.915649,99.06755100000001,4320,4.0
92,8,conv-coded,50.163682,166.772218,49.644404,216.416768,266.58045,4320,4.0
92,8,proposed,50.132125,13.833832,49.990373,63.824835,113.95696000000001,4320,4.0
93,0,uncoded,55.039748,0.032994,49.719397,49.752545,104.792293,24000,4.0
93,0,conv-coded,55.293779,166.625989,49.417681,216.043915,271.337694,24000,4.0
93,0,proposed,54.711555,13.911208,50.093311,64.004811,118.716366,24000,4.0
93,1,uncoded,53.894827,0.031831,50.419026,50.451013,104.34584000000001,24000,4.0
93,1,conv-coded,53.984238,170.998923,51.340889,222.340014,276.324252,24000,4.0
93,1,proposed,54.296942,16.205259,50.23287,66.438535,120.735477,24000,4.0
93,2,uncoded,52.708039,0.031823,50.628671,50.660644,103.368683,24000,4.0
93,2,conv-coded,53.581968,170.957003,50.39184,221.349043,274.931011,24000,4.0
93,2,proposed,53.771778,13.025105,49.970356,62.995879,116.767657,24000,4.0
93,3,uncoded,52.951904,0.032929,49.924939,49.958031,102.90993499999999,24000,4.0
93,3,conv-coded,53.882788,168.014662,53.621415,221.636235,275.519023,24000,4.0
93,3,proposed,53.333711,14.370404,48.983961,63.354602,116.688313,24000,4.0
93,4,uncoded,52.310195,0.032234,50.968223,51.000614,103.310809,24000,4.0
93,4,conv-coded,53.866523,167.550127,50.040207,217.590509,271.457032,24000,4.0
93,4,proposed,52.946794,14.705695,49.448035,64.154064,117.100858,24000,4.0
93,5,uncoded,52.899766,0.032646,48.932197,48.965022,101.864788,24000,4.0
93,5,conv-coded,53.698289,167.34366,50.500547,217.844375,271.542664,24000,4.0
93,5,proposed,53.599435,13.976061,49.543385,63.519655,117.11909,24000,4.0
93,6,uncoded,51.270906,0.031984,49.640966,49.673117,100.94402299999999,24000,4.0
93,6,conv-coded,52.478671,167.04204,49.56484,216.607164,269.08583500000003,24000,4.0
93,6,proposed,52.137416,15.960369,49.320106,65.280776,117.418192,24000,4.0
93,7,uncoded,53.470001,0.032511,48.754818,48.78747,102.25747100000001,24000,4.0
93,7,conv-coded,54.396502,165.879676,50.203223,216.083087,270.47958900000003,24000,4.0
93,7,proposed,54.027444,15.580381,49.186349,64.767003,118.794447,24000,4.0
93,8,uncoded,51.945194,0.032508,50.691379,50.724019,102.669213,24000,4.0
93,8,conv-coded,52.333421,169.308215,49.368299,218.676655,271.010076,24000,4.0
93,8,proposed,52.655994,13.241729,49.132589,62.374581,115.030575,24000,4.0
93,9,uncoded,49.284007,0.031437,49.571048,49.602638,98.886645,5760,4.0
93,9,conv-coded,50.156743,166.742386,50.079069,216.821731,266.978474,5760,4.0
93,9,proposed,50.067422,13.651706,49.887615,63.539668,113.60709,5760,4.0
94,0,uncoded,55.717125,0.030963,49.002184,49.033299,104.75042400000001,24000,4.0
94,0,conv-coded,56.30055,168.56543,51.586751,220.152326,276.452876,24000,4.0
94,0,proposed,55.007018,13.18632,50.977596,64.164269,119.171287,24000,4.0
94,1,uncoded,54.415766,0.03308,49.626795,49.660006,104.075772,24000,4.0
94,1,conv-coded,56.103831,170.042454,52.176878,222.219547,278.323378,24000,4.0
94,1,proposed,54.587599,16.479068,50.850066,67.329485,121.917084,24000,4.0
94,2,uncoded,53.249304,0.036127,49.694796,49.731076,102.98038,24000,4.0
94,2,conv-coded,54.437985,171.26402,49.797932,221.062186,275.500171,24000,4.0
94,2,proposed,54.386231,14.283626,49.433897,63.717718,118.103949,24000,4.0
94,3,uncoded,51.382701,0.032406,49.185672,49.218224,100.60092499999999,24000,4.0
94,3,conv-coded,54.620777,167.674026,48.990586,216.664771,271.285548,24000,4.0
94,3,proposed,53.874235,14.395914,49.248192,63.64435,117.518585,24000,4.0
94,4,uncoded,52.869576,0.033331,49.512508,49.545964,102.41554,24000,4.0
94,4,conv-coded,54.999837,168.558618,50.950261,219.509155,274.508992,24000,4.0
94,4,proposed,53.373302,16.328404,49.522957,65.851667,119.22496900000002,24000,4.0
94,5,uncoded,53.26014,0.031643,51.41302,51.444802,104.704942,24000,4.0
94,5,conv-coded,54.277375,167.524266,51.252947,218.777419,273.054794,24000,4.0
94,5,proposed,53.729407,12.03205,49.195366,61.227731,114.957138,24000,4.0
94,6,uncoded,51.91772,0.033915,49.415972,49.450035,101.367755,24000,4.0
94,6,conv-coded,52.05961,167.661712,49.423504,217.085411,269.145021,24000,4.0
94,6,proposed,52.281558,14.75532,49.893909,64.649624,116.931182,24000,4.0
94,7,uncoded,52.655523,0.032121,49.108171,49.140444,101.795967,24000,4.0
94,7,conv-coded,53.315364,167.394492,50.055277,217.449932,270.765296,24000,4.0
94,7,proposed,53.445124,13.549115,49.376026,62.925473,116.370597,24000,4.0
94,8,uncoded,52.057311,0.032749,49.219351,49.252267,101.309578,24000,4.0
94,8,conv-coded,52.77996,169.449078,50.4839,219.933135,272.713095,24000,4.0
94,8,proposed,52.457533,14.064708,49.16197,63.226905,115.684438,24000,4.0
94,9,uncoded,51.832096,0.032089,49.280221,49.31249,101.144586,24000,4.0
94,9,conv-coded,52.440397,168.234185,49.757059,217.991408,270.431805,24000,4.0
94,9,proposed,52.297945,12.904599,49.616324,62.521205,114.81915000000001,24000,4.0
94,10,uncoded,53.044812,0.032548,49.046305,49.078972,102.123784,24000,4.0
94,10,conv-coded,53.420166,167.797887,49.695989,217.4941,270.914266,24000,4.0
94,10,proposed,53.662591,16.260299,49.118126,65.378832,119.04142300000001,24000,4.0
94,11,uncoded,50.193372,0.032575,50.073621,50.10632,100.299692,10560,4.0
94,11,conv-coded,50.763399,167.078917,50.10839,217.187495,267.950894,10560,4.0
94,11,proposed,51.418631,14.730838,49.460971,64.192069,115.61070000000001,10560,4.0
95,0,uncoded,54.439558,0.031028,49.630656,49.661861,104.10141899999999,24000,4.0
95,0,conv-coded,54.689883,166.103086,49.608476,215.711766,270.401649,24000,4.0
95,0,proposed,53.399635,13.785997,49.546381,63.332815,116.73245,24000,4.0
95,1,uncoded,51.917793,0.032983,50.712988,50.746178,102.663971,24000,4.0
95,1,conv-coded,53.026678,169.456765,50.653185,220.110454,273.137132,24000,4.0
95,1,proposed,52.711601,14.377528,51.032108,65.409998,118.121599,24000,4.0
95,2,uncoded,54.010311,0.031656,52.403245,52.435044,106.445355,24000,4.0
95,2,conv-coded,54.220333,169.639817,49.583099,219.223137,273.44347,24000,4.0
95,2,proposed,54.116701,13.29737,48.885364,62.18319,116.299891,24000,4.0
95,3,uncoded,51.799653,0.032673,48.925688,48.958534,100.75818699999999,24000,4.0
95,3,conv-coded,52.593418,167.350425,49.243038,216.593654,269.187072,24000,4.0
95,3,proposed,53.277421,15.729202,49.526442,65.255908,118.53332900000001,24000,4.0
95,4,uncoded,52.241038,0.033109,47.973752,48.007035,100.248073,24000,4.0
95,4,conv-coded,55.112048,168.724163,49.301387,218.025772,273.13782,24000,4.0
95,4,proposed,52.789926,14.255683,49.389993,63.645999,116.435925,24000,4.0
95,5,uncoded,52.409833,0.032043,50.031123,50.0633,102.47313299999999,24000,4.0
95,5,conv-coded,52.876471,166.483296,51.636306,218.119764,270.996235,24000,4.0
95,5,proposed,52.50086,14.231715,50.653181,64.885318,117.386178,24000,4.0
95,6,uncoded,52.148476,0.03231,48.513339,48.545759,100.69423499999999,24000,4.0
95,6,conv-coded,54.309803,167.629629,52.679706,220.309483,274.619286,24000,4.0
95,6,proposed,52.463998,14.183562,49.182534,63.366336,115.830334,24000,4.0
95,7,uncoded,50.824803,0.031396,48.970447,49.002007,99.82681,24000,4.0
95,7,conv-coded,52.248374,167.102203,49.66537,216.767707,269.016081,24000,4.0
95,7,proposed,51.625451,13.680737,49.810819,63.491728,115.117179,24000,4.0
95,8,uncoded,51.912178,0.031784,49.795791,49.827686,101.739864,24000,4.0
95,8,conv-coded,54.672224,165.884728,49.399347,215.284229,269.956453,24000,4.0
95,8,proposed,53.75846,13.87595,50.575525,64.451669,118.210129,24000,4.0
95,9,uncoded,50.936074,0.032197,49.309991,49.342294,100.278368,24000,4.0
95,9,conv-coded,53.824371,166.268008,49.495598,215.763752,269.588123,24000,4.0
95,9,proposed,52.093601,13.953665,48.958716,62.912675,115.006276,24000,4.0
95,10,uncoded,50.690037,0.032542,48.643784,48.676435,99.36647199999999,24000,4.0
95,10,conv-coded,51.514833,167.583775,51.018933,218.602856,270.117689,24000,4.0
95,10,proposed,51.368281,15.813965,50.087162,65.901529,117.26981,24000,4.0
95,11,uncoded,49.037706,0.032493,49.380202,49.412858,98.450564,7680,4.0
95,11,conv-coded,50.447809,167.846184,51.179269,219.025617,269.473426,7680,4.0
95,11,proposed,50.207473,14.798795,50.005791,64.804887,115.01236,7680,4.0
96,0,uncoded,53.692375,0.032926,49.082278,49.115355,102.80772999999999,24000,4.0
96,0,conv-coded,54.993047,167.478071,49.540544,217.0188,272.011847,24000,4.0
96,0,proposed,54.733862,13.68352,48.954555,62.638356,117.372218,24000,4.0
96,1,uncoded,52.195371,0.062057,50.779004,50.841211,103.03658200000001,24000,4.0
96,1,conv-coded,56.155459,168.494522,50.449464,218.944147,275.099606,24000,4.0
96,1,proposed,55.504798,13.537836,56.650134,70.188275,125.693073,24000,4.0
96,2,uncoded,56.319252,0.033006,50.136423,50.169593,106.488845,24000,4.0
96,2,conv-coded,55.68006,171.071562,49.429021,220.500738,276.180798,24000,4.0
96,2,proposed,52.550067,14.13583,48.908759,63.044986,115.59505300000001,24000,4.0
96,3,uncoded,51.652143,0.03146,49.819375,49.850975,101.503118,24000,4.0
96,3,conv-coded,51.918986,167.125894,52.298382,219.424446,271.343432,24000,4.0
96,3,proposed,52.39989,13.980946,50.674356,64.655508,117.055398,24000,4.0
96,4,uncoded,51.44513,0.032075,49.244753,49.276994,100.72212400000001,24000,4.0
96,4,conv-coded,52.474259,166.825639,49.762671,216.588461,269.06272,24000,4.0
96,4,proposed,51.898985,14.834758,50.08554,64.920608,116.819593,24000,4.0
96,5,uncoded,51.069989,0.031548,50.160724,50.192419,101.262408,24000,4.0
96,5,conv-coded,52.087488,167.215037,49.533156,216.748424,268.835912,24000,4.0
96,5,proposed,50.871421,14.022662,48.801185,62.824053,113.69547399999999,24000,4.0
96,6,uncoded,52.872799,0.031095,50.797131,50.828376,103.701175,24000,4.0
96,6,conv-coded,53.716927,165.975425,49.679082,215.654771,269.37169800000004,24000,4.0
96,6,proposed,51.462573,14.564309,49.516225,64.080813,115.543386,24000,4.0
96,7,uncoded,54.368101,0.03527,49.898643,49.934039,104.30214000000001,24000,4.0
96,7,conv-coded,53.841832,168.33367,49.003256,217.337106,271.178938,24000,4.0
96,7,proposed,51.579728,12.697226,49.638857,62.336419,113.916147,24000,4.0
96,8,uncoded,51.254873,0.032209,50.863566,50.895913,102.15078600000001,17040,4.0
96,8,conv-coded,52.535423,168.045693,49.952548,217.998437,270.53386,17040,4.0
96,8,proposed,50.59599,14.663841,49.266137,63.930225,114.52621500000001,17040,4.0
97,0,uncoded,56.580362,0.031819,50.545108,50.577102,107.157464,24000,4.0
97,0,conv-coded,56.134404,166.929294,49.386893,216.316379,272.450783,24000,4.0
97,0,proposed,53.354214,13.489024,49.4468,62.936134,116.290348,24000,4.0
97,1,uncoded,54.941751,0.030772,51.415644,51.446565,106.388316,24000,4.0
97,1,conv-coded,56.107118,170.700167,51.131515,221.831836,277.938954,24000,4.0
97,1,proposed,53.529974,15.146871,49.827749,64.974927,118.50490099999999,24000,4.0
97,2,uncoded,54.621689,0.031587,51.63999,51.671699,106.293388,24000,4.0
97,2,conv-coded,54.772598,169.606808,50.387094,219.99414,274.766738,24000,4.0
97,2,proposed,53.02403,16.934085,49.14488,66.079239,119.10326900000001,24000,4.0
97,3,uncoded,53.434573,0.032543,51.118595,51.151266,104.58583899999999,24000,4.0
97,3,conv-coded,54.360138,166.135953,50.399124,216.53524,270.895378,24000,4.0
97,3,proposed,52.168631,14.618359,49.560486,64.179343,116.347974,24000,4.0
97,4,uncoded,53.844826,0.033134,50.562519,50.5958,104.440626,24000,4.0
97,4,conv-coded,54.972408,168.29865,49.081957,217.380805,272.353213,24000,4.0
97,4,proposed,52.807833,14.190537,49.624161,63.815021,116.622854,24000,4.0
97,5,uncoded,53.691846,0.032726,50.866024,50.898907,104.590753,24000,4.0
97,5,conv-coded,53.961654,167.014366,50.089489,217.104013,271.065667,24000,4.0
97,5,proposed,52.027929,12.637133,49.063831,61.701232,113.729161,24000,4.0
97,6,uncoded,54.948604,0.032899,51.013161,51.04621,105.994814,24000,4.0
97,6,conv-coded,55.76338,168.289773,48.970135,217.260183,273.023563,24000,4.0
97,6,proposed,52.204587,14.870406,48.725528,63.596501,115.801088,24000,4.0
97,7,uncoded,53.722381,0.032033,51.162526,51.194713,104.91709399999999,24000,4.0
97,7,conv-coded,54.070644,167.732389,49.55256,217.285114,271.355758,24000,4.0
97,7,proposed,51.554182,14.208651,49.289008,63.497919,115.052101,24000,4.0
97,8,uncoded,51.629711,0.034238,50.781966,50.816358,102.446069,9120,4.0
97,8,conv-coded,53.18641,166.389834,49.785388,216.175367,269.361777,9120,4.0
97,8,proposed,50.066124,15.411767,49.665934,65.07798,115.144104,9120,4.0
98,0,uncoded,57.454753,0.032826,50.137109,50.170085,107.624838,24000,4.0
98,0,conv-coded,56.266304,166.269038,48.31309,214.582345,270.848649,24000,4.0
98,0,proposed,52.85161,13.230044,48.464406,61.694911,114.546521,24000,4.0
98,1,uncoded,54.411113,0.031529,52.176364,52.208038,106.619151,24000,4.0
98,1,conv-coded,55.387171,170.097839,50.77957,220.877583,276.264754,24000,4.0
98,1,proposed,53.033507,15.269696,50.934184,66.204314,119.237821,24000,4.0
98,2,uncoded,55.428772,0.033133,51.815539,51.848828,107.2776,24000,4.0
98,2,conv-coded,55.768468,169.438849,49.768421,219.207598,274.976066,24000,4.0
98,2,proposed,53.261239,14.728775,48.248219,62.977179,116.238418,24000,4.0
98,3,uncoded,53.439337,0.032675,49.732272,49.765061,103.204398,24000,4.0
98,3,conv-coded,53.965396,166.816822,49.077597,215.894597,269.85999300000003,24000,4.0
98,3,proposed,52.101126,13.4571,49.274944,62.732343,114.83346900000001,24000,4.0
98,4,uncoded,54.045776,0.033399,50.011807,50.045354,104.09112999999999,24000,4.0
98,4,conv-coded,54.360295,167.804383,49.258909,217.06346,271.42375499999997,24000,4.0
98,4,proposed,52.222165,14.346277,48.525264,62.871816,115.093981,24000,4.0
98,5,uncoded,52.906132,0.031285,51.389085,51.42051,104.32664199999999,24000,4.0
98,5,conv-coded,53.497479,167.489608,49.096493,216.586234,270.083713,24000,4.0
98,5,proposed,51.457665,14.472196,48.824483,63.296945,114.75461,24000,4.0
98,6,uncoded,53.472782,0.030769,50.353252,50.384178,103.85696,24000,4.0
98,6,conv-coded,54.480501,167.577652,49.164278,216.742123,271.222624,24000,4.0
98,6,proposed,51.838454,15.387963,48.653409,64.041632,115.880086,24000,4.0
98,7,uncoded,51.239564,0.031661,51.000215,51.032023,102.27158700000001,24000,4.0
98,7,conv-coded,51.880198,166.910491,49.661319,216.571954,268.452152,24000,4.0
98,7,proposed,51.944675,14.859776,48.805255,63.665238,115.609913,24000,4.0
98,8,uncoded,52.40951,0.031177,49.699883,49.731199,102.14070899999999,21601,4.0
98,8,conv-coded,53.01018,286.772277,55.019247,341.791977,394.80215699999997,21601,4.0
98,8,proposed,50.723557,14.95556,48.481233,63.437123,114.16068,21601,4.0
99,0,uncoded,57.663998,0.033377,50.675357,50.708918,108.372916,24000,4.0
99,0,conv-coded,56.243641,166.110155,49.213871,215.324217,271.567858,24000,4.0
99,0,proposed,52.961577,13.668804,50.044713,63.713799,116.675376,24000,4.0
99,1,uncoded,55.71568,0.03171,51.783483,51.815337,107.53101699999999,24000,4.0
99,1,conv-coded,55.21195,168.811858,50.819594,219.631614,274.843564,24000,4.0
99,1,proposed,53.644596,12.101296,50.197821,62.299395,115.943991,24000,4.0
99,2,uncoded,55.470366,0.031773,52.407799,52.439736,107.910102,24000,4.0
99,2,conv-coded,54.720932,168.562337,50.081651,218.644159,273.365091,24000,4.0
99,2,proposed,52.451783,13.396704,49.465644,62.86295,115.31473299999999,24000,4.0
99,3,uncoded,53.506294,0.032482,50.312988,50.345637,103.85193100000001,24000,4.0
99,3,conv-coded,53.791996,167.768413,51.823387,219.591947,273.383943,24000,4.0
99,3,proposed,51.415554,15.124625,49.285668,64.410772,115.826326,24000,4.0
99,4,uncoded,53.778856,0.03389,48.925065,48.959086,102.737942,24000,4.0
99,4,conv-coded,54.842905,167.944984,49.672208,217.617354,272.460259,24000,4.0
99,4,proposed,52.922371,13.442959,50.628071,64.071283,116.99365399999999,24000,4.0
99,5,uncoded,51.429537,0.031028,48.6083,48.639459,100.068996,24000,4.0
99,5,conv-coded,52.13329,168.063676,50.115904,218.179724,270.313014,24000,4.0
99,5,proposed,51.793782,12.683702,49.530938,62.214873,114.008655,24000,4.0
99,6,uncoded,51.67585,0.032795,49.15964,49.192584,100.868434,24000,4.0
99,6,conv-coded,53.097201,166.186738,51.28393,217.470856,270.568057,24000,4.0
99,6,proposed,52.774686,14.920857,49.500904,64.422134,117.19682,24000,4.0
99,7,uncoded,51.67301,0.030529,49.663686,49.694369,101.367379,24000,4.0
99,7,conv-coded,52.902849,167.728694,49.926798,217.655678,270.558527,24000,4.0
99,7,proposed,52.316464,15.054902,49.187371,64.242521,116.558985,24000,4.0
99,8,uncoded,51.078126,0.032195,49.622459,49.654808,100.732934,24000,4.0
99,8,conv-coded,56.273434,168.536946,49.659881,218.196987,274.470421,24000,4.0
99,8,proposed,53.502037,14.540641,49.689564,64.230481,117.732518,24000,4.0
99,9,uncoded,51.658306,0.032008,50.206215,50.238364,101.89667,24000,4.0
99,9,conv-coded,54.464935,167.34199,50.407838,217.750013,272.214948,24000,4.0
99,9,proposed,52.977133,13.491111,50.465166,63.956491,116.93362400000001,24000,4.0
99,10,uncoded,51.221447,0.033435,52.436471,52.470061,103.691508,24000,4.0
99,10,conv-coded,52.636464,166.75192,50.42133,217.173473,269.809937,24000,4.0
99,10,proposed,53.38718,13.383273,49.58174,62.965255,116.352435,24000,4.0
99,11,uncoded,51.568621,0.050846,49.339073,49.390081,100.958702,24000,4.0
99,11,conv-coded,52.356687,167.18673,50.02405,217.210943,269.56763,24000,4.0
99,11,proposed,53.003646,12.999716,50.095163,63.095183,116.098829,24000,4.0
99,12,uncoded,51.262445,0.031605,48.843846,48.875588,100.13803300000001,24000,4.0
99,12,conv-coded,53.306546,167.411002,49.726291,217.137472,270.444018,24000,4.0
99,12,proposed,51.760443,14.396807,49.423525,63.820549,115.58099200000001,24000,4.0
