audio_id,chunk_id,encodec_encoder_ms,quantizer_3cb_ms,quantizer_4cb_ms,plain_pack_ms,conv_encode_pack_ms,vogeo_encode_only_ms,vogeo_pack_ms,uncoded_total_ms,conv_total_ms,proposed_total_ms
0,0,47.579727,3.991053,4.015885,0.042034,0.782371,0.496264,0.00571,51.637646,52.353151,52.072753999999996
0,1,46.670602,3.871784,3.900686,0.044325,0.765966,0.50094,0.008268,50.615613,51.308352,51.051594
0,2,46.359713,3.962985,3.959353,0.045797,0.761825,0.474779,0.006999,50.364863,51.084523000000004,50.804476
0,3,45.255619,3.906646,3.849344,0.044918,0.755844,0.459895,0.006487,49.14988100000001,49.91810900000001,49.62864700000001
0,4,46.577382,3.88519,3.927849,0.048367,0.761415,0.479076,0.008318,50.553598,51.223987,50.949966
0,5,45.731053,3.857322,3.9035,0.044044,0.759624,0.492695,0.0058,49.678597,50.347999,50.08687
0,6,46.932205,3.858914,3.86908,0.043768,0.759752,0.460602,0.005793,50.845053,51.550871,51.257514
0,7,46.234935,3.875244,3.900456,0.045058,0.761457,0.47153,0.007021,50.180448999999996,50.871636,50.588730000000005
0,8,45.176971,3.86808,3.973227,0.044444,0.767564,0.47239,0.007299,49.194642,49.812615,49.52474
0,9,46.776557,3.890617,3.848331,0.042892,0.761978,0.456205,0.006678,50.66778,51.429151999999995,51.130056999999994
0,10,46.569283,3.902868,3.853135,0.043538,0.759798,0.461355,0.005493,50.465956,51.231949,50.938998999999995
0,11,45.418253,3.954671,4.137188,0.052029,0.791798,0.502773,0.007909,49.60747,50.164722,49.88360599999999
0,12,48.378478,3.975064,4.024774,0.044458,0.787184,0.499751,0.007063,52.44771,53.14072600000001,52.86035600000001
1,0,50.850968,4.219069,4.128536,0.045027,0.794484,0.498583,0.0071,55.024531,55.864520999999996,55.57572
1,1,48.0384,3.9139,3.95484,0.0436,0.776173,0.468139,0.005841,52.03684,52.728473,52.42628
1,2,47.346039,3.944778,3.956011,0.04628,0.763484,0.473346,0.0068,51.34833,52.054300999999995,51.770962999999995
1,3,45.909652,3.814033,3.865524,0.044872,0.758351,0.467449,0.006372,49.820048,50.482036,50.197506000000004
1,4,47.510939,3.81676,3.879399,0.044847,0.760085,0.46991,0.005811,51.435185,52.087784,51.80342
1,5,46.937896,3.834969,3.91158,0.045528,0.743034,0.468371,0.00656,50.895004,51.515899000000005,51.247796
1,6,45.446274,3.924582,3.897006,0.043656,0.761008,0.462783,0.008105,49.386936,50.131864,49.841744000000006
1,7,47.443531,3.795349,3.84913,0.047092,0.759058,0.46013,0.006111,51.339753,51.997938000000005,51.705121
1,8,47.738995,3.982513,3.941495,0.045963,0.775886,0.459163,0.00535,51.72645300000001,52.497394,52.186021
1,9,45.05053,3.969693,3.929571,0.046504,0.760666,0.466649,0.007112,49.026605,49.780889,49.493984
1,10,47.35711,3.925976,3.872255,0.04387,0.762046,0.504231,0.006653,51.273235,52.045131999999995,51.793969999999995
1,11,46.91737,3.949112,3.976339,0.04805,0.785522,0.47806,0.006855,50.941759000000005,51.652004,51.351397
1,12,44.253581,3.927415,3.918678,0.044487,0.762705,0.455991,0.006145,48.21674599999999,48.94370099999999,48.64313199999999
2,0,48.555048,3.887646,4.025057,0.046101,0.774746,0.5089,0.007354,52.626206,53.21744,52.958948
2,1,47.639433,3.920233,3.847902,0.045567,0.762083,0.473033,0.006914,51.53290199999999,52.321749,52.039613
2,2,45.832533,3.871681,3.881023,0.043324,0.768715,0.46256,0.006246,49.756879999999995,50.472929,50.17302
2,3,48.00504,3.94274,3.972105,0.04757,0.759276,0.496904,0.007598,52.024715,52.707056,52.452282000000004
2,4,47.855417,3.955572,3.877314,0.044635,0.766212,0.466337,0.006002,51.777366,52.57720100000001,52.28332800000001
2,5,45.470535,3.900093,3.894016,0.043086,0.758693,0.465129,0.00602,49.407637,50.129321,49.84177699999999
2,6,46.712998,3.928748,3.955485,0.043714,0.767468,0.480555,0.006671,50.712197,51.409214,51.128972
2,7,47.613402,3.871687,3.865737,0.044444,0.763373,0.474321,0.005836,51.523583,52.248462,51.96524600000001
2,8,44.165668,3.894074,3.91036,0.045037,0.761393,0.460682,0.005716,48.121064999999994,48.821135,48.52614
2,9,47.312022,3.812396,3.921582,0.044221,0.752829,0.467898,0.007,51.277825,51.877247,51.599315999999995
2,10,46.569538,3.849378,3.894097,0.045996,0.775295,0.462125,0.006096,50.509631000000006,51.194211,50.887137
3,0,47.146161,3.899991,3.909426,0.048357,0.769079,0.556222,0.007162,51.103944000000006,51.815231,51.609536
3,1,47.629908,3.920594,3.870026,0.043657,0.770116,0.47079,0.00668,51.543591000000006,52.320618,52.027972000000005
3,2,47.339526,3.846077,3.857983,0.044464,0.756157,0.461286,0.005418,51.241972999999994,51.94176,51.652307
3,3,45.620963,3.880733,3.930714,0.048835,0.768787,0.484165,0.005915,49.600512,50.270483000000006,49.991776
3,4,47.164355,3.915135,3.897984,0.045314,0.762019,0.47192,0.006712,51.107653,51.841509,51.558122
3,5,48.223328,3.916644,3.931294,0.045006,0.784043,0.466637,0.00654,52.199628000000004,52.924015,52.613149
3,6,47.278546,3.976807,3.982383,0.045976,0.777212,0.473467,0.00582,51.306905,52.032565,51.73464
3,7,47.394645,3.912098,3.977125,0.047559,0.773299,0.469774,0.006135,51.419329,52.080042,51.782652
3,8,47.361658,3.84306,3.956728,0.046125,0.76381,0.4592,0.006669,51.364511,51.968528,51.670587000000005
4,0,48.079799,4.009289,3.962843,0.044544,0.779242,0.496555,0.031977,52.087186,52.86833,52.61762
4,1,47.440963,3.854427,3.905688,0.046972,0.779774,0.486082,0.007287,51.393623,52.07516400000001,51.788759000000006
4,2,47.654249,3.953028,3.946957,0.04568,0.757047,0.471424,0.005849,51.646885999999995,52.364324,52.08455
4,3,46.272355,3.8611,3.91246,0.042415,0.761632,0.466609,0.006463,50.22723,50.895087,50.60652699999999
4,4,46.064348,3.885066,3.911918,0.044014,0.772456,0.494737,0.006072,50.02028,50.72187,50.45022300000001
4,5,44.510814,3.860914,3.90768,0.046936,0.76484,0.454089,0.006276,48.465430000000005,49.136568000000004,48.83209300000001
4,6,47.314423,3.892279,3.885905,0.047583,0.757518,0.47503,0.006816,51.247911,51.96422,51.688548
4,7,47.914608,3.859198,3.928021,0.045031,0.745705,0.464847,0.006481,51.887660000000004,52.519511,52.245134
4,8,44.879916,3.951322,3.830737,0.044409,0.760734,0.461524,0.005623,48.755062,49.591972,49.298384999999996
4,9,46.82411,3.877716,3.951992,0.043348,0.756371,0.47416,0.007701,50.819449999999996,51.458197,51.18368699999999
5,0,49.385469,3.899768,3.981062,0.045557,0.768139,0.490834,0.005757,53.412088000000004,54.053376,53.781828000000004
5,1,46.547577,3.958225,3.843446,0.044352,0.764069,0.470297,0.006161,50.435375,51.269870999999995,50.98226
5,2,47.471466,3.826327,3.866089,0.048612,0.766309,0.497573,0.007407,51.386167,52.064102,51.802773
5,3,47.37959,3.944032,3.895463,0.044315,0.760846,0.482827,0.005741,51.319368,52.084468,51.81219
5,4,44.962582,3.886719,3.843848,0.04333,0.76197,0.467847,0.005935,48.849759999999996,49.611270999999995,49.323083
5,5,47.628093,3.838603,3.935319,0.044212,0.764213,0.486942,0.00788,51.607624,52.230909,51.961518
5,6,45.972484,3.945507,3.913252,0.043403,0.759882,0.469125,0.006434,49.929139,50.677873,50.39355
5,7,45.966114,3.823429,3.876943,0.045053,0.76326,0.484149,0.006727,49.88811,50.552803,50.280418999999995
5,8,47.411977,3.844905,3.991711,0.050243,0.790767,0.495445,0.007064,51.453931000000004,52.047649,51.759390999999994
5,9,46.674736,3.983389,3.908062,0.045228,0.755908,0.466556,0.007218,50.628026000000006,51.414033,51.131899000000004
5,10,45.381116,3.856931,3.869815,0.043541,0.767711,0.469484,0.006078,49.294472,50.005758,49.713609000000005
5,11,47.191164,3.863203,3.931154,0.04522,0.768099,0.487517,0.007955,51.167538,51.822466,51.549839
5,12,46.150883,3.998394,3.949805,0.04411,0.760172,0.463352,0.007852,50.144798,50.909448999999995,50.620481
6,0,46.816461,3.806005,3.907092,0.043721,0.759131,0.458112,0.005985,50.76727399999999,51.381597,51.086563
6,1,46.343353,3.821017,3.904547,0.045138,0.760589,0.460364,0.009167,50.293038,50.924959,50.633900999999994
6,2,47.140605,3.87898,3.845337,0.043202,0.760692,0.45909,0.005513,51.029144,51.780277,51.484188
6,3,44.4619,3.805693,3.884059,0.045049,0.759529,0.455386,0.006134,48.391008,49.027122,48.729113
6,4,47.151932,3.852004,3.899102,0.047915,0.761152,0.462406,0.006417,51.098949000000005,51.765088000000006,51.472759
6,5,46.557117,3.902532,3.855831,0.04398,0.760837,0.462548,0.005746,50.456928,51.220486,50.927943
6,6,45.960326,3.860964,3.911129,0.044026,0.784168,0.468151,0.005943,49.91548100000001,50.605458000000006,50.295384000000006
6,7,55.691352,5.458814,4.846865,0.048199,0.77963,0.499208,0.006891,60.586416,61.929795999999996,61.656265000000005
6,8,51.213501,3.90904,3.884335,0.043005,0.758848,0.470118,0.006727,55.140841,55.881389,55.599385999999996
6,9,45.357637,3.852166,3.894502,0.044403,0.7571,0.461278,0.005196,49.296542,49.966902999999995,49.67627699999999
6,10,47.469159,3.894436,3.89743,0.046677,0.782598,0.482555,0.005571,51.413266,52.146193,51.851721
6,11,47.085964,3.922875,3.88228,0.042959,0.764271,0.466239,0.006302,51.011203,51.773109999999996,51.481379999999994
6,12,45.803745,3.860994,3.867309,0.04598,0.763513,0.462789,0.006779,49.717034,50.428252,50.134307
6,13,47.343706,3.931385,3.942269,0.047652,0.757432,0.474712,0.005493,51.333627,52.032523,51.755295999999994
6,14,45.66159,3.877075,3.907463,0.043392,0.762743,0.461321,0.006178,49.612444999999994,50.301407999999995,50.00616399999999
7,0,47.149456,3.910083,3.997784,0.047294,0.7963,0.506869,0.006281,51.194534000000004,51.855839,51.572689000000004
7,1,48.3895,4.014428,3.876377,0.045545,0.763725,0.468233,0.006731,52.31142199999999,53.167653,52.878892
7,2,47.878384,3.844094,3.830039,0.044572,0.758985,0.473764,0.006374,51.752995,52.481463,52.202616
7,3,45.409534,3.797644,3.882253,0.043734,0.758869,0.485665,0.006933,49.335521,49.966046999999996,49.69977599999999
7,4,44.712609,3.840348,3.865745,0.043496,0.776572,0.459632,0.006612,48.621849999999995,49.329529,49.019200999999995
7,5,46.95795,3.797125,3.846435,0.044132,0.764217,0.462711,0.00604,50.848516999999994,51.519292,51.223825999999995
7,6,45.816151,3.806167,3.832172,0.042913,0.759433,0.471734,0.007516,49.691235999999996,50.381751,50.101568
7,7,47.69122,3.854853,3.875644,0.047021,0.763873,0.472344,0.006461,51.613885,52.309946,52.024878
7,8,47.355052,3.811245,3.838154,0.045758,0.760691,0.467408,0.006349,51.238964,51.926988,51.640054
7,9,43.872588,3.830505,3.906277,0.042718,0.764424,0.448677,0.006465,47.821583000000004,48.467517,48.158235
8,0,48.90734,4.075304,3.990762,0.048681,0.771752,0.502109,0.007107,52.946782999999996,53.754396,53.491859999999996
8,1,48.402921,3.870538,3.947487,0.043908,0.756131,0.466263,0.006452,52.394316,53.029590000000006,52.746174
8,2,46.787987,3.830621,3.945311,0.043332,0.76346,0.474192,0.007151,50.77663,51.382068000000004,51.099951000000004
8,3,47.671441,3.91281,3.863576,0.042735,0.758322,0.464137,0.006496,51.577752000000004,52.342573,52.054884
8,4,45.591101,3.850763,3.874972,0.042477,0.760708,0.462155,0.006236,49.50855,50.202572,49.91025500000001
8,5,46.629889,3.851864,3.940745,0.045218,0.772803,0.477978,0.006231,50.615852,51.254556,50.965962
8,6,48.338253,3.986116,3.903231,0.04553,0.764725,0.492011,0.006663,52.287014,53.089094,52.823043000000006
8,7,47.664748,3.976748,4.066113,0.046277,0.783594,0.478254,0.005206,51.77713800000001,52.425090000000004,52.124956000000005
8,8,45.4032,3.959758,3.931227,0.042097,0.762382,0.473218,0.006935,49.376523999999996,50.12534,49.843111
8,9,44.507381,3.923493,3.865639,0.043162,0.759387,0.454471,0.005857,48.416182000000006,49.190261,48.891202
9,0,48.849394,3.874397,3.960141,0.048741,0.762412,0.47575,0.005714,52.858276,53.486202999999996,53.205254999999994
9,1,46.632631,3.857912,3.862397,0.041694,0.759072,0.467722,0.006227,50.536722000000005,51.249615000000006,50.96449200000001
9,2,47.304229,4.167846,4.101867,0.045867,0.791099,0.49628,0.007622,51.451963,52.263174,51.97597699999999
9,3,58.36749,3.970539,3.905856,0.043198,0.757124,0.479289,0.006768,62.31654399999999,63.095152999999996,62.824086
9,4,49.195012,3.989849,3.982089,0.045318,0.761729,0.477908,0.007375,53.222419,53.94659,53.670144
9,5,45.995337,3.842963,3.893616,0.042808,0.763542,0.474914,0.006279,49.931761,50.601842,50.319492999999994
9,6,46.521676,3.855292,4.070859,0.047639,0.779066,0.478342,0.005699,50.640173999999995,51.156034,50.861008999999996
9,7,47.212168,3.980825,3.902492,0.042583,0.761515,0.466144,0.005749,51.157243,51.954508000000004,51.664886
9,8,48.929609,4.003444,3.993051,0.053724,0.787832,0.51047,0.005826,52.976384,53.720885,53.449349
9,9,48.125581,4.078149,3.935868,0.043701,0.761615,0.478195,0.007015,52.105149999999995,52.96534499999999,52.688939999999995
9,10,46.704394,3.866785,3.9149,0.04572,0.771678,0.474724,0.00665,50.665014000000006,51.342857,51.052553
9,11,47.863997,3.923756,4.012741,0.047492,0.759018,0.481537,0.005571,51.924229999999994,52.54677099999999,52.274861
9,12,47.480988,4.01054,3.887121,0.043604,0.76311,0.480316,0.007174,51.411713000000006,52.254638,51.979018
10,0,47.834975,4.01942,4.011011,0.049741,0.772094,0.510699,0.006629,51.895726999999994,52.626489,52.371722999999996
10,1,48.431386,3.992534,3.98565,0.044197,0.768619,0.485547,0.006973,52.461233,53.192539000000004,52.91644
10,2,48.166085,4.005171,4.000802,0.048297,0.783344,0.518829,0.006924,52.215184,52.9546,52.697008999999994
10,3,47.7809,3.903666,3.871778,0.04251,0.762994,0.467098,0.006601,51.695188,52.44756,52.15826500000001
10,4,46.786077,3.931375,3.931844,0.042374,0.776682,0.466976,0.004764,50.760295,51.494134,51.189192000000006
10,5,45.70993,3.831857,3.873637,0.045242,0.757946,0.466502,0.005334,49.628809000000004,50.299732999999996,50.013622999999995
10,6,47.602233,3.859044,3.870439,0.042613,0.755713,0.46442,0.005877,51.515285,52.216989999999996,51.93157399999999
10,7,45.757413,3.806927,3.851797,0.044112,0.761269,0.466831,0.006023,49.653321999999996,50.325609,50.037194
10,8,43.49958,3.859447,3.873868,0.044484,0.759795,0.472834,0.006425,47.417932,48.118822,47.838286000000004
11,0,50.537034,3.960491,3.984246,0.044309,0.796206,0.476531,0.007281,54.565588999999996,55.293730999999994,54.981336999999996
11,1,48.518326,3.933556,4.040263,0.048172,0.776925,0.483794,0.005743,52.606761000000006,53.228807,52.94141900000001
11,2,46.111298,3.89253,3.886341,0.04306,0.758663,0.463561,0.005431,50.040699,50.762491,50.47282
11,3,46.86957,3.889527,3.881525,0.0452,0.760229,0.461903,0.00562,50.79629500000001,51.51932600000001,51.226620000000004
11,4,47.818887,3.971749,4.021031,0.04356,0.776854,0.478538,0.005975,51.883478,52.56749,52.275149
11,5,47.138382,3.973024,3.885843,0.044647,0.762579,0.473468,0.006295,51.068872,51.873985000000005,51.591169
11,6,47.844158,3.872642,3.835338,0.041691,0.759179,0.489452,0.00648,51.721187,52.475979,52.212732
11,7,47.222856,3.986473,3.92737,0.043638,0.757744,0.468831,0.00691,51.193864000000005,51.967073,51.685069999999996
11,8,44.782129,3.89279,3.953891,0.046435,0.7616,0.511116,0.007444,48.782455,49.436519,49.193478999999996
11,9,49.134899,3.87602,3.973933,0.048496,0.764741,0.491529,0.007439,53.157328,53.775659999999995,53.50988699999999
11,10,47.372648,3.967994,3.888732,0.044321,0.761035,0.465925,0.005878,51.30570099999999,52.101676999999995,51.812445
11,11,45.293386,3.947354,3.970169,0.043109,0.848804,0.495532,0.007637,49.306664,50.089544,49.743908999999995
12,0,49.672102,4.06031,3.967364,0.041841,0.756539,0.48189,0.006329,53.681307,54.488951,54.220631000000004
12,1,48.171789,3.827099,3.910488,0.042524,0.753445,0.463963,0.005327,52.124801,52.75233299999999,52.468177999999995
12,2,45.345629,3.856599,3.886547,0.042343,0.76057,0.463216,0.006832,49.274519000000005,49.96279800000001,49.67227600000001
12,3,46.950799,3.820726,3.871444,0.043616,0.763111,0.464618,0.006266,50.865859,51.534636000000006,51.242409
12,4,46.358033,3.850674,3.880123,0.043389,0.758961,0.4614,0.006086,50.281544999999994,50.967667999999996,50.676193
12,5,45.507814,3.852448,3.869544,0.047378,0.766064,0.485419,0.006842,49.424736,50.126326000000006,49.852523000000005
12,6,46.734601,3.943039,3.879873,0.044453,0.760017,0.457437,0.006211,50.658927,51.437656999999994,51.141287999999996
12,7,47.259273,3.885844,3.859101,0.043239,0.762214,0.462697,0.006167,51.161613,51.907331,51.613980999999995
12,8,46.063691,3.844263,3.880529,0.04896,0.770768,0.487646,0.006315,49.99318,50.67872199999999,50.401914999999995
12,9,49.008721,3.906488,3.874144,0.044028,0.763095,0.466015,0.00526,52.926893,53.678304000000004,53.386484
12,10,46.911935,3.872071,3.896361,0.044347,0.758962,0.500134,0.0065,50.852643,51.542967999999995,51.29064
13,0,46.154657,4.156208,4.137038,0.047561,0.778796,0.484536,0.007099,50.339256000000006,51.089661,50.802499999999995
13,1,49.701293,3.960179,4.0021,0.044136,0.772484,0.476456,0.006841,53.747529,54.433956,54.144769000000004
13,2,47.571641,3.918291,3.903934,0.043176,0.758761,0.478583,0.006681,51.518751,52.248692999999996,51.975196
13,3,44.980664,3.946537,3.933274,0.042723,0.761509,0.470262,0.00512,48.956661,49.68870999999999,49.40258299999999
13,4,47.38035,3.841915,3.883112,0.042226,0.761078,0.470585,0.005666,51.305687999999996,51.983343,51.698516
13,5,47.533986,3.917745,3.909045,0.045927,0.75456,0.47298,0.006183,51.488958,52.20629099999999,51.930893999999995
13,6,46.020786,3.921314,3.882027,0.0431,0.766766,0.516967,0.005943,49.945913000000004,50.708866,50.46501000000001
13,7,47.446844,3.969528,3.980719,0.049006,0.778638,0.517531,0.006803,51.476569,52.195009999999996,51.94070599999999
13,8,45.337578,3.878023,3.903677,0.046514,0.76362,0.458753,0.006481,49.287769000000004,49.979221,49.680835
14,0,47.480926,4.024261,4.001716,0.044286,0.774635,0.53559,0.005453,51.526928,52.279821999999996,52.04623
14,1,51.501405,4.105787,4.093951,0.045015,0.797566,0.486,0.006915,55.640370999999995,56.404758,56.100106999999994
14,2,49.381916,3.925283,3.908215,0.046938,0.775592,0.496466,0.005951,53.33706899999999,54.082791,53.809616
14,3,45.581094,3.867163,3.952235,0.049162,0.761079,0.472217,0.006673,49.582491000000005,50.209336,49.927147
14,4,47.368653,3.918185,3.951113,0.043427,0.774904,0.475202,0.006917,51.363193,52.061742,51.76895700000001
14,5,48.177435,3.964583,4.121713,0.054927,0.79264,0.554269,0.007377,52.354075,52.934658,52.703663999999996
14,6,47.585437,4.058725,4.031302,0.045228,0.774691,0.476805,0.006789,51.661967,52.418853,52.127756
14,7,49.053142,4.000327,4.05155,0.045497,0.787253,0.523202,0.006377,53.150189,53.840722,53.583048
14,8,49.661756,4.055756,3.954014,0.043037,0.776858,0.484212,0.006804,53.658806999999996,54.494369999999996,54.208528
14,9,48.06331,4.004357,4.050339,0.049667,0.79322,0.50775,0.006938,52.163316,52.860887,52.582355
14,10,50.023309,3.878483,3.926892,0.044509,0.761584,0.472842,0.006944,53.99471,54.663376,54.381578
14,11,47.959444,3.880799,4.040501,0.053496,0.774628,0.524708,0.006719,52.053441,52.614871,52.371669999999995
14,12,46.851739,4.036039,3.99562,0.048405,0.775068,0.473829,0.005213,50.89576400000001,51.662846,51.366820000000004
14,13,49.241987,3.95023,3.962472,0.044388,0.786891,0.587999,0.010089,53.248847,53.979108,53.790305000000004
14,14,47.457101,4.004039,3.893098,0.04768,0.776617,0.478605,0.010794,51.397879,52.237757,51.950539
15,0,48.274778,3.969028,3.98634,0.044239,0.800165,0.484201,0.005591,52.305356999999994,53.043971,52.733598
15,1,47.1078,3.954359,3.973103,0.046278,0.765204,0.479469,0.006817,51.127181,51.82736299999999,51.548444999999994
15,2,47.215855,3.896111,3.940811,0.043675,0.775693,0.49259,0.006207,51.200341,51.88765899999999,51.610763
15,3,47.338492,3.86259,3.929746,0.047365,0.762957,0.470792,0.005402,51.315603,51.964039,51.677276
15,4,47.261894,3.901556,3.921966,0.046928,0.781295,0.475486,0.007353,51.230788,51.944745,51.646288999999996
15,5,45.49478,3.923587,3.89311,0.049049,0.762641,0.482293,0.00735,49.436938999999995,50.181008,49.90801
15,6,48.231693,3.977063,3.961912,0.043129,0.758905,0.46954,0.006597,52.236734,52.967661,52.684893
15,7,47.643538,3.892772,3.871535,0.044785,0.754598,0.467181,0.005348,51.559858,52.290908,52.008838999999995
15,8,45.904904,3.901823,3.954126,0.047168,0.778634,0.518789,0.007102,49.906198,50.585361,50.332618000000004
15,9,48.801943,4.147413,3.952315,0.044719,0.775951,0.481759,0.006552,52.798977,53.725307,53.437667
15,10,49.16602,3.984173,3.975374,0.045877,0.764868,0.470564,0.005166,53.187271,53.915061,53.62592300000001
15,11,46.626737,3.951882,4.06543,0.045772,0.772366,0.480157,0.006314,50.737939,51.350984999999994,51.06509
15,12,49.415714,3.997742,4.016723,0.043999,0.773844,0.476073,0.005892,53.476436,54.1873,53.895421000000006
16,0,50.533834,4.061311,4.093352,0.047005,0.778036,0.493548,0.007517,54.674191,55.373181,55.09621
16,1,46.568363,3.913596,3.977357,0.045414,0.775296,0.462767,0.005171,50.591134,51.257254999999994,50.94989699999999
16,2,50.633558,4.105433,4.050823,0.047148,0.794438,0.50398,0.007513,54.731529,55.533429,55.250484
16,3,49.275118,3.986934,3.964164,0.042225,0.775005,0.462769,0.006765,53.281507,54.037057,53.731586
16,4,45.442479,3.862316,3.973315,0.047215,0.761561,0.473136,0.006009,49.463009,50.066356,49.783939999999994
16,5,48.389625,3.90407,3.918612,0.044885,0.758312,0.483249,0.006937,52.353122000000006,53.052006999999996,52.783881
16,6,47.653056,3.850196,3.859126,0.044423,0.770912,0.472704,0.006259,51.556605,52.274164,51.982215
16,7,45.486692,3.835346,3.88008,0.042667,0.755251,0.471979,0.006008,49.409439,50.077289,49.800025
16,8,47.241319,4.142159,3.889976,0.045987,0.761034,0.464844,0.006737,51.17728199999999,52.144512,51.855059
16,9,46.819706,3.865691,3.971675,0.047684,0.760349,0.468514,0.00531,50.83906499999999,51.44574599999999,51.159220999999995
17,0,49.029948,4.110279,4.086237,0.043629,0.780904,0.514426,0.007191,53.159814,53.921130999999995,53.661843999999995
17,1,46.95346,3.922938,3.96345,0.044866,0.784361,0.504665,0.006451,50.961776,51.660759,51.387514
17,2,46.612656,3.999551,3.93498,0.047814,0.754067,0.487743,0.007301,50.59545000000001,51.366274,51.107251
17,3,47.910206,3.993447,3.940939,0.044221,0.804235,0.48401,0.006296,51.895366,52.707888000000004,52.393959
17,4,48.240782,3.906379,4.022242,0.044242,0.77939,0.48169,0.006078,52.307266,52.926551,52.63492900000001
17,5,47.339101,3.972762,3.960902,0.044004,0.788193,0.52751,0.005701,51.344007,52.100056,51.845074000000004
17,6,48.841732,4.030501,4.099958,0.04416,0.776226,0.483184,0.007359,52.98585,53.648459,53.362776000000004
17,7,49.126205,3.952171,3.936137,0.044374,0.774598,0.471641,0.006465,53.106716,53.852973999999996,53.556481999999995
17,8,46.1382,4.019213,4.015874,0.047886,0.794035,0.548768,0.007529,50.20195999999999,50.951448,50.71371
17,9,48.572449,4.028296,3.940877,0.046184,0.75827,0.473767,0.006203,52.559509999999996,53.359015,53.080715
17,10,47.405901,3.909861,3.922387,0.044502,0.761766,0.462309,0.006079,51.37279,52.077528,51.78415
18,0,47.741503,4.093605,4.10135,0.048547,0.78179,0.523251,0.008359,51.891400000000004,52.616898000000006,52.366718000000006
18,1,47.154717,3.961752,4.035728,0.044064,0.77822,0.470258,0.006883,51.234508999999996,51.89468899999999,51.59361
18,2,46.964401,3.925909,4.113777,0.046171,0.776742,0.480096,0.006854,51.124349,51.667052,51.37726
18,3,45.592115,3.919181,3.935905,0.047999,0.772401,0.477408,0.005371,49.576018999999995,50.283697000000004,49.994074999999995
18,4,45.995142,3.867704,3.90768,0.043814,0.758291,0.465846,0.006452,49.946636,50.621137000000004,50.33514400000001
18,5,50.541818,4.384644,4.112218,0.052684,0.792276,0.717438,0.011518,54.70672,55.718738,55.655418000000004
18,6,54.887131,3.906433,4.01418,0.046448,0.761542,0.483376,0.007798,58.94775899999999,59.555105999999995,59.284738
18,7,46.25501,3.939747,3.908472,0.043795,0.763223,0.474907,0.005855,50.207277000000005,50.95797999999999,50.675518999999994
18,8,48.398276,4.023451,3.983146,0.045531,0.781788,0.524135,0.007241,52.426953,53.203515,52.953103000000006
18,9,48.206312,4.003542,3.884695,0.043283,0.760081,0.467835,0.006577,52.13429,52.969935,52.684266
18,10,47.103748,3.869272,3.895254,0.044274,0.758397,0.467234,0.00622,51.043276000000006,51.73141700000001,51.446474
18,11,48.818451,4.129172,3.974641,0.044656,0.76093,0.467154,0.005492,52.837748000000005,53.708553,53.420269
18,12,47.597506,3.97868,4.003654,0.045932,0.772729,0.46019,0.005719,51.647092,52.348915,52.042094999999996
19,0,48.313647,4.016093,4.131174,0.04705,0.80489,0.502936,0.006338,52.491871,53.13463,52.839014
19,1,49.205152,3.850499,3.893745,0.04255,0.762044,0.464666,0.005664,53.141447,53.817695,53.525981
19,2,47.388313,3.883318,3.970301,0.045401,0.763158,0.46936,0.005804,51.404014999999994,52.034788999999996,51.746795
19,3,47.403512,4.049429,3.98365,0.044674,0.77803,0.477055,0.006493,51.431836,52.230971,51.936488999999995
19,4,48.130865,3.959217,3.954141,0.046534,0.768643,0.494868,0.008131,52.13154,52.858725,52.593081
19,5,47.494152,3.99302,3.906685,0.045347,0.755273,0.480903,0.005631,51.446184,52.242445000000004,51.973706
19,6,46.187939,3.845127,3.887248,0.044844,0.761091,0.462447,0.006077,50.120031,50.794157,50.50158999999999
19,7,45.768598,3.914188,3.908596,0.046086,0.780088,0.470113,0.00664,49.72328,50.462874,50.159538999999995
19,8,44.778439,3.867898,3.869719,0.04693,0.782764,0.479692,0.006954,48.695088,49.429100999999996,49.132982999999996
20,0,50.929043,3.985573,4.004505,0.043305,0.774331,0.493017,0.006279,54.976853,55.688947,55.413912
20,1,46.874405,3.938591,3.926714,0.044317,0.759034,0.466721,0.006179,50.845436,51.572030000000005,51.28589600000001
20,2,46.459051,3.905006,3.914643,0.043508,0.766142,0.468395,0.007011,50.417202,51.130199000000005,50.839463
20,3,47.613481,3.894529,3.965368,0.049805,0.789716,0.520946,0.006987,51.628654,52.297726,52.035943
20,4,47.556673,4.002046,3.94253,0.045057,0.760085,0.472681,0.006668,51.54426,52.318804,52.038068
20,5,45.490541,3.833441,3.88655,0.045043,0.762841,0.461048,0.0058,49.422134,50.086823,49.79083
20,6,47.277163,3.905983,3.977007,0.045502,0.757811,0.474856,0.006105,51.299672,51.940957,51.664107
20,7,47.244629,3.895745,3.896525,0.045295,0.763845,0.473609,0.006239,51.186449,51.904219000000005,51.620222000000005
20,8,45.587267,3.835818,3.942742,0.046606,0.758809,0.480978,0.00662,49.576615,50.181894,49.910683
20,9,48.536954,4.063935,4.043304,0.044019,0.774728,0.471382,0.006487,52.624277,53.375617000000005,53.078758
20,10,46.865279,3.980671,3.964568,0.045179,0.778779,0.480074,0.008433,50.875026,51.624729,51.334457
21,0,48.423166,4.214745,4.309466,0.050081,0.785005,0.488279,0.006495,52.782713,53.422916,53.132685
21,1,47.788123,3.97569,3.992048,0.043853,0.774873,0.486623,0.006838,51.824023999999994,52.538686,52.257274
21,2,45.947362,3.928276,4.173107,0.048494,0.80481,0.51824,0.006824,50.168963,50.680448,50.400701999999995
21,3,50.261041,4.062425,3.973366,0.044737,0.774401,0.481081,0.006718,54.279143999999995,55.097866999999994,54.811265
21,4,48.641355,3.901482,3.943337,0.047886,0.768277,0.482958,0.006529,52.632577999999995,53.311113999999996,53.032324
21,5,45.952603,3.934159,3.910329,0.048149,0.759676,0.475201,0.006763,49.911081,50.646438,50.368726
21,6,45.975155,3.894749,3.917241,0.044255,0.76122,0.468266,0.005077,49.936651,50.631124,50.343247
21,7,45.405453,3.874275,3.875787,0.04517,0.759805,0.469443,0.006221,49.32641,50.039533,49.75539199999999
21,8,46.853678,3.875895,4.067175,0.046641,0.763284,0.509109,0.00724,50.967494,51.492857,51.24592200000001
21,9,48.472902,3.979559,3.921564,0.043359,0.775943,0.474879,0.005513,52.437825,53.228404,52.932853
21,10,44.842849,3.960838,4.013413,0.052239,0.790787,0.535834,0.008331,48.908501,49.594474000000005,49.347852
22,0,49.586205,4.024612,4.004935,0.04677,0.779992,0.486187,0.006507,53.63791,54.390809,54.103511
22,1,46.647617,3.97837,3.895556,0.043598,0.761837,0.481616,0.006371,50.586771,51.387823999999995,51.113974
22,2,47.656572,3.98973,3.883126,0.044153,0.762845,0.502705,0.005887,51.583850999999996,52.409147,52.154894
22,3,47.754037,3.871806,3.872963,0.044651,0.760017,0.471488,0.005859,51.671651,52.385859999999994,52.10319
22,4,46.513101,3.884785,3.934975,0.045277,0.756722,0.477603,0.005662,50.493353,51.154608,50.881151
22,5,46.891341,3.916024,3.941511,0.044819,0.754399,0.470755,0.006211,50.87767099999999,51.561764,51.284330999999995
22,6,46.569184,3.853428,3.886955,0.043079,0.763269,0.461049,0.00688,50.499218,51.185881,50.890541000000006
22,7,46.233947,3.870223,3.94602,0.047352,0.760784,0.473199,0.006383,50.227318999999994,50.864954000000004,50.583752000000004
22,8,47.222499,3.924018,3.914602,0.046393,0.777681,0.488212,0.006431,51.183494,51.924198,51.64115999999999
22,9,48.670634,3.920962,3.977633,0.053763,0.769903,0.511159,0.006568,52.70202999999999,53.361499,53.109323
22,10,46.194278,4.291425,4.075222,0.044807,0.793397,0.620321,0.009372,50.31430699999999,51.2791,51.115396
23,0,62.746812,4.142278,3.969636,0.046122,0.758204,0.483981,0.006033,66.76257,67.647294,67.379104
23,1,49.204095,3.911428,3.918312,0.044182,0.76265,0.482293,0.007409,53.166589,53.878173000000004,53.605225000000004
23,2,46.352278,3.899816,3.90404,0.046157,0.764678,0.479744,0.006625,50.302475,51.016772,50.738462999999996
23,3,47.817821,3.902147,3.933245,0.044766,0.769836,0.46789,0.00703,51.795832000000004,52.489804,52.194888
23,4,47.306639,3.919065,3.912061,0.049916,0.760797,0.490863,0.006666,51.268616,51.98650099999999,51.72323299999999
23,5,48.815326,4.03676,4.021308,0.047745,0.75804,0.497948,0.006566,52.884378999999996,53.610126,53.3566
23,6,49.07218,3.913856,4.031123,0.047557,0.76426,0.483716,0.0069,53.15086,53.750296000000006,53.47665200000001
23,7,49.942818,3.934794,3.901729,0.04441,0.769497,0.483443,0.005877,53.888957000000005,54.647109,54.366932
23,8,47.444972,3.939753,4.043919,0.047086,0.777158,0.482205,0.006306,51.535977,52.161883,51.873236000000006
23,9,48.155235,4.022784,3.951139,0.045995,0.756769,0.47307,0.006691,52.15236899999999,52.934788,52.657779999999995
23,10,46.949395,3.913238,3.968937,0.044358,0.776563,0.467095,0.006563,50.96269,51.639196000000005,51.336291
24,0,48.610455,4.018788,4.03586,0.043906,0.781946,0.476913,0.005593,52.690221,53.411189,53.111749
24,1,48.743882,3.877114,3.887019,0.04223,0.759517,0.465481,0.00542,52.673131000000005,53.380513,53.091896999999996
24,2,48.636665,4.062371,3.962343,0.045473,0.753139,0.496336,0.006608,52.644481,53.452175,53.20198
24,3,47.057306,3.995462,4.054959,0.046909,0.777951,0.487727,0.006829,51.15917399999999,51.830719,51.547324
24,4,48.818614,3.961538,3.995863,0.04497,0.777076,0.511468,0.010813,52.859446999999996,53.557227999999995,53.30243299999999
24,5,49.696406,3.957281,3.925091,0.046132,0.765473,0.495769,0.006909,53.667629000000005,54.419160000000005,54.15636500000001
24,6,45.113177,4.102262,3.886383,0.045782,0.780706,0.460344,0.005743,49.045342000000005,49.996145000000006,49.681526000000005
24,7,48.496344,3.934174,3.916722,0.044435,0.763423,0.48429,0.006299,52.457501,53.193941,52.921107
24,8,48.117261,4.059945,4.052561,0.05788,0.780423,0.504645,0.007308,52.227701999999994,52.957629,52.689159
24,9,48.013254,4.023375,3.91522,0.044945,0.753479,0.485765,0.006513,51.973419,52.790108000000004,52.528907000000004
24,10,49.883656,4.039898,3.913012,0.04328,0.777268,0.583842,0.007837,53.83994800000001,54.700822,54.515233
24,11,49.158442,4.098335,4.036125,0.044974,0.769236,0.488809,0.005924,53.239541,54.026013,53.75151
24,12,46.456969,3.93723,4.021667,0.047582,0.783377,0.506671,0.007326,50.526218,51.177576,50.908196
25,0,49.788021,4.067015,4.01008,0.045954,0.776782,0.487105,0.006758,53.844055000000004,54.631817999999996,54.348898999999996
25,1,49.613282,3.928711,3.98122,0.060418,0.792861,0.55331,0.007417,53.65492,54.334854,54.10272
25,2,48.922493,3.93293,3.952193,0.044075,0.777168,0.475884,0.007224,52.918761,53.632591000000005,53.338531
25,3,47.756656,3.859827,3.866974,0.044426,0.767127,0.511825,0.006749,51.668056,52.383610000000004,52.135057
25,4,47.692341,3.90857,3.89163,0.053206,0.763414,0.481607,0.007058,51.637177,52.364324999999994,52.089575999999994
25,5,45.007688,4.000859,3.885423,0.043751,0.756935,0.487128,0.005882,48.936862000000005,49.765482,49.501557
25,6,47.724531,3.932766,3.875212,0.042421,0.760935,0.495106,0.00703,51.642163999999994,52.418232,52.159433
25,7,51.063923,4.154765,4.10091,0.053063,0.800228,0.514295,0.006824,55.217896,56.018916,55.739807
25,8,48.591131,4.112794,3.954697,0.046188,0.773864,0.47272,0.005883,52.592016,53.477789,53.182528
25,9,50.840569,4.024485,4.049252,0.044865,0.776935,0.484277,0.006712,54.934686000000006,55.641989,55.356043
25,10,48.427233,3.934155,3.999424,0.04237,0.777577,0.477123,0.006084,52.469027,53.138965,52.844595
25,11,49.313496,4.043152,4.118513,0.047955,0.793775,0.500966,0.007161,53.479964,54.150422999999996,53.864775
25,12,49.627594,3.94761,3.949364,0.044504,0.771042,0.476602,0.007041,53.62146200000001,54.346246,54.058847
25,13,46.284773,3.906632,3.891962,0.073542,0.7813,0.490968,0.006952,50.250277000000004,50.972705000000005,50.689325000000004
26,0,47.842091,4.088543,4.023882,0.046544,0.777172,0.496918,0.005453,51.912517,52.707806000000005,52.43300500000001
26,1,50.841256,4.090899,4.190342,0.051659,0.801545,0.551515,0.008277,55.083257,55.7337,55.491947
26,2,50.765072,4.031919,4.031305,0.047588,0.790983,0.492785,0.005587,54.843965000000004,55.587974,55.295363
26,3,47.24593,3.992627,4.112192,0.048141,0.776122,0.481327,0.006691,51.406263,52.014679,51.726575
26,4,49.346143,3.960338,4.017588,0.047518,0.780666,0.473542,0.005062,53.411249,54.087146999999995,53.785085
26,5,47.580665,3.89103,3.986182,0.047867,0.756571,0.498913,0.006299,51.614714,52.228266000000005,51.976907000000004
26,6,46.600258,4.061597,3.998478,0.045103,0.76847,0.481366,0.006932,50.64383899999999,51.430324999999996,51.150152999999996
26,7,49.427874,3.939032,3.96836,0.044603,0.765994,0.509177,0.007168,53.440837,54.1329,53.883251
26,8,47.95651,4.056527,3.913221,0.044292,0.754977,0.472279,0.006109,51.914023,52.768014,52.49142500000001
26,9,47.013025,3.859547,3.881779,0.045786,0.757338,0.472923,0.007381,50.94059,51.629909999999995,51.352876
26,10,47.703621,3.905596,4.021017,0.045061,0.763367,0.475703,0.006957,51.769698999999996,52.372584,52.091877000000004
26,11,48.282448,3.909226,3.874485,0.0432,0.762387,0.472159,0.006049,52.200133,52.954060999999996,52.669881999999994
26,12,48.141926,4.284137,4.278175,0.051653,0.799822,0.515185,0.006955,52.471754,53.225885,52.948203
27,0,52.0013,3.998205,4.021378,0.045799,0.792788,0.493421,0.006821,56.068477,56.792293,56.499747
27,1,50.273989,3.964155,3.935802,0.04326,0.773043,0.472192,0.005766,54.253051,55.011187,54.716102
27,2,45.938511,3.845463,3.869268,0.043705,0.756355,0.464825,0.005823,49.851484,50.540329,50.254622
27,3,47.240612,3.864489,3.885463,0.044178,0.756865,0.465471,0.006203,51.170253,51.861965999999995,51.576775
27,4,46.924155,4.041556,4.052964,0.046608,0.763145,0.478412,0.00708,51.023727,51.728856,51.451203
27,5,55.543051,4.412774,4.131327,0.053626,0.802507,0.731141,0.012006,59.728004,60.758331999999996,60.698972
27,6,52.602097,3.953392,4.06891,0.049429,0.777,0.509275,0.006707,56.72043600000001,57.332489,57.071471
27,7,49.073336,3.900689,3.868679,0.042527,0.7697,0.465915,0.005479,52.984542,53.743725,53.445419
27,8,46.474183,3.9255,3.898222,0.043539,0.778302,0.515532,0.006295,50.415943999999996,51.17798499999999,50.92151
27,9,46.229283,3.988304,3.95446,0.04942,0.769372,0.480695,0.006714,50.233163,50.986959,50.704996
28,0,49.882611,4.002778,3.994457,0.044735,0.778253,0.493515,0.007011,53.921803,54.663641999999996,54.385915
28,1,47.534164,3.988388,4.023807,0.043363,0.764961,0.48683,0.006716,51.601333999999994,52.287513,52.01609799999999
28,2,48.415937,3.959711,3.957002,0.045384,0.757821,0.472995,0.00722,52.418323,53.133469,52.85586299999999
28,3,47.356961,3.824293,3.912483,0.044094,0.762119,0.476337,0.005539,51.313538,51.943372999999994,51.663129999999995
28,4,46.629142,3.939754,3.927525,0.043503,0.76095,0.470553,0.006251,50.600170000000006,51.329846,51.045700000000004
28,5,48.033323,3.871756,3.903592,0.042444,0.761779,0.497088,0.007695,51.97935900000001,52.666858,52.409862
28,6,47.310588,4.05228,3.989971,0.046307,0.764334,0.477411,0.005081,51.346866,52.127202000000004,51.84536
28,7,46.766032,4.21734,4.110056,0.048718,0.812906,0.499424,0.007259,50.924806000000004,51.796278,51.490055
28,8,51.243675,4.051846,3.996059,0.043154,0.78106,0.481473,0.006741,55.28288800000001,56.076581,55.783735
28,9,48.591613,4.047046,3.992257,0.046533,0.773333,0.482486,0.007154,52.630403,53.411992000000005,53.128299000000005
28,10,49.080286,4.286576,4.146974,0.045467,0.793185,0.483168,0.006208,53.272727,54.160047,53.856238
29,0,51.362842,4.001321,4.105745,0.045519,0.796223,0.499817,0.007653,55.514106,56.160385999999995,55.871632999999996
29,1,49.282433,3.960036,3.874222,0.043882,0.756523,0.474501,0.006893,53.200537000000004,53.998992,53.723862999999994
29,2,46.443425,3.877871,3.902605,0.044404,0.761999,0.484513,0.007059,50.390434,51.083295,50.812867999999995
29,3,48.529593,3.906112,3.91356,0.04401,0.755867,0.465595,0.005797,52.487162999999995,53.191572,52.907097
29,4,47.496554,3.93971,3.894202,0.043224,0.755233,0.465427,0.006124,51.433980000000005,52.191497,51.907815
29,5,46.24093,3.887533,3.927822,0.043818,0.760683,0.484898,0.006336,50.21257,50.889146,50.619696999999995
29,6,47.045391,4.004924,3.914963,0.045092,0.759558,0.471862,0.006441,51.005446,51.809873,51.52861800000001
29,7,48.621055,3.892076,3.910305,0.042787,0.773607,0.532967,0.007996,52.574146999999996,53.286738,53.054094
29,8,47.488913,4.149269,3.926859,0.042889,0.762879,0.475473,0.006802,51.458661,52.401061,52.120457
29,9,46.443805,3.975482,4.003256,0.044136,0.759209,0.463293,0.006044,50.491197,51.178495999999996,50.888624
29,10,47.953383,3.843881,4.012732,0.044048,0.770904,0.488997,0.032039,52.010163,52.56816800000001,52.3183
29,11,48.811065,3.966726,3.971951,0.045248,0.774971,0.47693,0.005871,52.828264,53.552762,53.260592
29,12,46.812355,3.984658,4.072696,0.049028,0.79295,0.521153,0.006727,50.934079,51.589963,51.324892999999996
29,13,47.964715,4.131902,3.977697,0.043771,0.772181,0.469971,0.006333,51.986183,52.868798,52.572920999999994
29,14,47.029621,3.945206,4.018996,0.043923,0.77201,0.484156,0.006706,51.09254,51.746837,51.465689
30,0,51.583715,3.99732,4.038571,0.042734,0.798663,0.492878,0.006469,55.66502,56.379698,56.080382
30,1,49.534707,3.88722,4.006964,0.043984,0.780987,0.515091,0.00569,53.585654999999996,54.202914,53.942707999999996
30,2,46.199632,3.975484,3.886489,0.042789,0.75468,0.467262,0.006607,50.12891,50.929796,50.648985
30,3,45.407948,3.913357,3.893264,0.043024,0.761928,0.455282,0.00602,49.344236,50.08323299999999,49.78260699999999
30,4,46.940387,3.870059,3.967543,0.04588,0.764712,0.474283,0.006806,50.95381,51.575158,51.291534999999996
30,5,45.408126,3.997275,3.898368,0.045351,0.764467,0.474949,0.006527,49.351845,50.16986800000001,49.886877000000005
30,6,46.151578,3.895537,3.918434,0.044233,0.76254,0.46657,0.005936,50.114245,50.809655,50.519620999999994
30,7,47.211,3.91669,4.012861,0.045451,0.761564,0.474243,0.006604,51.269312,51.889254,51.608537000000005
30,8,48.288325,3.943952,3.924738,0.046066,0.779863,0.515618,0.00745,52.259129,53.01214,52.755345000000005
30,9,46.336627,3.873072,3.862676,0.043773,0.759159,0.461116,0.005685,50.243076,50.968858,50.6765
30,10,47.878647,4.027207,3.921612,0.043408,0.766062,0.465594,0.005444,51.843667,52.671915999999996,52.376892
30,11,46.957236,3.877133,3.871799,0.044342,0.760321,0.452754,0.00557,50.873377000000005,51.59469,51.292693
31,0,47.225017,3.927367,4.037232,0.049085,0.780006,0.529386,0.00786,51.311334,51.93239,51.68963
31,1,48.979986,4.078182,4.042826,0.04588,0.793954,0.491319,0.006684,53.06869199999999,53.852121999999994,53.55617099999999
31,2,48.676068,3.948471,4.093779,0.048226,0.778956,0.491123,0.007273,52.818073,53.403495,53.122935
31,3,46.410884,3.949146,3.897023,0.043909,0.75457,0.472949,0.006618,50.351816,51.1146,50.839597000000005
31,4,46.459524,3.978768,3.98499,0.042654,0.761787,0.471767,0.005364,50.487168,51.200079,50.915423000000004
31,5,47.147838,3.860388,4.05519,0.046312,0.769208,0.484235,0.007488,51.249340000000004,51.777434,51.499949
31,6,45.564566,3.957704,3.901495,0.046684,0.755314,0.472035,0.006744,49.512744999999995,50.277584,50.001048999999995
31,7,46.132195,3.839348,3.856945,0.043023,0.75874,0.461547,0.005835,50.032163000000004,50.73028300000001,50.438925000000005
31,8,47.560594,3.885624,4.013343,0.04898,0.775542,0.502449,0.006408,51.622917,52.22176,51.955075
31,9,48.046874,3.954502,3.881077,0.042099,0.765563,0.495366,0.005866,51.97005,52.766939,52.502607999999995
31,10,45.482926,3.830149,3.862696,0.043624,0.773368,0.516711,0.006842,49.389246,50.086442999999996,49.836628
32,0,51.337184,4.101763,3.995533,0.043803,0.775541,0.496067,0.006211,55.37652,56.214487999999996,55.941224999999996
32,1,48.06587,3.927532,4.140795,0.068066,0.788168,0.505389,0.006981,52.274730999999996,52.781569999999995,52.505772
32,2,46.685138,4.021942,3.941103,0.043271,0.758944,0.471157,0.005455,50.669512,51.466024000000004,51.183692
32,3,48.653098,3.917239,3.937307,0.043025,0.776395,0.481726,0.006983,52.63343,53.346732,53.059046
32,4,48.206078,4.006393,3.918566,0.043497,0.757945,0.472728,0.009133,52.168141,52.970416,52.694331999999996
32,5,46.239808,3.881392,3.874479,0.043355,0.760838,0.47603,0.006918,50.157641999999996,50.882037999999994,50.604147999999995
32,6,47.427755,3.852964,3.932966,0.048579,0.778822,0.494508,0.006309,51.409299999999995,52.059540999999996,51.781536
32,7,46.800482,3.923713,3.924295,0.043675,0.761061,0.460306,0.00632,50.768452,51.485256,51.19082100000001
32,8,46.319443,3.919505,3.991443,0.0455,0.779847,0.48178,0.005841,50.35638599999999,51.018795,50.726569
32,9,49.91657,4.179772,3.986802,0.044525,0.798884,0.485299,0.006857,53.947897,54.895226,54.588497999999994
32,10,48.762101,3.918476,3.986734,0.043649,0.777346,0.489743,0.006519,52.792484,53.457923,53.176838999999994
32,11,45.310286,3.879133,4.078839,0.050591,0.777599,0.492332,0.006685,49.439716,49.967018,49.688435999999996
33,0,50.694007,3.933206,3.943745,0.044771,0.774646,0.485484,0.006464,54.682522999999996,55.401858999999995,55.119161
33,1,47.347264,3.84899,3.891362,0.044312,0.76264,0.483918,0.006024,51.282938,51.958894,51.686196
33,2,45.112825,3.891973,3.946239,0.044164,0.762348,0.472515,0.006589,49.103228,49.767146000000004,49.483902
33,3,48.323816,3.873881,3.865358,0.044181,0.759381,0.466716,0.005864,52.233355,52.957077999999996,52.670277
33,4,48.464943,3.970706,3.955876,0.045277,0.759706,0.485403,0.00631,52.46609599999999,53.195355,52.927361999999995
33,5,47.37391,3.880689,3.866169,0.045206,0.758844,0.467704,0.005547,51.285285,52.013443,51.72785
33,6,48.50482,3.905819,3.950304,0.047882,0.763071,0.49769,0.007818,52.503006000000006,53.17371,52.916147
33,7,48.036511,3.938366,3.904122,0.044378,0.762632,0.468005,0.006076,51.985011,52.737509,52.448958
33,8,44.133722,3.858709,3.879552,0.045533,0.779006,0.50461,0.007112,48.058806999999995,48.771437,48.504152999999995
34,0,50.946094,4.046303,3.951762,0.048655,0.756614,0.490766,0.005963,54.946511,55.749011,55.489126000000006
34,1,48.396371,3.852911,3.92706,0.044733,0.760344,0.466971,0.005917,52.368164,53.009626000000004,52.72217
34,2,47.19091,3.945451,3.934411,0.042567,0.757452,0.474016,0.006554,51.167888,51.893813,51.616931
34,3,49.248791,3.954674,3.953443,0.044257,0.77642,0.470524,0.006499,53.246491,53.979884999999996,53.68048799999999
34,4,49.063568,3.941741,4.040761,0.044338,0.776682,0.489483,0.004877,53.148666999999996,53.781991,53.499669
34,5,48.616216,4.013458,3.964862,0.043827,0.772388,0.477861,0.005817,52.624905000000005,53.402062,53.113352
34,6,50.294545,4.227745,4.029974,0.044499,0.780241,0.493093,0.007072,54.369018000000004,55.302530999999995,55.022455
34,7,48.924632,3.93331,4.018484,0.045341,0.769953,0.48748,0.007737,52.988457000000004,53.627895,53.353159
34,8,47.346182,4.057912,4.107946,0.045001,0.785943,0.484668,0.007258,51.499128999999996,52.190037000000004,51.89602
34,9,48.890967,3.993657,4.019984,0.044029,0.778493,0.480234,0.006156,52.954980000000006,53.663117,53.371014
34,10,48.794689,4.049374,4.093887,0.047339,0.775382,0.485264,0.007985,52.935915,53.619445,53.337312
35,0,48.522386,3.930573,3.973502,0.04921,0.771302,0.473833,0.006609,52.545097999999996,53.224261,52.933400999999996
35,1,48.061927,3.872064,3.96903,0.044777,0.773903,0.470964,0.006343,52.075734000000004,52.707893999999996,52.411298
35,2,48.750688,4.010582,3.972596,0.044004,0.776716,0.498814,0.006479,52.767288,53.537986,53.266563
35,3,47.751402,3.923914,4.055192,0.045133,0.772221,0.488489,0.007294,51.851727,52.447537,52.171099
35,4,46.775737,3.979966,3.868156,0.044181,0.766421,0.463306,0.005947,50.688074,51.522124,51.224956
35,5,45.047956,3.969556,3.96753,0.068766,0.783315,0.51036,0.005752,49.08425199999999,49.800827,49.533623999999996
35,6,50.576781,3.897348,3.889827,0.045909,0.768892,0.479682,0.005391,54.512516999999995,55.243021,54.959202
35,7,46.855339,3.864418,3.865205,0.042815,0.760514,0.463466,0.005934,50.763359,51.480271,51.189157
35,8,43.580494,3.846093,3.914945,0.044824,0.766782,0.502192,0.006049,47.540263,48.193369000000004,47.934828
36,0,50.679907,4.005728,4.013145,0.045702,0.772967,0.481333,0.005521,54.738754,55.458602,55.172489
36,1,47.863988,3.876876,3.90253,0.043688,0.763824,0.486317,0.007172,51.810206,52.504688,52.234353
36,2,45.788532,3.8859,3.970255,0.045664,0.756346,0.465883,0.004958,49.804451,50.430778,50.145272999999996
36,3,48.180167,3.917225,3.876072,0.042473,0.755522,0.455565,0.006426,52.098712,52.852914,52.559383
36,4,47.845465,3.907275,3.876087,0.048688,0.785724,0.499266,0.006449,51.770239999999994,52.538464,52.258455
36,5,47.140189,3.986323,3.868266,0.042903,0.758842,0.466517,0.007125,51.051358,51.885354,51.600154
36,6,47.181243,3.836375,3.847498,0.043506,0.76444,0.472427,0.006264,51.072247000000004,51.782058,51.496309000000004
36,7,46.950386,3.877089,3.922476,0.049648,0.757903,0.468241,0.006019,50.92251,51.585378,51.301735
36,8,45.61262,3.889065,3.910923,0.050126,0.776613,0.506822,0.006773,49.573668999999995,50.278298,50.015280000000004
36,9,48.012493,3.841215,3.862801,0.047471,0.791899,0.577698,0.006506,51.922765,52.645607,52.437912
36,10,47.449568,3.932874,3.896219,0.042786,0.762012,0.481456,0.00618,51.388573,52.144453999999996,51.870078
36,11,44.848834,3.836219,3.834457,0.044353,0.760059,0.44803,0.006131,48.727644,49.445111999999995,49.139214
37,0,49.950783,4.026113,4.143168,0.044057,0.779689,0.490248,0.005834,54.138008000000006,54.756585,54.472978000000005
37,1,49.243622,3.94761,3.93185,0.047857,0.769462,0.483967,0.006684,53.223329,53.960694,53.681883
37,2,46.835142,3.912133,3.92447,0.044106,0.759065,0.480045,0.005664,50.803717999999996,51.506339999999994,51.232983999999995
37,3,48.3413,3.875887,3.883217,0.044073,0.759872,0.461958,0.006613,52.268589999999996,52.977059,52.685758
37,4,47.127521,3.802849,3.87453,0.044314,0.763418,0.489728,0.007067,51.046365,51.693788000000005,51.427165
37,5,45.848428,3.90218,3.909006,0.043421,0.760779,0.467086,0.00665,49.800855,50.511387,50.224344
37,6,49.256917,3.835574,3.861405,0.047484,0.757131,0.481848,0.006107,53.165805999999996,53.849622000000004,53.580446
37,7,47.016514,3.935524,3.925503,0.043871,0.781781,0.47121,0.006334,50.985888,51.733819000000004,51.429582
37,8,45.024708,3.96044,3.966028,0.046659,0.766999,0.470691,0.006335,49.037395,49.752146999999994,49.462174
37,9,44.409746,3.862872,3.897115,0.04181,0.758336,0.451226,0.006556,48.348670999999996,49.030954,48.7304
38,0,46.84889,3.91974,3.96934,0.053556,0.774551,0.49628,0.007166,50.871786,51.543181,51.27207599999999
38,1,48.00159,3.906168,3.947624,0.042525,0.760235,0.471127,0.006111,51.991738999999995,52.667993,52.384996
38,2,48.131554,3.904374,3.968519,0.044716,0.757891,0.473109,0.006605,52.144789,52.793819,52.515642
38,3,46.736697,3.940657,3.88716,0.04291,0.759288,0.475024,0.006795,50.666767,51.436642,51.159172999999996
38,4,46.199854,3.822687,3.860897,0.044542,0.759455,0.456214,0.006058,50.105293,50.78199600000001,50.48481300000001
38,5,45.501748,3.886392,3.905759,0.048472,0.763111,0.475667,0.006201,49.455979,50.151251,49.870008
38,6,47.531053,3.912433,3.864662,0.043949,0.765162,0.476497,0.005227,51.439664,52.208648,51.92521
38,7,48.585887,3.955344,4.041075,0.04817,0.778242,0.484602,0.006438,52.675132,53.319472999999995,53.032271
38,8,47.00975,4.023232,4.00904,0.048299,0.788378,0.548875,0.006978,51.067088999999996,51.82136,51.588834999999996
39,0,49.593935,3.990828,4.026855,0.046111,0.778047,0.489477,0.006506,53.666901,54.36281,54.080746000000005
39,1,47.102934,3.866854,4.023928,0.044068,0.76196,0.461688,0.006738,51.17093,51.731747999999996,51.438213999999995
39,2,46.959503,3.890482,3.945315,0.043052,0.758427,0.465762,0.00603,50.94787,51.608411999999994,51.321777
39,3,47.914666,3.839372,3.930779,0.048185,0.759988,0.471489,0.006344,51.893629999999995,52.514025999999994,52.23187099999999
39,4,46.573721,3.963679,3.899721,0.044701,0.759105,0.468718,0.006166,50.518143,51.296504999999996,51.012284
39,5,47.578791,3.873669,3.913965,0.043209,0.759907,0.476658,0.006772,51.535965,52.212367,51.93589
39,6,47.882801,3.922522,3.974417,0.048739,0.771308,0.495091,0.006339,51.905957,52.576631,52.306753
39,7,46.953981,3.989342,4.078656,0.045974,0.808769,0.502405,0.006492,51.078611,51.752092,51.452220000000004
39,8,49.417252,3.987258,4.1046,0.046857,0.79312,0.540627,0.007584,53.568709,54.19763,53.952721
39,9,48.432964,3.896914,3.911117,0.04563,0.76554,0.469988,0.006184,52.389711,53.095418,52.80605
39,10,46.122574,3.871651,3.870825,0.048271,0.762191,0.471235,0.006745,50.041669999999996,50.756416,50.472205
39,11,46.206945,3.895612,4.010033,0.047492,0.76039,0.462503,0.00593,50.264469999999996,50.862947,50.570989999999995
40,0,49.449101,4.093728,4.062247,0.046112,0.772804,0.503431,0.006437,53.55746,54.315633,54.052696999999995
40,1,48.509416,4.078536,4.066108,0.044825,0.777805,0.482265,0.00714,52.620349000000004,53.365757,53.077357
40,2,48.709237,3.913232,3.929866,0.046693,0.761775,0.466539,0.005772,52.685795999999996,53.384244,53.09478
40,3,48.582795,3.902715,3.952085,0.046833,0.769802,0.52264,0.009398,52.58171299999999,53.255311999999996,53.017548
40,4,45.83938,3.925641,3.863288,0.045282,0.758811,0.473645,0.005983,49.747949999999996,50.523832,50.244648999999995
40,5,50.129743,3.972333,3.990463,0.045664,0.779232,0.504621,0.007801,54.16587,54.881308,54.614498
40,6,49.151644,3.993124,3.959098,0.045303,0.758356,0.492864,0.006841,53.15604499999999,53.903124,53.644473
40,7,46.999508,3.939568,4.014985,0.045599,0.769904,0.476063,0.006296,51.060092000000004,51.70898,51.421435
40,8,46.888983,4.049682,4.122631,0.045445,0.781405,0.517857,0.00696,51.057059,51.72007,51.463482
40,9,48.438516,3.964916,3.980333,0.042971,0.774454,0.469845,0.005802,52.46182,53.177886,52.879079000000004
40,10,49.287202,4.146744,4.096106,0.045247,0.775395,0.479786,0.006608,53.428555,54.209341,53.920339999999996
40,11,48.058398,3.940903,3.923673,0.042244,0.766336,0.46902,0.005213,52.024314999999994,52.765637,52.473533999999994
40,12,46.095794,3.965525,4.075719,0.051134,0.79102,0.559595,0.006665,50.222646999999995,50.852339,50.627579
40,13,47.927219,4.076293,3.940098,0.044505,0.779417,0.473732,0.006896,51.911822,52.782929,52.48414
41,0,50.845778,4.096215,4.055886,0.048865,0.772893,0.543829,0.006056,54.950529,55.71488600000001,55.49187800000001
41,1,47.43698,3.90752,3.883833,0.043826,0.75971,0.462363,0.005738,51.364639000000004,52.104209999999995,51.812601
41,2,45.827569,3.856065,3.932942,0.048266,0.769083,0.465084,0.005241,49.80877699999999,50.452717,50.15395899999999
41,3,45.747356,4.328252,4.284194,0.052865,0.798005,0.529803,0.007541,50.084415,50.873613000000006,50.61295200000001
41,4,49.535734,3.911754,4.000832,0.043598,0.800989,0.464734,0.00598,53.580164,54.248477,53.918202
41,5,48.009044,4.208184,4.096819,0.04975,0.773687,0.473933,0.006138,52.155613,52.99091500000001,52.69729900000001
41,6,49.220186,4.030834,4.00444,0.043603,0.778822,0.471977,0.006164,53.268229,54.029841999999995,53.729161
41,7,45.830426,3.910532,3.914342,0.043908,0.770921,0.50433,0.006638,49.788676,50.51187900000001,50.25192600000001
41,8,45.828376,4.110359,4.056967,0.046764,0.761389,0.492171,0.006272,49.932107,50.700124,50.437178
41,9,50.116597,4.00346,4.126721,0.045065,0.79317,0.478081,0.006511,54.288383,54.913227,54.604649
41,10,47.749916,4.326894,4.15655,0.043988,0.777922,0.470347,0.006776,51.950454,52.854732,52.553933
41,11,45.290174,3.938954,3.971626,0.046046,0.770235,0.506229,0.007744,49.307846,49.999363,49.743101
42,0,49.88415,4.01092,4.103534,0.048258,0.760921,0.496259,0.006334,54.035942,54.655991,54.397663
42,1,50.545238,4.042776,4.091084,0.047666,0.812557,0.501045,0.006553,54.683988,55.400571,55.095611999999996
42,2,48.875525,4.029818,3.979539,0.045234,0.761818,0.476578,0.006186,52.90029800000001,53.667161,53.388107000000005
42,3,47.495573,3.80286,3.895461,0.044173,0.761272,0.467404,0.006159,51.435207,52.059705,51.771996
42,4,48.243303,4.114106,4.131246,0.046244,0.790059,0.518492,0.007081,52.420792999999996,53.147467999999996,52.882982
42,5,48.362187,3.969327,3.965167,0.045174,0.780855,0.480162,0.006737,52.372528,53.112369,52.818413
42,6,51.563819,4.193706,4.064377,0.044537,0.795553,0.48924,0.007716,55.672733,56.553078,56.254481000000006
42,7,48.788406,4.024366,4.021681,0.046383,0.78848,0.482437,0.006135,52.85647,53.601252,53.301344
42,8,47.349779,3.943819,4.055937,0.044726,0.777086,0.509093,0.007503,51.450441999999995,52.07068399999999,51.810193999999996
42,9,48.880924,3.926024,3.950252,0.045441,0.761075,0.497717,0.006072,52.876616999999996,53.568023,53.310737
42,10,46.38429,3.896066,3.91943,0.047675,0.757197,0.468544,0.006445,50.351395,51.037552999999996,50.755345
43,0,48.684876,3.975319,3.954921,0.047567,0.785412,0.502069,0.006273,52.687364,53.445607,53.168537
43,1,46.405035,3.901738,3.878232,0.043561,0.756494,0.468036,0.006699,50.32682799999999,51.063266999999996,50.781507999999995
43,2,46.89048,3.91497,3.864882,0.042841,0.753888,0.469312,0.006067,50.798203,51.559338,51.280829
43,3,46.955123,3.855184,3.903369,0.043966,0.758445,0.452833,0.006575,50.902457999999996,51.568752,51.269715
43,4,47.362033,3.914567,3.918457,0.046593,0.762327,0.478664,0.006707,51.327083,52.038926999999994,51.761970999999996
43,5,45.66132,3.930647,3.866144,0.044001,0.763733,0.467359,0.006282,49.571465,50.355700000000006,50.065608000000005
43,6,46.407382,3.844142,3.85455,0.044466,0.755614,0.458113,0.006343,50.306398,51.007138,50.715979999999995
43,7,48.074532,3.992419,3.994048,0.044545,0.781085,0.474352,0.005724,52.113125,52.84803599999999,52.547027
43,8,45.621465,3.837527,3.845742,0.043982,0.755211,0.461279,0.005752,49.511189,50.214203000000005,49.926023
43,9,49.807559,3.888294,3.915117,0.042946,0.754969,0.499428,0.006525,53.765622,54.450822,54.201806000000005
43,10,47.103883,4.09709,3.893922,0.04424,0.761897,0.469532,0.006879,51.042045,51.96287,51.677384
43,11,46.299176,3.890713,3.87362,0.044952,0.764902,0.472042,0.006748,50.21774800000001,50.954791,50.668679000000004
43,12,47.877459,3.953223,4.086298,0.044878,0.763349,0.480377,0.006872,52.008635,52.594031,52.317931
43,13,47.913136,3.951881,3.9061,0.045448,0.759105,0.45243,0.005907,51.864684000000004,52.624122,52.323354
44,0,47.274789,3.839848,3.864056,0.043274,0.766106,0.578389,0.00922,51.18211899999999,51.880743,51.702246
44,1,49.008975,3.911856,3.876108,0.045863,0.760894,0.469549,0.005479,52.930946,53.681725,53.395859
44,2,46.771738,3.858216,3.900647,0.043848,0.764026,0.496112,0.007057,50.716232999999995,51.39398,51.133123
44,3,45.185088,3.832398,3.968208,0.048113,0.763275,0.47013,0.006859,49.201409,49.780761,49.494474999999994
44,4,46.526515,3.813735,3.85096,0.044928,0.763931,0.467107,0.006979,50.422403,51.104181000000004,50.814336000000004
44,5,47.422844,3.813736,3.858707,0.044963,0.753985,0.48353,0.005418,51.326514,51.990565,51.725528
44,6,44.975888,3.783403,3.868718,0.048774,0.760261,0.480928,0.007922,48.89338,49.519552,49.248141
44,7,47.472207,3.876042,3.851349,0.043337,0.764565,0.473488,0.005041,51.366893,52.11281399999999,51.826778
44,8,46.704891,3.836814,3.840348,0.042811,0.758502,0.470988,0.006136,50.58805,51.300207,51.018829
44,9,46.915329,4.026566,4.017595,0.04351,0.775522,0.47973,0.006022,50.976434,51.717417000000005,51.42764700000001
44,10,48.19219,3.852344,3.858451,0.045478,0.755079,0.47222,0.005709,52.096119,52.799613,52.522463
44,11,47.256524,3.847822,3.925303,0.043944,0.760569,0.543033,0.006508,51.225771,51.864914999999996,51.653887
44,12,46.019467,3.94002,3.914014,0.04559,0.761793,0.474977,0.007129,49.979071,50.72127999999999,50.441593
44,13,47.822028,3.863229,3.908978,0.045969,0.771877,0.487905,0.012038,51.776975,52.457134,52.185199999999995
44,14,46.665024,3.875018,4.161197,0.050866,0.761989,0.464579,0.005604,50.877087,51.302031,51.010225
45,0,49.564495,4.023113,3.973186,0.04351,0.778237,0.482329,0.006524,53.581191,54.365845,54.076461
45,1,48.391121,3.935256,3.957901,0.045654,0.763027,0.477441,0.005991,52.394676,53.089404,52.809809
45,2,47.15475,3.926096,3.902481,0.047318,0.769283,0.470666,0.007122,51.104549,51.850129,51.558634000000005
45,3,56.336088,3.876893,3.862372,0.044275,0.757274,0.472802,0.007272,60.242734999999996,60.970255,60.693055
45,4,48.429855,3.882492,3.974708,0.04228,0.761157,0.467836,0.006529,52.446843,53.073504,52.786712
45,5,47.891261,3.912947,3.88066,0.043567,0.759218,0.467135,0.006436,51.815488,52.563426,52.277779
45,6,45.466735,3.819454,3.895052,0.046061,0.756487,0.464937,0.006619,49.407848,50.042676,49.757745
45,7,47.217182,3.872295,3.889989,0.042641,0.762172,0.475277,0.006488,51.149812000000004,51.851649,51.571242
45,8,47.711617,3.927698,3.902357,0.044797,0.760371,0.471032,0.005837,51.658771,52.399685999999996,52.116184
45,9,45.655841,3.914688,3.880111,0.043722,0.757027,0.49153,0.00734,49.579674000000004,50.327556,50.069399
45,10,49.699057,4.016799,4.079997,0.045257,0.76045,0.472221,0.007011,53.824311,54.476306,54.195088
45,11,47.574232,3.940358,3.94065,0.04625,0.772521,0.458472,0.005946,51.561132,52.287110999999996,51.979008
46,0,48.804493,4.029569,4.111668,0.063602,0.813434,0.50871,0.005693,52.979763000000005,53.647496000000004,53.348465000000004
46,1,49.351383,3.970666,3.888917,0.042478,0.765471,0.47248,0.006811,53.282778,54.08752,53.801339999999996
46,2,48.252379,3.954292,3.978528,0.044647,0.761356,0.482688,0.00639,52.27555399999999,52.968027,52.695749000000006
46,3,45.669077,4.046089,3.876912,0.045389,0.765408,0.491156,0.006773,49.591378,50.480574000000004,50.213095
46,4,49.96457,3.910805,3.941626,0.044694,0.770273,0.500771,0.005732,53.95089,54.64564800000001,54.38187800000001
46,5,49.753755,4.097477,4.08557,0.045095,0.788228,0.489197,0.006218,53.88442,54.63945999999999,54.34664699999999
46,6,45.805151,3.903241,4.018901,0.044479,0.777739,0.508089,0.006274,49.868531000000004,50.486131,50.222755
46,7,49.520344,4.187547,3.968006,0.045169,0.778145,0.515592,0.00558,53.533519000000005,54.486036000000006,54.229063000000004
46,8,47.760111,3.969185,3.990965,0.046203,0.776615,0.477855,0.006091,51.797279,52.505911000000005,52.213242
46,9,47.047922,4.009548,4.11434,0.048354,0.764581,0.530957,0.006807,51.210616,51.822051,51.595234000000005
46,10,46.406958,3.948933,3.855832,0.043902,0.758339,0.455719,0.006382,50.306692000000005,51.11423,50.817992000000004
47,0,50.516844,4.152599,4.140046,0.045156,0.780433,0.48577,0.005552,54.702045999999996,55.449876,55.160765000000005
47,1,46.457417,3.974874,3.909712,0.042047,0.751209,0.471691,0.005188,50.409175999999995,51.1835,50.909169999999996
47,2,48.37706,3.888496,3.936152,0.047276,0.791236,0.495607,0.007008,52.360488,53.056792,52.768171
47,3,47.335458,3.927436,3.861659,0.044519,0.758956,0.488251,0.005642,51.24163600000001,52.02185,51.756787
47,4,45.08521,3.839661,3.888033,0.042389,0.760948,0.453881,0.005385,49.015632,49.685818999999995,49.384136999999996
47,5,47.824391,3.855561,3.956748,0.04317,0.76142,0.476583,0.006831,51.824309,52.441372,52.163365999999996
47,6,48.414766,4.02167,3.955205,0.043622,0.773518,0.469147,0.005929,52.413593,53.209954,52.911512
47,7,47.57496,3.860348,3.983342,0.044377,0.758473,0.518022,0.007577,51.602678999999995,52.193781,51.960907
47,8,47.613706,4.117628,4.028759,0.045891,0.768266,0.504238,0.006691,51.688356,52.4996,52.242263
47,9,46.560271,3.916731,3.915912,0.043491,0.782401,0.472035,0.006857,50.519674,51.259403,50.955893999999994
48,0,47.372547,3.962182,3.987353,0.044509,0.775728,0.487141,0.006479,51.404408999999994,52.110457,51.828348999999996
48,1,47.159406,3.875741,3.871089,0.043222,0.757893,0.47085,0.006248,51.073716999999995,51.79304,51.51224499999999
48,2,47.310811,3.893458,3.884014,0.047349,0.754998,0.469572,0.005725,51.242174,51.959267000000004,51.679566
48,3,46.139149,3.861772,3.891336,0.044762,0.758121,0.458034,0.005869,50.075247000000005,50.75904200000001,50.464824
48,4,45.766726,3.922226,3.872448,0.041625,0.756382,0.454582,0.006687,49.680799,50.445334,50.150221
48,5,47.271112,3.820614,3.897236,0.043928,0.757949,0.492825,0.005765,51.212276,51.849675000000005,51.590316
48,6,44.987914,3.863619,3.923526,0.043479,0.759024,0.463248,0.005283,48.954919000000004,49.610557,49.320064
48,7,46.442225,3.8395,3.825956,0.043382,0.752761,0.455356,0.005843,50.311563,51.034486,50.742924
48,8,44.97525,3.775583,3.81436,0.043686,0.761583,0.447061,0.005918,48.833296000000004,49.512416,49.203812
49,0,46.812673,3.883846,3.905681,0.045249,0.761758,0.497856,0.010665,50.763602999999996,51.458276999999995,51.20504
49,1,45.083092,3.932138,3.87802,0.046973,0.758174,0.461901,0.005665,49.008085,49.773404,49.482796
49,2,45.779251,3.838864,3.866731,0.044673,0.765034,0.454501,0.005737,49.69065500000001,50.383149,50.07835300000001
49,3,46.318079,3.808171,3.857197,0.045835,0.764329,0.4685,0.006596,50.22111099999999,50.890579,50.601346
49,4,46.341485,3.935394,3.868961,0.044128,0.758632,0.463619,0.007511,50.254574,51.035511,50.748009
49,5,44.037591,3.882754,3.874291,0.044131,0.760184,0.462313,0.006377,47.956013,48.680529,48.389035
49,6,47.380844,3.834165,3.905454,0.044688,0.754597,0.473045,0.006291,51.330986,51.969606,51.694345
49,7,46.411189,3.896244,3.884413,0.044276,0.760006,0.468671,0.007347,50.339878000000006,51.067439,50.78345100000001
49,8,45.550818,3.848392,3.858352,0.043511,0.766152,0.463195,0.007121,49.452681000000005,50.165361999999995,49.86952599999999
49,9,49.902184,4.000642,3.963555,0.049304,0.76533,0.480544,0.006819,53.915043,54.668155999999996,54.390189
49,10,47.461731,3.964905,3.972149,0.048347,0.780168,0.503623,0.008153,51.482227,52.206804000000005,51.938412
49,11,46.525845,3.923803,3.94268,0.045575,0.773255,0.477967,0.005239,50.5141,51.222902999999995,50.932854
50,0,49.346355,3.995634,4.047091,0.043637,0.774884,0.48881,0.007628,53.437083,54.116873000000005,53.838427
50,1,47.257444,3.874912,3.835938,0.042809,0.758099,0.466567,0.005794,51.136191,51.890455,51.604717
50,2,46.439432,3.832101,3.873853,0.045425,0.761056,0.466855,0.004962,50.358709999999995,51.032589,50.74335
50,3,48.165214,3.899338,3.880506,0.042794,0.761947,0.469674,0.006647,52.088513999999996,52.826499,52.540873
50,4,46.259085,3.803206,3.860443,0.043784,0.757955,0.480479,0.005893,50.163312000000005,50.820246000000004,50.548663000000005
50,5,45.269676,3.826982,3.939259,0.047038,0.762126,0.476054,0.006626,49.255973,49.858784,49.57933799999999
50,6,46.437888,3.883407,3.894524,0.043285,0.753338,0.461886,0.006548,50.375696999999995,51.074633,50.789729
50,7,46.721095,3.86623,3.904897,0.044904,0.762604,0.489129,0.006391,50.670896,51.349929,51.082845
50,8,46.201665,3.899096,3.939144,0.045345,0.761129,0.471157,0.006921,50.186153999999995,50.861889999999995,50.578838999999995
50,9,46.552617,3.916229,3.841098,0.044583,0.775129,0.460934,0.005525,50.438298,51.243975,50.935305
51,0,49.060137,3.849946,3.986657,0.045394,0.768996,0.513518,0.005998,53.092188,53.679079,53.429598999999996
51,1,47.279897,3.898176,3.898796,0.045527,0.764501,0.466414,0.006903,51.224219999999995,51.942574,51.65139
51,2,46.341221,3.811102,3.859967,0.04445,0.745586,0.445518,0.005409,50.24563799999999,50.897909,50.603249999999996
51,3,46.702223,3.843605,3.924898,0.048961,0.757395,0.472842,0.006695,50.676081999999994,51.303223,51.025365
51,4,45.747067,4.047273,3.977048,0.050192,0.771007,0.484603,0.006648,49.774307,50.565346999999996,50.285591
51,5,48.579274,3.932132,3.907081,0.04731,0.770109,0.46068,0.005902,52.533665,53.281515,52.977988
51,6,47.871607,3.999284,4.016725,0.048917,0.772261,0.483187,0.007201,51.937249,52.643152,52.361279
51,7,45.966405,3.931393,3.934448,0.045098,0.771832,0.460151,0.00522,49.94595100000001,50.669630000000005,50.363169000000006
51,8,44.786492,3.807937,3.909627,0.046492,0.7548,0.476453,0.005707,48.742611000000004,49.34922900000001,49.076589000000006
51,9,45.993775,3.878072,3.913122,0.043975,0.765793,0.470398,0.006365,49.950872000000004,50.637640000000005,50.34861000000001
51,10,47.774679,4.078632,3.984758,0.045768,0.765027,0.478019,0.007072,51.805205,52.618338,52.338402
51,11,47.210179,3.882425,3.888715,0.044665,0.768741,0.485571,0.006635,51.143558999999996,51.86134499999999,51.58481
51,12,45.830337,3.909008,3.941719,0.046364,0.76051,0.477865,0.00757,49.818419999999996,50.499855,50.22478
51,13,46.167241,3.870248,3.884778,0.044566,0.757762,0.447912,0.006682,50.096585,50.79525099999999,50.492082999999994
52,0,49.165336,3.893985,4.006366,0.047017,0.761626,0.488673,0.006361,53.218719,53.820947000000004,53.554355
52,1,47.167148,4.095458,3.974766,0.044216,0.776879,0.481321,0.006929,51.18613,52.039485,51.750856
52,2,47.41846,4.033342,3.928813,0.045925,0.758068,0.468607,0.005438,51.393198,52.20987,51.925847
52,3,46.416661,3.98868,3.881073,0.043941,0.766757,0.463067,0.005879,50.341674999999995,51.172098,50.874287
52,4,45.227006,3.923913,3.89595,0.043647,0.758022,0.46269,0.006318,49.166603,49.908941,49.619927000000004
52,5,47.044235,3.886325,3.874832,0.045659,0.765436,0.485696,0.007487,50.964726,51.695996,51.423742999999995
52,6,46.957202,3.918767,3.922263,0.04283,0.75713,0.461646,0.005244,50.922295000000005,51.633099,51.342859000000004
52,7,45.906498,3.870674,3.885631,0.043754,0.758561,0.469908,0.006089,49.835883,50.535733,50.253169
52,8,47.238971,3.935554,3.970283,0.045936,0.760527,0.471207,0.006168,51.25519,51.935052000000006,51.651900000000005
52,9,49.24667,3.962891,3.904961,0.044373,0.802691,0.494105,0.005326,53.196004,54.012252000000004,53.708991999999995
52,10,45.324956,3.912091,3.904212,0.043805,0.762237,0.452556,0.00607,49.272973,49.999284,49.695673000000006
53,0,48.627782,3.987506,4.019439,0.043376,0.768788,0.477359,0.006763,52.690597000000004,53.38407600000001,53.099410000000006
53,1,47.245512,3.847246,3.867224,0.042752,0.758539,0.457978,0.00653,51.155488,51.851296999999995,51.55726599999999
53,2,44.967406,3.822148,3.903693,0.045146,0.76181,0.468348,0.005347,48.916244999999996,49.55136399999999,49.263248999999995
53,3,44.802994,3.923491,3.867198,0.044413,0.759194,0.467353,0.007268,48.714605,49.485679,49.201106
53,4,45.214699,3.834516,3.86165,0.043483,0.753815,0.482541,0.007221,49.119832,49.80303000000001,49.538977
53,5,46.73069,3.882496,3.844597,0.042982,0.756647,0.457695,0.005397,50.618269000000005,51.36983300000001,51.07627800000001
53,6,45.337454,3.842736,3.897555,0.047446,0.762593,0.46343,0.006073,49.282455,49.942783000000006,49.649693000000006
53,7,45.763125,3.855384,3.859327,0.043146,0.756741,0.468661,0.006414,49.665598,50.37525,50.093584
53,8,45.210843,4.070615,4.055033,0.044062,0.777168,0.490313,0.007427,49.309937999999995,50.058626000000004,49.779198
53,9,46.883486,3.876908,3.905617,0.046809,0.764263,0.483244,0.006275,50.835912,51.524657,51.249913
53,10,47.746278,4.005721,3.880872,0.042726,0.758954,0.472643,0.006403,51.669876,52.510953,52.231044999999995
53,11,47.692119,3.933733,3.929995,0.044728,0.760028,0.474205,0.006213,51.666841999999995,52.38587999999999,52.106269999999995
53,12,46.558403,3.899108,3.943523,0.044968,0.759566,0.465136,0.006742,50.546893999999995,51.217076999999996,50.929389
53,13,45.730467,3.92558,3.894677,0.043547,0.761299,0.461285,0.007042,49.668690999999995,50.417346,50.124373999999996
54,0,49.050915,3.918379,3.990515,0.043441,0.789188,0.535927,0.006402,53.08487100000001,53.75848200000001,53.51162300000001
54,1,47.455122,3.999664,3.901405,0.048796,0.765109,0.52661,0.006687,51.405323,52.21989500000001,51.988083
54,2,49.822304,3.98585,3.937264,0.044395,0.7619,0.480004,0.006784,53.803963,54.570054,54.294942000000006
54,3,45.688593,3.878251,3.926981,0.043443,0.761787,0.462925,0.006238,49.659017,50.328630999999994,50.036007
54,4,47.364685,3.893187,3.871224,0.043158,0.754976,0.468318,0.006624,51.279067,52.012848,51.732814000000005
54,5,47.893437,3.821604,3.901106,0.046459,0.763676,0.481068,0.006104,51.841001999999996,52.478716999999996,52.202213
54,6,46.357824,3.884178,3.86648,0.04295,0.759944,0.461477,0.00677,50.267254,51.001946,50.710249000000005
54,7,45.335277,3.829795,3.894371,0.045871,0.759223,0.468661,0.006305,49.275518999999996,49.924294999999994,49.64003799999999
54,8,47.077132,3.88445,4.050922,0.048166,0.775771,0.499666,0.007181,51.17622,51.737353,51.468429
54,9,49.014092,3.980293,3.87753,0.044538,0.765433,0.469517,0.005183,52.93616,53.759818,53.46908500000001
54,10,45.662825,3.835516,3.872235,0.042679,0.763365,0.471467,0.006139,49.577739,50.261706,49.97594699999999
54,11,46.758859,3.975205,3.993169,0.045945,0.778376,0.477511,0.00736,50.797973000000006,51.512440000000005,51.218935
55,0,49.445138,4.007353,4.028161,0.04258,0.794529,0.491693,0.006592,53.515879,54.24702,53.950776
55,1,48.051066,3.91496,3.879705,0.044243,0.76134,0.480447,0.005193,51.975014,52.727365999999996,52.451665999999996
55,2,46.72526,3.851932,3.880442,0.048401,0.756891,0.471463,0.006569,50.654103,51.334083,51.055223999999995
55,3,44.425468,3.810678,4.018747,0.045411,0.765211,0.499019,0.006394,48.489626,49.001357000000006,48.741559
55,4,48.839943,3.869541,3.874027,0.04471,0.754969,0.472506,0.007511,52.75868,53.464453,53.189501
55,5,47.595063,3.800499,3.873938,0.044427,0.760599,0.465463,0.006901,51.513428000000005,52.156161000000004,51.867926000000004
55,6,45.903038,3.909363,3.907278,0.046736,0.759933,0.479749,0.006944,49.857052,50.572334,50.299094
55,7,47.277586,3.881535,3.889113,0.042851,0.75794,0.462945,0.005696,51.20955,51.917061,51.627762
55,8,48.025296,3.891159,3.98051,0.048531,0.768381,0.487755,0.006004,52.054337,52.684836,52.410213999999996
55,9,45.444306,3.898347,3.941712,0.054595,0.767602,0.483715,0.006368,49.440613,50.110254999999995,49.832736
55,10,49.112529,4.065586,4.014035,0.045399,0.758487,0.479025,0.006783,53.171963000000005,53.93660200000001,53.663923000000004
56,0,49.378256,3.946204,4.117696,0.045681,0.78268,0.49214,0.007539,53.541633000000004,54.10714,53.824139
56,1,45.218195,3.974492,3.919408,0.043445,0.764198,0.470337,0.006682,49.181048,49.956885,49.669706
56,2,48.626752,3.82895,3.897415,0.043364,0.756526,0.47627,0.006401,52.567531,53.212228,52.938373
56,3,45.79711,3.861642,3.912071,0.044023,0.772681,0.472214,0.005988,49.753204000000004,50.431433000000006,50.13695400000001
56,4,46.153025,3.844489,3.858772,0.044743,0.754085,0.468208,0.006294,50.05654,50.751599000000006,50.472015999999996
56,5,49.203168,3.914472,3.910607,0.043789,0.761275,0.478458,0.006858,53.157563999999994,53.87891499999999,53.602956
56,6,48.110622,3.928197,3.902709,0.043357,0.762606,0.46211,0.005676,52.056688,52.801424999999995,52.506605
56,7,45.143709,3.806624,3.891788,0.044954,0.761211,0.464083,0.00608,49.080451,49.711544,49.420496
56,8,48.170697,3.929891,3.973386,0.044955,0.765673,0.481326,0.007425,52.189038,52.866260999999994,52.589338999999995
56,9,46.835863,3.949462,3.923752,0.044512,0.759988,0.460781,0.006597,50.804127,51.545313,51.252703
57,0,48.426801,3.980554,4.047542,0.044872,0.773737,0.502291,0.007845,52.519214999999996,53.18109199999999,52.917491
57,1,47.773749,4.036145,3.890642,0.044395,0.757065,0.474262,0.005719,51.708786,52.566959,52.289875
57,2,46.772832,3.938409,4.076322,0.044712,0.791432,0.488807,0.006357,50.893865999999996,51.502673,51.206405000000004
57,3,46.846419,3.821266,3.970512,0.043978,0.760971,0.469409,0.006385,50.860909,51.428656,51.143479
57,4,46.745828,3.933255,3.948405,0.047453,0.75875,0.470167,0.005166,50.741686,51.437833000000005,51.15441600000001
57,5,47.624965,3.875466,3.885572,0.045189,0.759844,0.481571,0.006898,51.555726,52.26027500000001,51.98890000000001
57,6,46.870534,3.911701,3.90486,0.044668,0.754378,0.462912,0.006647,50.820062,51.536613,51.251794000000004
57,7,47.24333,4.003838,3.8902,0.041968,0.762164,0.466972,0.006356,51.175498,52.009332,51.720496
57,8,47.517223,3.929529,4.013792,0.049647,0.778848,0.525954,0.006236,51.580662000000004,52.2256,51.978942
57,9,45.737664,4.06195,3.986337,0.044954,0.794996,0.519797,0.005923,49.768955,50.59461,50.325334000000005
57,10,47.954943,3.891112,3.865152,0.042248,0.759321,0.473201,0.005014,51.862343,52.605376,52.324270000000006
57,11,44.672946,3.886775,3.943857,0.051843,0.761368,0.478385,0.00652,48.668646,49.321089,49.04462600000001
58,0,50.551555,3.935224,3.894888,0.044915,0.755504,0.506377,0.005831,54.491358000000005,55.242283,54.998987
58,1,49.265589,4.086075,4.030736,0.075951,0.759393,0.503807,0.006722,53.372276,54.111057,53.862193000000005
58,2,48.057582,3.961185,3.94142,0.046739,0.779709,0.478283,0.005878,52.045741,52.798475999999994,52.502928
58,3,55.500375,3.899925,3.909766,0.046619,0.774978,0.565874,0.007335,59.456759999999996,60.175278,59.973509
58,4,52.355711,4.02917,3.979853,0.04292,0.771703,0.478189,0.006114,56.378484,57.156584,56.869184
58,5,51.70815,3.925266,3.951748,0.051318,0.777738,0.517588,0.008702,55.71121600000001,56.411154,56.15970600000001
58,6,48.458598,4.065563,3.857328,0.043902,0.762498,0.466267,0.006941,52.35982800000001,53.286659,52.997369
58,7,45.432381,3.875101,3.890182,0.047534,0.764714,0.458317,0.005638,49.370097,50.072196,49.771437
58,8,48.908386,3.94251,4.074625,0.04789,0.784882,0.478152,0.006773,53.030901,53.635778,53.335821
59,0,50.892992,3.894048,3.90802,0.043243,0.761346,0.480373,0.006551,54.844255,55.548386,55.273964
59,1,47.507832,3.93114,4.034442,0.044235,0.757587,0.479617,0.005418,51.586509,52.196559,51.924006999999996
59,2,46.333435,3.97973,3.896423,0.045898,0.763569,0.469244,0.006485,50.275756,51.076733999999995,50.788894
59,3,45.929244,3.830317,3.890828,0.043313,0.779666,0.488865,0.006219,49.863384999999994,50.539227,50.254645
59,4,45.934495,3.93709,4.074149,0.046468,0.772914,0.501446,0.006628,50.055111999999994,50.644498999999996,50.379659
59,5,47.622113,3.970822,3.993245,0.045504,0.767108,0.485228,0.007849,51.660862,52.360043,52.086012
59,6,48.664062,3.934759,3.985263,0.055125,0.757722,0.536074,0.007722,52.70445,53.356543,53.142617
59,7,48.105806,3.931341,3.941962,0.045496,0.777564,0.465384,0.006043,52.093264000000005,52.814711,52.508574
59,8,46.482773,3.938266,4.078903,0.063526,0.81611,0.499534,0.007089,50.62520200000001,51.237149,50.927662
60,0,50.038294,4.038775,3.982498,0.04423,0.780536,0.485595,0.005992,54.065022,54.857605,54.568656
60,1,47.276646,3.910929,3.972864,0.043614,0.779316,0.48641,0.006546,51.293124,51.966891000000004,51.680531
60,2,48.202566,4.153441,3.943948,0.051768,0.766875,0.47375,0.006928,52.198282,53.122882,52.836685
60,3,48.591261,4.09134,4.107073,0.048869,0.793549,0.523198,0.006799,52.747203000000006,53.476150000000004,53.21259800000001
60,4,46.778699,4.03668,3.896084,0.043934,0.758466,0.46656,0.00647,50.718717000000005,51.573845,51.288409
60,5,46.399414,3.860598,3.826634,0.044076,0.757036,0.461833,0.006867,50.270123999999996,51.017048,50.728712
60,6,48.163963,3.848869,3.980026,0.049314,0.758059,0.495544,0.006495,52.19330300000001,52.770891000000006,52.51487100000001
60,7,47.863125,3.936557,3.905996,0.046159,0.760197,0.475552,0.006532,51.81528,52.559878999999995,52.281766
60,8,48.291483,4.114433,4.11608,0.051589,0.779184,0.552708,0.006111,52.459151999999996,53.1851,52.964735
60,9,51.252755,4.032567,3.960403,0.044268,0.78816,0.483272,0.006547,55.257426,56.073482,55.775141
60,10,48.841094,3.911809,4.190069,0.044116,0.782642,0.542882,0.007315,53.075279,53.535545,53.30309999999999
60,11,50.855278,4.005281,3.986309,0.043189,0.783979,0.460701,0.00574,54.884775999999995,55.644538,55.327
61,0,54.236356,4.392186,4.104819,0.04432,0.790479,0.492298,0.005942,58.385495,59.419021,59.126782
61,1,49.55472,4.129093,4.084146,0.044288,0.777668,0.4859,0.00591,53.683154,54.461481,54.175623
61,2,48.869617,3.886402,3.87987,0.043267,0.764406,0.463836,0.005994,52.792753999999995,53.520424999999996,53.225849
61,3,47.430936,3.87654,3.88154,0.04486,0.765368,0.471653,0.006595,51.357336000000004,52.072844,51.785724
61,4,47.468487,3.986176,3.950701,0.057263,0.77962,0.534171,0.007399,51.476451000000004,52.234283000000005,51.996233000000004
61,5,48.070804,4.079498,3.974397,0.044599,0.782479,0.488378,0.005531,52.089800000000004,52.932781000000006,52.644211
61,6,50.403578,4.08702,4.150039,0.052959,0.801329,0.520044,0.00694,54.606576000000004,55.29192700000001,55.017582000000004
61,7,49.220645,4.079058,4.056473,0.047347,0.7933,0.4723,0.006522,53.324465000000004,54.093002999999996,53.77852499999999
61,8,48.45921,4.052822,4.087493,0.047551,0.778344,0.473718,0.007111,52.594254,53.290375999999995,52.992861
61,9,49.453098,3.964149,4.00808,0.04298,0.778547,0.471127,0.007574,53.504158,54.195794,53.895948
61,10,49.446203,3.969259,4.026763,0.048387,0.77942,0.510576,0.006595,53.521353,54.194882,53.932632999999996
61,11,50.802303,4.058113,4.132096,0.050462,0.795298,0.491118,0.007521,54.984861,55.655714,55.359055
61,12,50.989704,4.167977,4.122648,0.046733,0.797482,0.486911,0.007434,55.159085000000005,55.955163000000006,55.652026000000006
61,13,49.460168,3.990442,4.111488,0.045217,0.789343,0.501646,0.007766,53.616873000000005,54.23995300000001,53.960022
61,14,48.787657,3.976956,3.983865,0.045591,0.775821,0.469707,0.006475,52.817113000000006,53.540434000000005,53.240795000000006
62,0,49.621424,3.985631,3.944728,0.05343,0.791307,0.519966,0.006322,53.619581999999994,54.398362,54.13334299999999
62,1,48.922782,3.994163,4.004351,0.045409,0.783893,0.48462,0.006153,52.972542,53.700838,53.407717999999996
62,2,50.898871,4.114019,3.949627,0.046157,0.770757,0.488876,0.006546,54.894655,55.783647,55.508312
62,3,49.801976,3.98894,3.93657,0.047957,0.759054,0.468802,0.005614,53.786503,54.54997,54.265332
62,4,47.48897,3.91631,3.994053,0.053291,0.757671,0.48541,0.006149,51.536314000000004,52.16295100000001,51.89683900000001
62,5,47.410891,4.051471,4.012821,0.047417,0.780111,0.497771,0.008125,51.471129000000005,52.242473,51.968258
62,6,46.683682,3.994125,4.017665,0.044623,0.794299,0.474935,0.007004,50.74597,51.472106,51.159746
62,7,49.355983,4.111115,4.025931,0.044616,0.766012,0.480673,0.006884,53.42653,54.23311,53.954655
62,8,51.65412,4.069454,4.109806,0.049699,0.796415,0.524978,0.007861,55.813624999999995,56.519989,56.256412999999995
62,9,50.462517,4.078913,4.121265,0.086808,0.792447,0.525881,0.007318,54.67059,55.333877,55.074628999999995
62,10,52.52949,4.288548,4.107527,0.0466,0.792671,0.497402,0.007449,56.683617,57.610709,57.322889
62,11,49.022951,4.046906,4.053894,0.059043,0.772902,0.502622,0.00645,53.135888,53.842759,53.578929
63,0,50.121791,4.05977,4.016309,0.047242,0.777845,0.494378,0.006908,54.185342,54.959406,54.682847
63,1,49.630928,3.976416,4.116658,0.053726,0.79516,0.515779,0.00733,53.801311999999996,54.402504,54.130453
63,2,51.729418,4.079678,4.117705,0.04628,0.788422,0.497608,0.005757,55.893403000000006,56.597518,56.312461000000006
63,3,48.222153,4.032571,4.002741,0.04708,0.776192,0.511562,0.007376,52.271974,53.030916,52.773661999999995
63,4,51.705409,3.990059,3.963157,0.044874,0.779352,0.483802,0.006334,55.713440000000006,56.47482000000001,56.185604000000005
63,5,49.103697,4.005383,4.034499,0.042615,0.782503,0.498914,0.007646,53.18081099999999,53.891583,53.61564
63,6,47.430633,3.967883,3.944745,0.045726,0.773203,0.47261,0.00542,51.421104,52.171719,51.876546000000005
63,7,45.648386,3.93295,4.092582,0.045375,0.771869,0.468413,0.005698,49.786343,50.353205,50.055447
63,8,48.648399,4.041488,4.038575,0.045262,0.798384,0.495159,0.006578,52.732236,53.488271,53.191624
63,9,49.828182,4.062311,4.088745,0.047398,0.792427,0.493818,0.006569,53.964325,54.682919999999996,54.390879999999996
63,10,48.927303,3.979094,4.107513,0.077374,0.792521,0.554426,0.007691,53.11219,53.698918,53.468514
64,0,50.597237,4.076666,4.04918,0.047245,0.797745,0.481614,0.006121,54.693661999999996,55.471648,55.161638
64,1,49.17794,3.950051,3.976881,0.046582,0.771205,0.498351,0.005977,53.201403,53.899196,53.632319
64,2,49.289531,3.974659,4.029861,0.046659,0.780813,0.477347,0.007007,53.36605099999999,54.045003,53.748544
64,3,48.808957,3.960758,4.043045,0.047117,0.769831,0.489694,0.007004,52.899119,53.539546,53.266413
64,4,47.306501,4.117334,3.973969,0.045088,0.775964,0.480959,0.006603,51.325557999999994,52.199799,51.911396999999994
64,5,47.455794,3.952424,4.042734,0.051638,0.789378,0.534985,0.005584,51.550166,52.197596,51.948786999999996
64,6,47.119344,3.962016,3.922624,0.043853,0.75758,0.473919,0.005067,51.085820999999996,51.838939999999994,51.560345999999996
64,7,48.354436,3.879854,3.921836,0.049138,0.765006,0.484516,0.006066,52.32541,52.999296,52.724872
64,8,48.193378,4.201808,4.079226,0.046205,0.80124,0.500946,0.006694,52.318809,53.196426,52.902826000000005
64,9,48.630542,3.901396,3.919457,0.043926,0.753237,0.493525,0.007863,52.593925,53.285174999999995,53.033325999999995
64,10,49.544616,4.203348,4.007626,0.04534,0.778344,0.48015,0.007267,53.597582,54.52630799999999,54.235381
64,11,47.610346,3.971392,4.007795,0.045357,0.779763,0.473997,0.006346,51.663498000000004,52.361501000000004,52.062081
64,12,47.360164,4.029714,4.112941,0.044447,0.770712,0.48281,0.00726,51.517551999999995,52.16059,51.879948
64,13,49.733386,3.975713,4.040499,0.045079,0.771547,0.500055,0.006767,53.818964,54.480646,54.21592100000001
64,14,47.894437,4.038096,4.082579,0.044973,0.779751,0.471471,0.006854,52.021989000000005,52.712284000000004,52.410858000000005
65,0,49.36231,3.969169,3.979439,0.0453,0.764291,0.494279,0.007327,53.387049,54.09577,53.833085
65,1,53.346492,4.221074,4.046335,0.046997,0.794225,0.493113,0.007474,57.439823999999994,58.361791,58.068153
65,2,48.328539,3.955008,4.041385,0.070439,0.795917,0.519335,0.005447,52.440363,53.079464,52.80832899999999
65,3,47.402286,4.065686,3.979747,0.042975,0.772551,0.473562,0.006678,51.425008,52.240522999999996,51.948212
65,4,51.135968,3.958981,4.173018,0.053517,0.792442,0.505594,0.007032,55.362503,55.887391,55.607575000000004
65,5,51.884284,4.067854,4.022777,0.045524,0.789452,0.485297,0.006726,55.952585,56.741589999999995,56.444161
65,6,57.196777,4.887877,4.584776,0.050977,0.794245,0.576389,0.008335,61.83253,62.878899,62.669378
65,7,51.151552,4.262947,4.094972,0.044468,0.793699,0.487186,0.005941,55.290992,56.208197999999996,55.907626
65,8,50.092091,3.994593,4.206929,0.053912,0.771403,0.498376,0.007085,54.352932,54.858087000000005,54.592145
65,9,48.444817,4.010688,3.990495,0.046568,0.776967,0.502521,0.007355,52.481880000000004,53.232472,52.965381
65,10,50.174498,3.959497,4.115004,0.046019,0.783211,0.518352,0.00718,54.335521,54.917206,54.659527
65,11,49.891628,3.979703,3.998328,0.044233,0.784712,0.495382,0.005895,53.934188999999996,54.656043,54.372608
65,12,48.316278,4.089462,4.234521,0.055096,0.809789,0.528898,0.007065,52.605895,53.215529,52.94170299999999
65,13,52.852498,3.923821,3.983377,0.046756,0.758336,0.506409,0.006508,56.882630999999996,57.534654999999994,57.28923599999999
65,14,54.368379,4.41652,4.49465,0.06029,0.798867,0.578838,0.008216,58.923319,59.583766,59.37195299999999
66,0,54.0276,4.053362,3.977422,0.045488,0.776773,0.481359,0.00499,58.050509999999996,58.857735,58.567311
66,1,48.066197,3.846945,3.86428,0.066394,0.758679,0.468738,0.006949,51.996871000000006,52.671821,52.388829
66,2,46.953851,3.956329,3.917441,0.04486,0.76194,0.472397,0.006416,50.916152,51.67212,51.388993
66,3,45.530888,3.864531,3.866479,0.042393,0.759802,0.459756,0.005095,49.43975999999999,50.155221,49.86026999999999
66,4,48.681542,3.858082,4.00547,0.046877,0.774377,0.487494,0.006582,52.733889000000005,53.314001000000005,53.0337
66,5,47.98115,3.866693,3.858969,0.043449,0.784997,0.463857,0.006424,51.883568000000004,52.632839999999995,52.318124
66,6,44.857396,3.881482,3.894252,0.043167,0.758237,0.456477,0.00589,48.794815,49.497115,49.201245
66,7,49.298917,3.877733,3.962213,0.045024,0.762787,0.470074,0.006508,53.306154,53.939437000000005,53.653231999999996
66,8,47.34542,3.895928,3.885262,0.043823,0.756614,0.462584,0.005842,51.274505,51.997961999999994,51.709773999999996
66,9,44.546968,3.880022,3.882419,0.046178,0.765755,0.471777,0.005346,48.475564999999996,49.192744999999995,48.904113
67,0,48.177776,4.008432,3.951456,0.042161,0.76999,0.49455,0.006139,52.171393,52.956198,52.686896999999995
67,1,47.551898,3.87742,3.844082,0.043453,0.761219,0.466287,0.006215,51.439433,52.190537,51.90182
67,2,46.198069,3.825619,3.896884,0.043652,0.760587,0.478156,0.006004,50.138605,50.784275,50.507847999999996
67,3,46.885371,3.886007,3.935253,0.04943,0.763379,0.490179,0.005639,50.870054,51.534757,51.267196
67,4,45.125378,3.961727,3.831145,0.043627,0.761091,0.466293,0.00563,49.00015,49.848196,49.559028
67,5,46.775788,3.860192,3.856589,0.046007,0.760202,0.468425,0.006124,50.678384,51.396181999999996,51.110529
67,6,47.221729,3.891933,3.879607,0.044216,0.762604,0.474827,0.007036,51.145552,51.87626600000001,51.595525
67,7,44.643368,3.852081,3.87041,0.045528,0.75909,0.469377,0.006653,48.559306,49.254539,48.971479
67,8,46.772933,3.850198,3.957422,0.04471,0.762514,0.478163,0.006548,50.775065000000005,51.385645000000004,51.107842000000005
67,9,44.516417,3.894709,3.894165,0.043416,0.763086,0.461724,0.006377,48.453998,49.174212,48.87922699999999
68,0,49.629433,3.911539,3.990928,0.050263,0.789968,0.514384,0.00777,53.670624,54.33094,54.063126
68,1,46.321262,3.936823,3.948751,0.043632,0.787092,0.469604,0.006151,50.313645,51.045176999999995,50.733839999999994
68,2,46.246746,3.859485,3.86378,0.044388,0.763024,0.47329,0.006406,50.154914,50.869255,50.585927
68,3,48.120014,3.960559,3.925276,0.052372,0.784505,0.493378,0.006378,52.09766199999999,52.865078000000004,52.580329
68,4,48.511422,4.010655,3.912005,0.044319,0.757003,0.47341,0.006233,52.467746000000005,53.27908,53.001720000000006
68,5,45.845417,3.786651,3.838831,0.041655,0.761342,0.466624,0.0064,49.725902999999995,50.393409999999996,50.105092
68,6,46.101636,3.861919,3.898538,0.046379,0.756394,0.464814,0.006388,50.046553,50.719949,50.434757
68,7,48.038484,4.017795,3.90136,0.04301,0.765176,0.475156,0.006358,51.982853999999996,52.82145499999999,52.53779299999999
68,8,47.174821,4.027821,3.930795,0.043851,0.780549,0.478176,0.00635,51.149466999999994,51.983191000000005,51.687168
68,9,49.13132,3.972329,3.926096,0.044051,0.780736,0.47732,0.00598,53.10146700000001,53.884385,53.586949000000004
68,10,48.174459,3.852952,3.85133,0.042764,0.76004,0.46386,0.00749,52.068552999999994,52.787451000000004,52.498760999999995
68,11,47.405737,3.909664,3.947331,0.046377,0.758296,0.49045,0.007432,51.399445,52.073697,51.813283000000006
68,12,51.928418,3.971921,3.943802,0.046569,0.797576,0.50971,0.006353,55.918789,56.697915,56.416402
68,13,50.205508,4.054734,3.971155,0.049224,0.765675,0.481119,0.006027,54.22588700000001,55.02591700000001,54.74738800000001
68,14,46.856508,3.984858,3.956417,0.045267,0.758343,0.484666,0.006036,50.858192,51.599709000000004,51.332068
69,0,50.132936,3.946466,3.98509,0.043863,0.776345,0.484745,0.006099,54.161889,54.855747,54.570246
69,1,46.418167,3.822892,3.98016,0.0434,0.771481,0.458199,0.004824,50.44172699999999,51.01254,50.704082
69,2,46.503361,3.854556,3.927442,0.04868,0.768303,0.475239,0.005445,50.479482999999995,51.12622,50.838601000000004
69,3,48.275296,4.062655,3.899497,0.044507,0.75443,0.469641,0.006822,52.2193,53.092380999999996,52.814414
69,4,47.736407,3.825392,3.87048,0.047745,0.780517,0.476557,0.00618,51.654632,52.342316000000004,52.044536
69,5,44.698909,3.91165,3.949974,0.044872,0.758461,0.472363,0.00668,48.693754999999996,49.36902,49.089602000000006
69,6,46.728979,3.903202,3.864136,0.044108,0.761726,0.477359,0.006628,50.637223000000006,51.393907000000006,51.116168
69,7,46.512931,3.849757,3.869113,0.048645,0.767117,0.513257,0.006222,50.430689,51.129805,50.882167
69,8,48.000855,3.872843,3.924548,0.044233,0.761545,0.495,0.006258,51.969636,52.635243,52.374956000000005
70,0,50.021321,3.912848,4.002641,0.055133,0.780583,0.485849,0.00676,54.079094999999995,54.714752,54.426778
70,1,48.127008,3.917346,3.934965,0.045143,0.76461,0.490445,0.007718,52.107116,52.808963999999996,52.542517
70,2,48.504761,3.886524,3.884922,0.043309,0.764782,0.481028,0.007073,52.432992000000006,53.156067,52.879386000000004
70,3,47.279645,3.950925,3.915602,0.045226,0.758255,0.470639,0.00629,51.240473,51.988825,51.707499
70,4,45.761236,3.834797,3.842281,0.043807,0.760605,0.470143,0.00648,49.647324,50.356638,50.072656
70,5,45.066342,3.922212,3.972025,0.044248,0.771852,0.460188,0.005819,49.082615000000004,49.760406,49.454561000000005
70,6,48.200416,3.965164,3.923112,0.04405,0.762628,0.480037,0.007457,52.167578,52.928208,52.653074000000004
70,7,47.294186,3.88343,3.889296,0.043984,0.759913,0.463899,0.006027,51.22746600000001,51.937529,51.647542
70,8,47.184521,3.846971,3.93579,0.045517,0.763876,0.486702,0.006535,51.16582799999999,51.795368,51.524729
70,9,44.174539,3.951807,3.906043,0.043511,0.756612,0.469631,0.005877,48.124093,48.882958,48.601854
70,10,47.331457,3.84745,3.86265,0.043881,0.744204,0.461095,0.006098,51.237988,51.923111000000006,51.646100000000004
70,11,46.648655,3.828304,3.843712,0.047156,0.758395,0.472132,0.005683,50.539523,51.235354,50.954774
70,12,44.787394,3.79974,3.8964,0.044773,0.761976,0.485405,0.006989,48.728567,49.349109999999996,49.079527999999996
70,13,46.354953,3.879421,3.890623,0.044216,0.76002,0.459615,0.00669,50.289792,50.994394,50.700679
71,0,49.226778,3.951587,4.136963,0.045405,0.759601,0.488362,0.006164,53.40914600000001,53.937966,53.672891
71,1,46.344481,3.988487,3.879825,0.045333,0.761658,0.471361,0.006798,50.269639,51.094626,50.811127000000006
71,2,49.59984,3.906454,4.024708,0.051255,0.771314,0.485569,0.007112,53.675803,54.277607999999994,53.998974999999994
71,3,52.174143,4.016286,3.980638,0.046048,0.77553,0.484987,0.006566,56.200829,56.965959000000005,56.681982
71,4,45.99566,3.87081,4.049896,0.05406,0.776321,0.480091,0.006744,50.099616000000005,50.642791,50.353305
71,5,47.116122,3.976796,3.88657,0.043696,0.763159,0.461751,0.0057,51.04638799999999,51.856077,51.560368999999994
71,6,48.38153,3.865345,3.899906,0.046825,0.762135,0.468673,0.006849,52.328261,53.009009999999996,52.722397
71,7,47.056855,3.886675,3.901077,0.043203,0.760743,0.502645,0.006512,51.001135,51.70427299999999,51.452687
71,8,45.947143,3.87928,3.935245,0.043775,0.764148,0.451251,0.007234,49.926162999999995,50.590571,50.284907999999994
72,0,50.947512,3.967859,3.99851,0.045399,0.776405,0.524217,0.00765,54.99142100000001,55.691776,55.447238
72,1,46.469756,3.94748,3.881979,0.045046,0.755861,0.479313,0.007116,50.396781,51.173097,50.903665
72,2,47.378901,3.893645,3.891725,0.044491,0.784153,0.4796,0.007803,51.315117,52.056699,51.759949
72,3,48.240727,3.935903,3.912026,0.046671,0.776334,0.490365,0.007066,52.199424,52.952964,52.674061
72,4,48.028956,3.974311,4.039741,0.046229,0.781459,0.484549,0.006021,52.114926,52.784726,52.493837
72,5,45.146048,3.979846,4.054725,0.045005,0.792965,0.463069,0.006245,49.245778,49.918859000000005,49.595208
72,6,49.53008,4.200281,4.187171,0.046441,0.794139,0.490996,0.005667,53.763692,54.5245,54.22702400000001
72,7,51.266532,4.191172,4.084641,0.043819,0.779855,0.516556,0.007275,55.394991999999995,56.237559,55.981535
72,8,49.592072,3.944298,3.950594,0.044876,0.773845,0.476121,0.007314,53.587542000000006,54.31021500000001,54.019805000000005
72,9,49.424327,4.038623,4.015196,0.044564,0.766423,0.476784,0.006603,53.484087,54.229373,53.946337
73,0,50.481883,4.076176,4.152515,0.046218,0.79317,0.503852,0.006202,54.68061600000001,55.351229000000004,55.068113000000004
73,1,46.810314,3.92404,3.922332,0.045359,0.776567,0.4803,0.00715,50.77800499999999,51.510920999999996,51.221804
73,2,47.240699,3.913005,3.917051,0.042179,0.757749,0.466182,0.005797,51.199929,51.911452999999995,51.625683
73,3,47.922557,3.880715,3.935242,0.04693,0.75855,0.49328,0.006606,51.904729,52.561822,52.303157999999996
73,4,46.025951,3.97624,3.976207,0.045117,0.772267,0.477934,0.005956,50.047275,50.774457999999996,50.48608099999999
73,5,49.999029,3.936096,4.030884,0.044657,0.776464,0.478648,0.007047,54.07457,54.711589,54.42082
73,6,47.218015,3.91467,3.893222,0.045675,0.759894,0.465185,0.006599,51.156912000000005,51.892579000000005,51.604469
73,7,44.945958,3.941216,3.894925,0.048298,0.755042,0.46178,0.005575,48.889181,49.642216,49.35452899999999
73,8,48.075507,3.881958,4.037935,0.047296,0.768904,0.5013,0.006696,52.160738,52.726369,52.465461
73,9,48.661965,3.899256,3.916931,0.04518,0.760815,0.471498,0.006758,52.624076,53.322036000000004,53.039477
73,10,45.482753,3.866291,3.915528,0.044916,0.761659,0.478537,0.006914,49.443197000000005,50.110703,49.834495000000004
73,11,47.034428,4.011483,3.916722,0.044207,0.756128,0.484848,0.006896,50.995357,51.80203899999999,51.537654999999994
73,12,45.853894,3.881819,3.875675,0.04359,0.754742,0.464607,0.006923,49.773159,50.490455,50.207243
74,0,48.113709,3.878818,4.020098,0.046927,0.787396,0.542606,0.006012,52.180733999999994,52.779923000000004,52.541145
74,1,51.770617,4.027094,4.050003,0.043981,0.793817,0.480675,0.006986,55.86460100000001,56.591528,56.285371999999995
74,2,46.316941,3.873088,3.904596,0.048642,0.757967,0.477225,0.006181,50.270179,50.947996,50.673435
74,3,46.288822,3.983469,3.995123,0.044786,0.779725,0.484947,0.006744,50.328731000000005,51.052016,50.763982
74,4,46.949666,3.957045,4.055703,0.052488,0.787651,0.492324,0.006746,51.057857,51.694362,51.405781
74,5,50.467728,4.011188,3.948764,0.042817,0.776073,0.485359,0.0067,54.459309,55.254988999999995,54.970975
74,6,49.232355,3.931886,3.890686,0.044644,0.761674,0.493685,0.007169,53.167685,53.925914999999996,53.665094999999994
74,7,47.16618,3.878562,3.99635,0.045282,0.763286,0.495258,0.006984,51.207812,51.808028,51.546984
74,8,48.146173,3.97661,3.948868,0.044371,0.753756,0.481177,0.006276,52.13941199999999,52.876539,52.610236
74,9,46.509382,3.860983,3.955681,0.04449,0.765954,0.462148,0.005463,50.509553000000004,51.136319,50.837976
75,0,47.538387,3.846097,3.90587,0.044151,0.763546,0.502828,0.006687,51.488408,52.14803,51.893999
75,1,49.039641,4.00622,4.155368,0.076997,0.776089,0.502047,0.006972,53.272006000000005,53.82195,53.55488
75,2,48.493214,3.879635,4.063351,0.049483,0.793905,0.517994,0.00713,52.606048,53.166754000000005,52.897973
75,3,47.58192,4.014567,3.940713,0.044733,0.77851,0.513618,0.00633,51.567366,52.37499699999999,52.116434999999996
75,4,50.27392,3.963698,3.949329,0.044411,0.764592,0.476532,0.00612,54.26765999999999,55.00221,54.72027
75,5,46.841267,3.938466,3.894304,0.043009,0.759047,0.460354,0.006171,50.77858,51.53878,51.246258000000005
75,6,45.252501,3.834403,3.942252,0.043901,0.761509,0.464461,0.006378,49.238654000000004,49.848413,49.557743
75,7,46.853537,3.856511,3.936397,0.043442,0.769107,0.494754,0.006774,50.833376,51.479155,51.211576
75,8,47.61575,4.046008,3.963509,0.044924,0.762088,0.490886,0.006385,51.624183,52.423846,52.159029000000004
75,9,46.016873,3.804158,3.926262,0.042158,0.754551,0.489453,0.005574,49.985293,50.575582,50.316058
75,10,48.448568,3.993253,3.954481,0.043797,0.765018,0.459323,0.00591,52.446846,53.206839,52.907054
75,11,47.703572,3.899518,3.932373,0.044251,0.760135,0.467183,0.005212,51.680196,52.363225,52.075485
76,0,47.701121,4.022654,3.998867,0.047313,0.777637,0.506636,0.00584,51.747301,52.501412,52.236251
76,1,47.474731,3.870859,3.855571,0.048497,0.765094,0.468894,0.006057,51.378798999999994,52.110684,51.820541
76,2,46.963419,3.833643,3.881399,0.044349,0.759184,0.46945,0.006262,50.889167,51.556246,51.272774000000005
76,3,45.506792,3.850347,3.872011,0.044488,0.765189,0.499686,0.006437,49.423291,50.122327999999996,49.86326199999999
76,4,47.493641,3.936863,3.885273,0.046597,0.77047,0.479836,0.006352,51.42551099999999,52.200974,51.916692
76,5,47.95272,3.887258,3.898772,0.043647,0.759548,0.46925,0.006351,51.895139,52.599526000000004,52.31557900000001
76,6,46.360444,3.85996,3.862643,0.044191,0.750551,0.467871,0.00603,50.267278,50.970955000000004,50.69430500000001
76,7,49.060697,3.979354,3.956942,0.046583,0.776679,0.504491,0.007121,53.064221999999994,53.81673,53.551663
76,8,47.419108,3.890424,3.960272,0.051135,0.768844,0.489237,0.007728,51.430515,52.078376000000006,51.80649700000001
76,9,46.55849,3.847564,3.89964,0.059732,0.774721,0.493299,0.005946,50.517861999999994,51.180775,50.905299
76,10,48.67843,3.90175,3.919922,0.043116,0.760055,0.472527,0.006446,52.641467999999996,53.340235,53.059152999999995
76,11,48.30891,3.979886,3.900749,0.044715,0.780822,0.507985,0.007567,52.25437399999999,53.069618,52.804348
76,12,45.066024,3.81345,3.928372,0.044758,0.757834,0.4645,0.005947,49.039154,49.637308000000004,49.349921
76,13,45.904519,3.912858,3.88271,0.045018,0.761539,0.470268,0.006877,49.832247,50.578916,50.294522
76,14,46.232315,3.843138,3.872045,0.043193,0.761463,0.447519,0.005747,50.147553,50.836916,50.528719
77,0,49.755366,3.98846,3.953649,0.045073,0.760709,0.482911,0.006866,53.754088,54.504535,54.233603
77,1,47.635705,3.842844,3.937083,0.042907,0.761852,0.469799,0.0076,51.615695,52.240401,51.955948
77,2,48.814627,4.072573,4.014843,0.043791,0.78478,0.588102,0.006838,52.873261,53.67198,53.48214
77,3,45.511758,4.054179,4.054086,0.045445,0.76715,0.478412,0.00558,49.611289,50.333087,50.049929
77,4,48.386568,3.882902,3.912733,0.043763,0.761523,0.467583,0.006316,52.343064,53.030992999999995,52.743368999999994
77,5,49.047746,3.968077,4.004612,0.049066,0.76266,0.486044,0.007092,53.101424,53.778482999999994,53.508959
77,6,47.872882,3.91655,3.941337,0.044585,0.763401,0.473144,0.007267,51.85880399999999,52.552833,52.269842999999995
77,7,45.753884,3.873609,3.864017,0.045316,0.77445,0.481805,0.005805,49.663216999999996,50.401943,50.115103000000005
77,8,44.441965,3.824927,3.969549,0.048408,0.774281,0.523584,0.006266,48.459922000000006,49.04117300000001,48.796742
77,9,47.013598,3.932734,3.903968,0.044656,0.756736,0.505549,0.006347,50.962222000000004,51.703067999999995,51.458228
77,10,44.488244,3.845567,3.966739,0.045965,0.765,0.46891,0.005519,48.500948,49.098811000000005,48.808240000000005
77,11,46.106608,3.913114,3.949423,0.044824,0.760962,0.476231,0.006548,50.100855,50.780684,50.502501
77,12,47.727325,3.954289,3.880884,0.044316,0.756033,0.461043,0.005652,51.652525000000004,52.437647000000005,52.148309
77,13,47.107967,3.88144,3.899972,0.04445,0.75569,0.472736,0.006962,51.052389,51.745097,51.469105
78,0,47.422833,3.886809,3.866342,0.043333,0.761966,0.472732,0.006359,51.332508,52.071608,51.788733
78,1,47.72444,3.924393,4.008775,0.045007,0.775051,0.476491,0.006393,51.778222,52.423884,52.13171700000001
78,2,46.008177,3.861457,3.883865,0.043501,0.760435,0.461933,0.006077,49.935543,50.630069000000006,50.337644000000004
78,3,46.496002,3.909238,3.899174,0.042066,0.753879,0.474591,0.00616,50.437242,51.159119,50.885991
78,4,45.480092,3.867831,3.914372,0.044217,0.757355,0.465042,0.005649,49.438681,50.105278,49.818614
78,5,45.401215,3.931138,3.890767,0.043174,0.760531,0.485319,0.005972,49.335156,50.092884,49.823643999999994
78,6,46.464153,3.912853,3.905646,0.045475,0.761447,0.468596,0.005657,50.415274000000004,51.138453,50.851259
78,7,46.393522,3.923072,3.894802,0.043213,0.765982,0.515494,0.005735,50.331537,51.082575999999996,50.83782299999999
78,8,46.229854,3.896839,3.872953,0.046918,0.762265,0.459014,0.005876,50.149725000000004,50.888958,50.59158300000001
78,9,48.25009,3.885819,3.910605,0.044409,0.761499,0.467953,0.004888,52.205104,52.897408,52.60875
78,10,46.487843,3.894075,3.94342,0.047042,0.757068,0.481345,0.0064,50.478305,51.138985999999996,50.869662999999996
78,11,45.967812,3.982447,3.936932,0.04395,0.757182,0.465434,0.006196,49.948694,50.707441,50.42188900000001
78,12,49.890324,3.982854,3.989638,0.045095,0.783563,0.541421,0.008355,53.925057,54.656741000000004,54.422954000000004
78,13,48.968689,3.957994,3.910414,0.045917,0.77511,0.485144,0.005491,52.92502,53.701792999999995,53.417317999999995
79,0,47.917117,3.955177,3.944484,0.042877,0.807876,0.578632,0.007827,51.904478,52.68017,52.458752999999994
79,1,46.862746,4.075724,3.909531,0.04558,0.767637,0.494679,0.006853,50.817857000000004,51.706107,51.440002
79,2,48.347882,4.053604,4.132765,0.046453,0.785032,0.493966,0.006019,52.5271,53.186518,52.901471
79,3,44.871622,3.83534,3.896915,0.043672,0.762487,0.4639,0.006437,48.812209,49.469449000000004,49.177299000000005
79,4,48.40165,3.878382,3.881509,0.043364,0.765701,0.464673,0.006407,52.326522999999995,53.045733,52.751112
79,5,47.989865,3.976242,3.980694,0.042759,0.774849,0.471619,0.004953,52.013318,52.740956000000004,52.442679
79,6,45.717224,3.944566,3.956205,0.044497,0.781095,0.466812,0.007071,49.717926,50.442885000000004,50.135673000000004
79,7,48.938084,3.911326,3.974765,0.044889,0.769736,0.472042,0.006453,52.957738,53.61914600000001,53.32790500000001
79,8,48.240103,3.950819,4.091187,0.048012,0.790601,0.491801,0.006545,52.379301999999996,52.981523,52.689268000000006
79,9,47.706892,3.987342,3.957924,0.04731,0.781777,0.478106,0.006089,51.712126000000005,52.476011,52.178429
79,10,48.340151,3.910684,4.032943,0.050026,0.771712,0.479531,0.006949,52.423120000000004,53.022546999999996,52.737314999999995
79,11,47.955208,4.012672,3.88014,0.044804,0.762053,0.473156,0.006732,51.880151999999995,52.729933,52.447768
79,12,44.3097,3.85858,3.909892,0.044614,0.754421,0.451911,0.00636,48.264206,48.922700999999996,48.626551
80,0,50.808829,4.077802,4.118239,0.045445,0.783142,0.481414,0.006749,54.972513000000006,55.669773,55.374794
80,1,48.510266,3.810993,3.857538,0.042944,0.76132,0.479504,0.006572,52.410748,53.082578999999996,52.807334999999995
80,2,45.812293,3.873208,3.96721,0.044406,0.760907,0.475842,0.006484,49.823909,50.446408,50.167826999999996
80,3,46.098145,3.893014,3.894947,0.043921,0.759362,0.463713,0.005225,50.037013,50.750521000000006,50.460097000000005
80,4,48.566724,3.965508,3.940412,0.04515,0.772504,0.487867,0.00518,52.552286,53.304736,53.025279000000005
80,5,49.107494,4.090979,3.934918,0.043455,0.780366,0.469133,0.005841,53.08586700000001,53.978839,53.673446999999996
80,6,48.54771,3.872103,3.967553,0.05367,0.801095,0.494531,0.007171,52.568933,53.220908,52.92151500000001
80,7,46.303443,3.839224,3.948209,0.043072,0.780181,0.465939,0.005801,50.294724,50.922848,50.614407
80,8,48.407203,4.133046,3.965409,0.044045,0.774068,0.474487,0.006348,52.416657,53.314317,53.02108400000001
80,9,47.579316,3.851073,3.955748,0.044619,0.761328,0.475659,0.006601,51.579682999999996,52.191717,51.912649
81,0,48.701295,3.998787,3.989741,0.044991,0.768488,0.486685,0.005841,52.73602700000001,53.46857,53.192608
81,1,47.959417,3.902772,3.924836,0.043399,0.77839,0.47007,0.007068,51.927652,52.640579,52.339327
81,2,48.698145,4.027794,3.922784,0.043337,0.760609,0.487489,0.006252,52.664266,53.486548,53.21968
81,3,46.768763,3.872696,3.890189,0.045984,0.758906,0.477017,0.006086,50.704936,51.400365,51.124562000000005
81,4,48.160007,4.046992,3.91364,0.044442,0.766294,0.475831,0.005751,52.118089,52.973293000000005,52.688581
81,5,47.633632,3.865284,3.905774,0.043078,0.758845,0.467806,0.00755,51.582484,52.257761,51.974272000000006
81,6,46.865373,3.927968,3.975632,0.047065,0.762578,0.470546,0.005678,50.88807,51.555918999999996,51.269565
81,7,48.758789,4.00798,3.943838,0.045899,0.773684,0.469459,0.00632,52.748526,53.540453,53.242548
81,8,47.593739,3.977451,4.039928,0.046953,0.78593,0.489763,0.006787,51.680620000000005,52.35712,52.06774000000001
81,9,45.036972,4.004969,3.992984,0.045268,0.771578,0.499523,0.006809,49.075224,49.813519,49.548273
82,0,48.372282,4.074236,4.034351,0.044637,0.793478,0.489906,0.005645,52.45127,53.239996,52.942069
82,1,49.95192,4.201614,4.06112,0.044077,0.791251,0.479474,0.006689,54.057117000000005,54.944785,54.639697000000005
82,2,55.950206,4.447045,4.275536,0.049587,0.778409,0.502212,0.006297,60.275329000000006,61.17566000000001,60.90576000000001
82,3,51.223732,4.038615,4.01117,0.044862,0.770221,0.500921,0.006629,55.279764,56.032568,55.76989699999999
82,4,46.86217,4.044429,3.968132,0.047614,0.778688,0.477212,0.006236,50.877916,51.685287,51.390047
82,5,47.741563,3.948123,3.97009,0.044557,0.772424,0.47813,0.005587,51.756209999999996,52.46211,52.173403
82,6,46.075991,3.878351,3.915059,0.045553,0.75587,0.463933,0.006164,50.036603,50.710212000000006,50.424439
82,7,47.731439,3.860742,3.89507,0.04496,0.758911,0.463758,0.00654,51.671469,52.351092,52.062479
82,8,45.890209,3.943605,3.944719,0.044252,0.774462,0.472087,0.006528,49.87918,50.608276,50.312429
82,9,45.261911,3.960033,4.096836,0.047453,0.765247,0.465928,0.006435,49.40619999999999,49.987191,49.694307
83,0,49.85326,4.010063,4.045154,0.04257,0.77739,0.478608,0.006411,53.940984,54.640713,54.348342
83,1,47.31614,3.975018,3.947553,0.044322,0.775547,0.524245,0.006013,51.308015,52.066705,51.821416
83,2,49.516982,3.937458,3.884944,0.04357,0.768741,0.465109,0.006837,53.445496,54.223181,53.926385999999994
83,3,47.494505,3.938675,3.975279,0.045399,0.774906,0.481246,0.006836,51.515183,52.208085999999994,51.92126199999999
83,4,45.692774,3.92253,3.890796,0.043983,0.760217,0.470864,0.005477,49.627553,50.375521,50.091645
83,5,47.99864,3.865436,3.895855,0.045117,0.758908,0.471492,0.005275,51.939612,52.622984,52.340843
83,6,46.985777,3.781543,3.932564,0.04471,0.744078,0.457562,0.006592,50.963051,51.511398,51.231474
83,7,45.567855,3.850851,3.852508,0.050297,0.760007,0.520157,0.007395,49.47066,50.178713,49.946258
83,8,47.738357,3.843031,4.068949,0.058857,0.789175,0.492517,0.006747,51.866163,52.370563000000004,52.080652
83,9,46.378229,3.945784,4.043856,0.047144,0.776809,0.48931,0.005431,50.469229,51.100822,50.818754000000006
84,0,48.959118,4.042885,4.053558,0.055816,0.792779,0.510715,0.006627,53.068492,53.794782,53.519344999999994
84,1,49.559335,4.003117,4.021419,0.043538,0.778303,0.487418,0.005996,53.624292,54.340754999999994,54.055865999999995
84,2,48.479707,3.91614,3.962898,0.04415,0.774729,0.471954,0.006395,52.486755,53.170576,52.87419599999999
84,3,46.278122,3.897078,3.930191,0.045111,0.775013,0.472325,0.00614,50.253424,50.950213000000005,50.653665000000004
84,4,44.947472,3.929092,3.885394,0.045182,0.758075,0.463831,0.00603,48.87804799999999,49.63463899999999,49.346424999999996
84,5,45.717866,3.855411,3.912515,0.044164,0.761996,0.47327,0.007129,49.674545,50.33527300000001,50.053676
84,6,48.78774,3.889444,3.921109,0.067313,0.774105,0.484145,0.007047,52.776162,53.451288999999996,53.168375999999995
84,7,47.677419,3.907304,3.905672,0.045484,0.752941,0.511196,0.006428,51.628575000000005,52.337664,52.102346999999995
84,8,43.28409,3.887526,3.864379,0.049957,0.762048,0.452015,0.006704,47.198426,47.933664,47.630335
85,0,51.167663,3.900535,3.924579,0.045101,0.762366,0.48161,0.006708,55.137343,55.830563999999995,55.556516
85,1,48.059297,3.870076,3.907652,0.042566,0.758449,0.465843,0.004479,52.009515,52.687822,52.399695
85,2,45.313296,3.792116,3.842053,0.045922,0.759824,0.486552,0.005891,49.201271,49.865236,49.597855
85,3,47.504414,3.813899,3.77925,0.041098,0.75918,0.483771,0.006121,51.32476199999999,52.077493,51.808204999999994
85,4,46.862118,3.819193,3.839365,0.044025,0.746399,0.458575,0.005728,50.745508,51.42771,51.145614
85,5,44.564435,3.834562,3.814634,0.042642,0.751644,0.479228,0.006752,48.421711,49.150641,48.884977
85,6,46.927561,3.845812,3.847544,0.044364,0.743801,0.465294,0.006289,50.819469,51.517174,51.244956
85,7,47.06128,3.80519,3.916206,0.042458,0.750899,0.470124,0.006633,51.019944,51.617369,51.343227
85,8,43.590252,3.864611,3.85586,0.045258,0.764157,0.486063,0.00673,47.491369999999996,48.21902,47.947656
86,0,51.149428,3.947149,3.954369,0.044686,0.775893,0.487078,0.005734,55.148483,55.87247000000001,55.589389
86,1,47.641353,3.869942,3.846303,0.044463,0.761955,0.469789,0.006297,51.532119,52.273250000000004,51.987381000000006
86,2,45.567346,3.881856,3.896487,0.043922,0.757876,0.465597,0.006187,49.507755,50.207078,49.920986
86,3,47.668846,3.88113,3.857256,0.049029,0.766882,0.470089,0.00561,51.575131,52.316858,52.025675
86,4,47.389294,3.844192,3.906571,0.044378,0.760331,0.488327,0.006143,51.340243,51.993817,51.727956
86,5,46.082383,3.961312,3.865952,0.042272,0.758332,0.473845,0.006794,49.990607,50.802027,50.524333999999996
86,6,47.500291,3.854137,3.917459,0.044807,0.762197,0.468102,0.00571,51.462557,52.116625,51.82824
86,7,46.878357,3.904481,3.821471,0.044849,0.76042,0.490765,0.006397,50.744677,51.543258,51.28
86,8,44.548821,3.753009,3.934496,0.044556,0.746807,0.462384,0.005967,48.527873,49.04863699999999,48.770180999999994
86,9,49.799486,3.869457,3.919742,0.043568,0.747143,0.467943,0.005801,53.762796,54.416086,54.142686999999995
86,10,48.226883,3.843146,3.907372,0.042714,0.762252,0.460006,0.006576,52.176969,52.832280999999995,52.536611
87,0,47.584234,3.91985,3.923758,0.044472,0.781256,0.513893,0.007211,51.552464,52.28534,52.025188
87,1,47.330946,3.815538,3.856506,0.044453,0.746855,0.464953,0.006727,51.231905,51.893339,51.618164
87,2,46.041177,3.856338,3.801424,0.043162,0.762776,0.473543,0.005623,49.885763,50.660291,50.376681
87,3,46.332781,3.931519,3.901627,0.04338,0.755433,0.46442,0.005655,50.277787999999994,51.019733,50.73437499999999
87,4,46.849439,3.881878,3.897094,0.04562,0.76213,0.472158,0.006359,50.792153,51.493446999999996,51.209834
87,5,46.645312,3.896093,3.874666,0.046474,0.759718,0.500117,0.005766,50.566452,51.301123,51.047288
87,6,45.088842,3.834214,3.856518,0.043256,0.75911,0.474446,0.005611,48.988616,49.682166,49.403113000000005
87,7,47.877475,3.844203,3.906547,0.042691,0.751634,0.468193,0.005831,51.826713,52.473312,52.195702
87,8,47.34128,3.919685,3.880791,0.042315,0.756148,0.472477,0.005733,51.264386,52.017113,51.739174999999996
87,9,44.755286,3.926732,3.887462,0.044427,0.754445,0.453331,0.005076,48.687174999999996,49.436462999999996,49.140425
88,0,48.4679,3.849076,3.885264,0.044498,0.765406,0.471128,0.006391,52.397662,53.082381999999996,52.794495
88,1,46.832003,3.790009,3.820875,0.043298,0.747751,0.470682,0.006698,50.696176,51.369763,51.099391999999995
88,2,44.476223,3.801982,3.822792,0.043684,0.744124,0.458967,0.006396,48.342698999999996,49.022329,48.743568
88,3,47.347899,3.759012,3.801994,0.042299,0.745013,0.481842,0.006402,51.192192,51.851924,51.595155
88,4,47.064369,3.810921,3.825032,0.043416,0.751157,0.466393,0.005474,50.932817,51.626447,51.347156999999996
88,5,45.186684,3.788235,3.818663,0.044209,0.746566,0.467628,0.006239,49.049556,49.721485,49.448786
88,6,45.121907,3.791681,3.759303,0.043349,0.756422,0.497818,0.006155,48.924559,49.67001,49.417561
88,7,45.771147,3.781152,3.814974,0.043142,0.752077,0.465628,0.006231,49.629263,50.304376,50.024158
88,8,44.924866,3.880773,3.831733,0.044486,0.747092,0.46821,0.006325,48.801085,49.552731,49.280173999999995
89,0,46.988755,3.908081,3.854209,0.043752,0.758921,0.481773,0.006697,50.88671599999999,51.655757,51.385306
89,1,47.09714,3.875225,3.789913,0.043222,0.746827,0.454804,0.005084,50.930275,51.71919200000001,51.432253
89,2,47.289148,3.924134,3.989856,0.042938,0.756827,0.496097,0.006577,51.321942,51.970109,51.715956
89,3,45.353108,3.82323,3.781357,0.043499,0.745006,0.455396,0.006604,49.177963999999996,49.921344,49.638338000000005
89,4,45.352176,3.947325,3.894494,0.047499,0.753062,0.492216,0.007045,49.294169000000004,50.052563,49.798761999999996
89,5,45.366133,3.910746,3.856804,0.043641,0.747465,0.480317,0.006265,49.266577999999996,50.024344,49.763461
89,6,48.097982,4.043432,4.066635,0.045747,0.770349,0.523113,0.006544,52.210364,52.91176300000001,52.671071000000005
89,7,48.190236,4.156757,4.063498,0.048122,0.793771,0.497813,0.006521,52.301856,53.140764,52.851327
89,8,50.111107,4.002085,3.981503,0.04336,0.779338,0.534831,0.007464,54.13596999999999,54.89253,54.655486999999994
89,9,51.364687,4.03593,4.073475,0.050443,0.79305,0.491233,0.005837,55.48860500000001,56.193667000000005,55.897687000000005
89,10,49.309408,4.090431,4.117011,0.047237,0.794969,0.4898,0.006684,53.473656,54.194808,53.896323
90,0,52.112851,4.04237,4.073154,0.043893,0.794637,0.49603,0.005956,56.229898,56.949858,56.65720699999999
90,1,49.860359,4.152872,4.05991,0.045543,0.79225,0.491148,0.006538,53.96581200000001,54.80548100000001,54.510917000000006
90,2,47.804249,4.04742,4.024433,0.045063,0.779558,0.487535,0.007039,51.873745,52.631227,52.346243
90,3,47.766122,3.882476,3.91541,0.043221,0.760699,0.481577,0.006379,51.72475300000001,52.409297,52.136554000000004
90,4,47.050477,3.841775,3.863721,0.043009,0.760666,0.462198,0.005616,50.957207,51.652918,51.360066
90,5,46.685912,3.856316,3.895276,0.051863,0.766098,0.473511,0.006996,50.633051,51.308326,51.022735000000004
90,6,46.763252,3.86524,3.874553,0.047344,0.755353,0.472509,0.006154,50.685149,51.383845,51.107155000000006
90,7,46.119639,3.899512,3.893929,0.045582,0.757408,0.46718,0.00667,50.05915,50.776559,50.493001
90,8,44.591984,3.910771,3.965355,0.045485,0.780268,0.49722,0.005769,48.602824,49.28302299999999,49.00574399999999
91,0,60.048119,3.984916,3.941509,0.046113,0.7901,0.486889,0.006416,64.035741,64.823135,64.52634
91,1,49.775775,3.87851,3.970291,0.04647,0.760851,0.483043,0.006814,53.792536000000005,54.415136000000004,54.144142
91,2,47.982713,3.921186,3.975067,0.049007,0.785108,0.500044,0.005908,52.006787,52.689007,52.409850999999996
91,3,47.635107,3.923377,3.945887,0.04612,0.77021,0.510729,0.006712,51.627114,52.328694,52.075925
91,4,47.989035,3.86627,3.917616,0.047322,0.765021,0.526064,0.007021,51.953973000000005,52.620326,52.38839
91,5,49.640011,3.916539,3.897078,0.044873,0.755619,0.480636,0.006355,53.581962000000004,54.312169000000004,54.043541
91,6,49.843217,3.931503,3.942576,0.048314,0.781646,0.486208,0.006878,53.834107,54.556366000000004,54.267806
91,7,46.238344,3.937631,3.909848,0.045627,0.760489,0.479642,0.006704,50.193819,50.936464,50.662321
91,8,47.982298,3.858863,3.886173,0.046448,0.759609,0.470828,0.006288,51.914919,52.60077,52.318276999999995
92,0,50.67977,3.904692,3.92591,0.044093,0.761567,0.484754,0.006157,54.649772999999996,55.346028999999994,55.075373
92,1,46.716638,3.878923,3.898603,0.043253,0.762347,0.473454,0.005606,50.658494000000005,51.357908,51.074621
92,2,49.355546,3.908605,3.890821,0.043348,0.765112,0.48487,0.007242,53.289715,54.029263,53.756263
92,3,47.77352,3.8859,3.869235,0.044074,0.751854,0.474893,0.006238,51.686829,52.411274,52.140551
92,4,45.924309,3.814828,3.877604,0.05387,0.775061,0.512292,0.005335,49.855783,50.514198,50.256764000000004
92,5,49.021918,3.978774,3.973569,0.043564,0.760352,0.46899,0.007157,53.039051,53.761044,53.476839
92,6,46.621829,3.865466,3.937526,0.042127,0.758993,0.478619,0.006379,50.601482,51.24628799999999,50.972293
92,7,46.31562,3.858219,3.99884,0.045325,0.760232,0.479456,0.006242,50.359785,50.934071,50.659537
92,8,45.518076,3.885219,3.937687,0.047242,0.778095,0.502606,0.007634,49.503004999999995,50.18139,49.913535
93,0,51.584091,3.925551,4.004566,0.042892,0.78226,0.486814,0.006939,55.631549,56.291902,56.003395000000005
93,1,47.438614,3.832707,3.919027,0.04618,0.776927,0.501838,0.007373,51.403821,52.048248,51.780532
93,2,49.653622,3.963314,4.022984,0.049895,0.777011,0.481133,0.005902,53.726501,54.393947,54.103970999999994
93,3,49.398883,3.887896,3.916375,0.043585,0.767885,0.481166,0.005856,53.358843,54.054663999999995,53.773801
93,4,46.54487,3.839198,3.854207,0.044345,0.753442,0.532264,0.006634,50.443422000000005,51.137510000000006,50.922966
93,5,47.568761,4.02471,3.85016,0.050681,0.759767,0.483645,0.005434,51.469602,52.353238,52.082550000000005
93,6,45.867647,3.89266,3.851277,0.045818,0.754233,0.466204,0.005495,49.764742,50.51454,50.232006
93,7,48.489959,3.772143,3.822694,0.043383,0.742794,0.46527,0.004805,52.356035999999996,53.004896,52.73217699999999
93,8,47.189501,4.003087,3.902585,0.043091,0.760933,0.478717,0.005591,51.135177,51.953521,51.676896000000006
93,9,44.122986,3.840082,3.874352,0.043432,0.754689,0.463453,0.006138,48.04077,48.717757,48.432659
94,0,52.049053,4.042027,3.993214,0.043595,0.776172,0.486603,0.005767,56.085862000000006,56.867252,56.58345
94,1,49.750503,3.863673,3.875564,0.042926,0.764249,0.512305,0.006324,53.668993,54.378425,54.132805
94,2,46.657356,3.902454,3.960029,0.044603,0.756842,0.485741,0.006341,50.661988,51.316652,51.051891999999995
94,3,47.993012,3.850147,3.906334,0.045715,0.760549,0.472447,0.006182,51.945061,52.603708,52.321788000000005
94,4,48.443255,3.828807,3.8811,0.043292,0.75987,0.468887,0.005863,52.367647,53.031932,52.746812
94,5,47.33727,3.838196,3.844233,0.051867,0.766252,0.482671,0.006076,51.23337,51.941718,51.664213000000004
94,6,47.745835,3.883796,3.867339,0.048229,0.761666,0.495896,0.006635,51.661403,52.391296999999994,52.132162
94,7,48.268164,3.888832,3.859373,0.043333,0.758211,0.481398,0.006647,52.170869999999994,52.915207,52.645041
94,8,45.797347,4.041911,3.909846,0.043448,0.765733,0.480323,0.006051,49.750641,50.604991,50.325632
94,9,49.176691,4.067192,4.064243,0.045768,0.783359,0.499789,0.006408,53.286702,54.027241999999994,53.75008
94,10,50.486286,4.120391,4.04837,0.045365,0.795527,0.489051,0.006724,54.580020999999995,55.402204,55.102452
94,11,46.570167,4.01785,3.935933,0.047293,0.757794,0.475467,0.006814,50.553393,51.345811,51.070298
95,0,49.049936,3.882803,3.948492,0.044448,0.760446,0.473565,0.006125,53.04287600000001,53.69318500000001,53.412429
95,1,47.107466,3.835606,3.885393,0.044683,0.746605,0.458551,0.006693,51.037542,51.689677,51.408316
95,2,46.748672,3.872275,3.919848,0.04465,0.762042,0.473524,0.006099,50.71317,51.382989,51.10057
95,3,48.409201,3.865357,3.85161,0.040772,0.76031,0.489941,0.006327,52.301583,53.034868,52.77082600000001
95,4,48.205937,3.873403,3.882191,0.044276,0.762711,0.481667,0.006084,52.132404,52.842051000000005,52.567091000000005
95,5,46.983985,3.923203,3.93022,0.043095,0.763105,0.474167,0.005228,50.9573,51.670293,51.386583
95,6,48.602966,3.862872,3.890456,0.044305,0.755369,0.479895,0.006554,52.537727000000004,53.22120700000001,52.952287000000005
95,7,47.476662,3.845833,3.913822,0.046596,0.763612,0.485478,0.005843,51.43708,52.086107,51.813815999999996
95,8,45.816941,3.82193,3.94383,0.047227,0.769312,0.510677,0.007407,49.807998,50.408183,50.156955
95,9,48.060018,4.018185,3.891212,0.049871,0.772937,0.485613,0.006193,52.001101000000006,52.85114,52.570009000000006
95,10,47.689651,3.878792,3.893955,0.043253,0.760356,0.469609,0.006064,51.626858999999996,52.328799,52.044115999999995
95,11,44.804208,3.892652,3.951634,0.050296,0.783037,0.493488,0.005471,48.806138000000004,49.479897,49.195819
96,0,49.940084,3.951795,4.102736,0.043664,0.781526,0.494779,0.006698,54.086484,54.673404999999995,54.393356
96,1,48.319176,3.900141,3.928828,0.042644,0.760274,0.476084,0.00646,52.290648000000004,52.979591,52.701860999999994
96,2,45.900691,3.877355,3.896256,0.043772,0.763864,0.47695,0.005518,49.840719,50.54191,50.26051400000001
96,3,48.236628,3.836351,3.85081,0.043409,0.762218,0.468503,0.00683,52.130847,52.835197,52.548312
96,4,46.920728,3.76145,3.866866,0.043763,0.743352,0.462025,0.006849,50.831357,51.425529999999995,51.15105199999999
96,5,44.502901,3.844823,3.81022,0.045608,0.755897,0.459242,0.00601,48.358729000000004,49.103621,48.812976000000006
96,6,46.667876,3.874361,3.889079,0.047032,0.739864,0.458589,0.006036,50.603987000000004,51.282101,51.006862000000005
96,7,46.700579,3.784047,3.838862,0.044901,0.752867,0.459375,0.005752,50.584342,51.237493,50.949753
96,8,43.864114,3.792462,3.810865,0.042892,0.744829,0.452895,0.005762,47.717871,48.401405000000004,48.115232999999996
97,0,50.08964,3.899941,3.982918,0.042194,0.762359,0.478192,0.006515,54.114752,54.751940000000005,54.474288
97,1,48.186014,3.851676,3.860771,0.044222,0.756344,0.469814,0.005676,52.091007,52.794033999999996,52.51318
97,2,46.294206,3.822563,3.865018,0.049933,0.764285,0.485438,0.007055,50.209157000000005,50.881054000000006,50.60926200000001
97,3,47.725508,3.82218,3.799429,0.042986,0.763645,0.515137,0.005803,51.56792299999999,52.311333,52.068628000000004
97,4,47.384331,3.833703,3.821151,0.04654,0.744299,0.474404,0.005968,51.252022000000004,51.962333,51.698406000000006
97,5,45.774682,3.839695,3.803488,0.043523,0.745449,0.486498,0.006231,49.621693,50.359826,50.107105999999995
97,6,47.078922,3.841881,3.905718,0.046944,0.766959,0.475501,0.005341,51.031584,51.687762,51.401645
97,7,47.223246,3.888047,3.909491,0.044329,0.760022,0.471347,0.006236,51.177066,51.871315,51.588876000000006
97,8,44.534306,3.881235,3.880481,0.045053,0.739423,0.483528,0.005671,48.45984000000001,49.15496400000001,48.904740000000004
98,0,49.940273,3.8673,3.969057,0.045721,0.761817,0.48806,0.006659,53.955051,54.56939,54.302291999999994
98,1,47.31523,3.836272,3.879299,0.05011,0.754889,0.465808,0.00604,51.244639,51.906391,51.62335
98,2,45.59825,3.874685,3.868563,0.045806,0.759367,0.459828,0.00567,49.512619,50.232302,49.938433
98,3,45.91494,3.783029,3.817534,0.044261,0.745413,0.466811,0.005709,49.776735,50.443382,50.170489
98,4,46.055588,3.843276,3.833093,0.045643,0.749226,0.478599,0.007464,49.934324,50.64809,50.384927000000005
98,5,47.239411,3.871421,3.846681,0.043782,0.759123,0.471262,0.006255,51.129873999999994,51.869955,51.588349
98,6,48.183765,3.831297,3.901269,0.044464,0.759477,0.467034,0.007279,52.129498,52.774539,52.489374999999995
98,7,43.673389,3.801229,3.793367,0.042819,0.740691,0.447696,0.005153,47.509575000000005,48.215309,47.927467
98,8,46.854158,3.83573,3.848653,0.048686,0.738334,0.47622,0.005847,50.75149699999999,51.428222,51.171955
99,0,49.256226,3.887885,3.895451,0.043719,0.759753,0.497382,0.006864,53.195396,53.903864,53.648357
99,1,45.436494,3.83668,3.872762,0.042986,0.758486,0.46603,0.005426,49.352242000000004,50.03166,49.74463000000001
99,2,46.461933,3.823679,3.811866,0.043646,0.744642,0.470523,0.006161,50.317445000000006,51.030254,50.762296
99,3,46.00711,3.78142,3.796757,0.043149,0.736946,0.456408,0.006027,49.847015999999996,50.525476,50.250965
99,4,45.353894,3.795954,3.822048,0.043893,0.752311,0.494241,0.006393,49.219834999999996,49.902159,49.650482000000004
99,5,47.212229,3.835521,3.791923,0.042829,0.746764,0.460661,0.005526,51.046980999999995,51.794514,51.513937000000006
99,6,46.748705,3.792857,3.802868,0.04283,0.742886,0.462942,0.00588,50.59440300000001,51.284448,51.010383999999995
99,7,44.953676,3.824049,3.83497,0.043252,0.738752,0.468405,0.006437,48.831898,49.516477,49.252567
99,8,46.568321,3.809929,3.858742,0.044135,0.744557,0.460228,0.005366,50.471197999999994,51.122806999999995,50.843844
99,9,48.107294,3.874975,3.926402,0.047503,0.752586,0.473348,0.00626,52.081199000000005,52.734855,52.461877
99,10,45.606745,3.920615,3.880578,0.044203,0.754449,0.475548,0.007508,49.531526,50.281808999999996,50.010416
99,11,47.74392,3.874595,3.847131,0.043635,0.760115,0.466826,0.005038,51.634686,52.37863,52.090379
99,12,47.214799,3.993782,3.918195,0.045614,0.759909,0.478259,0.006348,51.178608,51.96849,51.693188000000006
